{
"type": "FeatureCollection",
"name": "detected_marine_debris",
"crs": { "type": "name", "properties": { "name": "urn:ogc:def:crs:OGC:1.3:CRS84" } },
"features": [
{ "type": "Feature", "properties": { "y": 13503272.690868868, "x": -4912792.2659995481, "time": "2024-12-04T18:56:59.024", "id": "S2B_MSIL2A_20241204T185659_R113_T10SFH_20241204T204216", "s2:product_type": "S2MSI2A", "s2:unclassified_percentage": 0.011178, "s2:medium_proba_clouds_percentage": 0.000269, "s2:processing_baseline": "05.11", "s2:snow_ice_percentage": 0.000163, "s2:degraded_msi_data_percentage": 0.0027, "instruments": "msi", "s2:vegetation_percentage": 19.817396, "s2:product_uri": "S2B_MSIL2A_20241204T185659_N0511_R113_T10SFH_20241204T204216.SAFE", "s2:water_percentage": 4.010833, "s2:cloud_shadow_percentage": 0.0, "s2:high_proba_clouds_percentage": 0.0, "s2:datatake_id": "GS2B_20241204T185659_040465_N05.11", "s2:thin_cirrus_percentage": 0.00074, "s2:mean_solar_zenith": 61.909361329797797, "s2:granule_id": "S2B_OPER_MSI_L2A_TL_2BPS_20241204T204216_A040465_T10SFH_N05.11", "platform": "Sentinel-2B", "sat:relative_orbit": 113, "eo:cloud_cover": 0.001009, "s2:reflectance_conversion_factor": 1.02871767058948, "s2:datastrip_id": "S2B_OPER_MSI_L2A_DS_2BPS_20241204T204216_S20241204T185656_N05.11", "constellation": "Sentinel 2", "s2:datatake_type": "INS-NOBS", "s2:nodata_pixel_percentage": 0.0, "proj:code": "EPSG:32610", "s2:mgrs_tile": "10SFH", "s2:mean_solar_azimuth": 166.48490653242499, "s2:not_vegetated_percentage": 74.881774, "s2:generation_time": "2024-12-04T20:42:16.000000Z", "s2:saturated_defective_pixel_percentage": 0.0, "sat:orbit_state": "descending", "proj:bbox": "{600000.0, 4190220.0, 4300020.0, 709800.0}", "epsg": 32630, "spatial_ref": 0, "is_debris": 1.0, "nir_val": 0.094037519416895698, "re2_val": 0.1281372002230898, "swir1_val": 0.04621230693797497, "red_val": 0.065823327615780441, "FDI_val": 0.11934694471195745, "FDI": 0.11934694471195745, "longitude": -121.72638337478124, "latitude": 38.103537446583772, "location": "<a href=\"https://www.google.com/maps?q=38.10353744658377,-121.72638337478124\" target=\"_blank\">click me</a>" }, "geometry": { "type": "Point", "coordinates": [ -121.726383374781236, 38.103537446583772 ] } },
{ "type": "Feature", "properties": { "y": 13503213.079385517, "x": -4913785.9658150803, "time": "2024-12-04T18:56:59.024", "id": "S2B_MSIL2A_20241204T185659_R113_T10SFH_20241204T204216", "s2:product_type": "S2MSI2A", "s2:unclassified_percentage": 0.011178, "s2:medium_proba_clouds_percentage": 0.000269, "s2:processing_baseline": "05.11", "s2:snow_ice_percentage": 0.000163, "s2:degraded_msi_data_percentage": 0.0027, "instruments": "msi", "s2:vegetation_percentage": 19.817396, "s2:product_uri": "S2B_MSIL2A_20241204T185659_N0511_R113_T10SFH_20241204T204216.SAFE", "s2:water_percentage": 4.010833, "s2:cloud_shadow_percentage": 0.0, "s2:high_proba_clouds_percentage": 0.0, "s2:datatake_id": "GS2B_20241204T185659_040465_N05.11", "s2:thin_cirrus_percentage": 0.00074, "s2:mean_solar_zenith": 61.909361329797797, "s2:granule_id": "S2B_OPER_MSI_L2A_TL_2BPS_20241204T204216_A040465_T10SFH_N05.11", "platform": "Sentinel-2B", "sat:relative_orbit": 113, "eo:cloud_cover": 0.001009, "s2:reflectance_conversion_factor": 1.02871767058948, "s2:datastrip_id": "S2B_OPER_MSI_L2A_DS_2BPS_20241204T204216_S20241204T185656_N05.11", "constellation": "Sentinel 2", "s2:datatake_type": "INS-NOBS", "s2:nodata_pixel_percentage": 0.0, "proj:code": "EPSG:32610", "s2:mgrs_tile": "10SFH", "s2:mean_solar_azimuth": 166.48490653242499, "s2:not_vegetated_percentage": 74.881774, "s2:generation_time": "2024-12-04T20:42:16.000000Z", "s2:saturated_defective_pixel_percentage": 0.0, "sat:orbit_state": "descending", "proj:bbox": "{600000.0, 4190220.0, 4300020.0, 709800.0}", "epsg": 32630, "spatial_ref": 0, "is_debris": 1.0, "nir_val": 0.17003226191898677, "re2_val": 0.15741773563859457, "swir1_val": 0.095979406717332669, "red_val": 0.13486277873070326, "FDI_val": 0.1276894915614859, "FDI": 0.1276894915614859, "longitude": -121.72057821915148, "latitude": 38.098939669835268, "location": "<a href=\"https://www.google.com/maps?q=38.09893966983527,-121.72057821915148\" target=\"_blank\">click me</a>" }, "geometry": { "type": "Point", "coordinates": [ -121.720578219151477, 38.098939669835268 ] } },
{ "type": "Feature", "properties": { "y": 13503173.338396614, "x": -4913785.9658150803, "time": "2024-12-04T18:56:59.024", "id": "S2B_MSIL2A_20241204T185659_R113_T10SFH_20241204T204216", "s2:product_type": "S2MSI2A", "s2:unclassified_percentage": 0.011178, "s2:medium_proba_clouds_percentage": 0.000269, "s2:processing_baseline": "05.11", "s2:snow_ice_percentage": 0.000163, "s2:degraded_msi_data_percentage": 0.0027, "instruments": "msi", "s2:vegetation_percentage": 19.817396, "s2:product_uri": "S2B_MSIL2A_20241204T185659_N0511_R113_T10SFH_20241204T204216.SAFE", "s2:water_percentage": 4.010833, "s2:cloud_shadow_percentage": 0.0, "s2:high_proba_clouds_percentage": 0.0, "s2:datatake_id": "GS2B_20241204T185659_040465_N05.11", "s2:thin_cirrus_percentage": 0.00074, "s2:mean_solar_zenith": 61.909361329797797, "s2:granule_id": "S2B_OPER_MSI_L2A_TL_2BPS_20241204T204216_A040465_T10SFH_N05.11", "platform": "Sentinel-2B", "sat:relative_orbit": 113, "eo:cloud_cover": 0.001009, "s2:reflectance_conversion_factor": 1.02871767058948, "s2:datastrip_id": "S2B_OPER_MSI_L2A_DS_2BPS_20241204T204216_S20241204T185656_N05.11", "constellation": "Sentinel 2", "s2:datatake_type": "INS-NOBS", "s2:nodata_pixel_percentage": 0.0, "proj:code": "EPSG:32610", "s2:mgrs_tile": "10SFH", "s2:mean_solar_azimuth": 166.48490653242499, "s2:not_vegetated_percentage": 74.881774, "s2:generation_time": "2024-12-04T20:42:16.000000Z", "s2:saturated_defective_pixel_percentage": 0.0, "sat:orbit_state": "descending", "proj:bbox": "{600000.0, 4190220.0, 4300020.0, 709800.0}", "epsg": 32630, "spatial_ref": 0, "is_debris": 1.0, "nir_val": 0.21591588003345683, "re2_val": 0.16424986056887897, "swir1_val": 0.12319195881343466, "red_val": 0.17409948542024015, "FDI_val": 0.12856812116525132, "FDI": 0.12856812116525132, "longitude": -121.72033249113638, "latitude": 38.099111462562497, "location": "<a href=\"https://www.google.com/maps?q=38.0991114625625,-121.72033249113638\" target=\"_blank\">click me</a>" }, "geometry": { "type": "Point", "coordinates": [ -121.720332491136375, 38.099111462562497 ] } },
{ "type": "Feature", "properties": { "y": 13502934.892463207, "x": -4912832.0139921699, "time": "2024-12-04T18:56:59.024", "id": "S2B_MSIL2A_20241204T185659_R113_T10SFH_20241204T204216", "s2:product_type": "S2MSI2A", "s2:unclassified_percentage": 0.011178, "s2:medium_proba_clouds_percentage": 0.000269, "s2:processing_baseline": "05.11", "s2:snow_ice_percentage": 0.000163, "s2:degraded_msi_data_percentage": 0.0027, "instruments": "msi", "s2:vegetation_percentage": 19.817396, "s2:product_uri": "S2B_MSIL2A_20241204T185659_N0511_R113_T10SFH_20241204T204216.SAFE", "s2:water_percentage": 4.010833, "s2:cloud_shadow_percentage": 0.0, "s2:high_proba_clouds_percentage": 0.0, "s2:datatake_id": "GS2B_20241204T185659_040465_N05.11", "s2:thin_cirrus_percentage": 0.00074, "s2:mean_solar_zenith": 61.909361329797797, "s2:granule_id": "S2B_OPER_MSI_L2A_TL_2BPS_20241204T204216_A040465_T10SFH_N05.11", "platform": "Sentinel-2B", "sat:relative_orbit": 113, "eo:cloud_cover": 0.001009, "s2:reflectance_conversion_factor": 1.02871767058948, "s2:datastrip_id": "S2B_OPER_MSI_L2A_DS_2BPS_20241204T204216_S20241204T185656_N05.11", "constellation": "Sentinel 2", "s2:datatake_type": "INS-NOBS", "s2:nodata_pixel_percentage": 0.0, "proj:code": "EPSG:32610", "s2:mgrs_tile": "10SFH", "s2:mean_solar_azimuth": 166.48490653242499, "s2:not_vegetated_percentage": 74.881774, "s2:generation_time": "2024-12-04T20:42:16.000000Z", "s2:saturated_defective_pixel_percentage": 0.0, "sat:orbit_state": "descending", "proj:bbox": "{600000.0, 4190220.0, 4300020.0, 709800.0}", "epsg": 32630, "spatial_ref": 0, "is_debris": 1.0, "nir_val": 0.079459911578444259, "re2_val": 0.09913552704963749, "swir1_val": 0.033096347143907814, "red_val": 0.039665523156089205, "FDI_val": 0.10401681673318931, "FDI": 0.10401681673318931, "longitude": -121.72407691594567, "latitude": 38.104803678313047, "location": "<a href=\"https://www.google.com/maps?q=38.10480367831305,-121.72407691594567\" target=\"_blank\">click me</a>" }, "geometry": { "type": "Point", "coordinates": [ -121.724076915945673, 38.104803678313047 ] } },
{ "type": "Feature", "properties": { "y": 13502259.295651885, "x": -4919529.550748853, "time": "2024-12-04T18:56:59.024", "id": "S2B_MSIL2A_20241204T185659_R113_T10SFH_20241204T204216", "s2:product_type": "S2MSI2A", "s2:unclassified_percentage": 0.011178, "s2:medium_proba_clouds_percentage": 0.000269, "s2:processing_baseline": "05.11", "s2:snow_ice_percentage": 0.000163, "s2:degraded_msi_data_percentage": 0.0027, "instruments": "msi", "s2:vegetation_percentage": 19.817396, "s2:product_uri": "S2B_MSIL2A_20241204T185659_N0511_R113_T10SFH_20241204T204216.SAFE", "s2:water_percentage": 4.010833, "s2:cloud_shadow_percentage": 0.0, "s2:high_proba_clouds_percentage": 0.0, "s2:datatake_id": "GS2B_20241204T185659_040465_N05.11", "s2:thin_cirrus_percentage": 0.00074, "s2:mean_solar_zenith": 61.909361329797797, "s2:granule_id": "S2B_OPER_MSI_L2A_TL_2BPS_20241204T204216_A040465_T10SFH_N05.11", "platform": "Sentinel-2B", "sat:relative_orbit": 113, "eo:cloud_cover": 0.001009, "s2:reflectance_conversion_factor": 1.02871767058948, "s2:datastrip_id": "S2B_OPER_MSI_L2A_DS_2BPS_20241204T204216_S20241204T185656_N05.11", "constellation": "Sentinel 2", "s2:datatake_type": "INS-NOBS", "s2:nodata_pixel_percentage": 0.0, "proj:code": "EPSG:32610", "s2:mgrs_tile": "10SFH", "s2:mean_solar_azimuth": 166.48490653242499, "s2:not_vegetated_percentage": 74.881774, "s2:generation_time": "2024-12-04T20:42:16.000000Z", "s2:saturated_defective_pixel_percentage": 0.0, "sat:orbit_state": "descending", "proj:bbox": "{600000.0, 4190220.0, 4300020.0, 709800.0}", "epsg": 32630, "spatial_ref": 0, "is_debris": 1.0, "nir_val": 0.14183295495280199, "re2_val": 0.1388733965421082, "swir1_val": 0.042780093160088253, "red_val": 0.032161234991423676, "FDI_val": 0.182943840935747, "FDI": 0.182943840935747, "longitude": -121.68328679254823, "latitude": 38.074998484943364, "location": "<a href=\"https://www.google.com/maps?q=38.074998484943364,-121.68328679254823\" target=\"_blank\">click me</a>" }, "geometry": { "type": "Point", "coordinates": [ -121.68328679254823, 38.074998484943364 ] } },
{ "type": "Feature", "properties": { "y": 13502140.07268518, "x": -4919410.3067709897, "time": "2024-12-04T18:56:59.024", "id": "S2B_MSIL2A_20241204T185659_R113_T10SFH_20241204T204216", "s2:product_type": "S2MSI2A", "s2:unclassified_percentage": 0.011178, "s2:medium_proba_clouds_percentage": 0.000269, "s2:processing_baseline": "05.11", "s2:snow_ice_percentage": 0.000163, "s2:degraded_msi_data_percentage": 0.0027, "instruments": "msi", "s2:vegetation_percentage": 19.817396, "s2:product_uri": "S2B_MSIL2A_20241204T185659_N0511_R113_T10SFH_20241204T204216.SAFE", "s2:water_percentage": 4.010833, "s2:cloud_shadow_percentage": 0.0, "s2:high_proba_clouds_percentage": 0.0, "s2:datatake_id": "GS2B_20241204T185659_040465_N05.11", "s2:thin_cirrus_percentage": 0.00074, "s2:mean_solar_zenith": 61.909361329797797, "s2:granule_id": "S2B_OPER_MSI_L2A_TL_2BPS_20241204T204216_A040465_T10SFH_N05.11", "platform": "Sentinel-2B", "sat:relative_orbit": 113, "eo:cloud_cover": 0.001009, "s2:reflectance_conversion_factor": 1.02871767058948, "s2:datastrip_id": "S2B_OPER_MSI_L2A_DS_2BPS_20241204T204216_S20241204T185656_N05.11", "constellation": "Sentinel 2", "s2:datatake_type": "INS-NOBS", "s2:nodata_pixel_percentage": 0.0, "proj:code": "EPSG:32610", "s2:mgrs_tile": "10SFH", "s2:mean_solar_azimuth": 166.48490653242499, "s2:not_vegetated_percentage": 74.881774, "s2:generation_time": "2024-12-04T20:42:16.000000Z", "s2:saturated_defective_pixel_percentage": 0.0, "sat:orbit_state": "descending", "proj:bbox": "{600000.0, 4190220.0, 4300020.0, 709800.0}", "epsg": 32630, "spatial_ref": 0, "is_debris": 1.0, "nir_val": 0.047675946947066561, "re2_val": 0.12130507529280538, "swir1_val": 0.036160823731306677, "red_val": 0.040844768439108059, "FDI_val": 0.08584740632500476, "FDI": 0.08584740632500476, "longitude": -121.68320127994259, "latitude": 38.076095807148818, "location": "<a href=\"https://www.google.com/maps?q=38.07609580714882,-121.6832012799426\" target=\"_blank\">click me</a>" }, "geometry": { "type": "Point", "coordinates": [ -121.683201279942594, 38.076095807148818 ] } },
{ "type": "Feature", "properties": { "y": 13502140.07268518, "x": -4919390.4327746788, "time": "2024-12-04T18:56:59.024", "id": "S2B_MSIL2A_20241204T185659_R113_T10SFH_20241204T204216", "s2:product_type": "S2MSI2A", "s2:unclassified_percentage": 0.011178, "s2:medium_proba_clouds_percentage": 0.000269, "s2:processing_baseline": "05.11", "s2:snow_ice_percentage": 0.000163, "s2:degraded_msi_data_percentage": 0.0027, "instruments": "msi", "s2:vegetation_percentage": 19.817396, "s2:product_uri": "S2B_MSIL2A_20241204T185659_N0511_R113_T10SFH_20241204T204216.SAFE", "s2:water_percentage": 4.010833, "s2:cloud_shadow_percentage": 0.0, "s2:high_proba_clouds_percentage": 0.0, "s2:datatake_id": "GS2B_20241204T185659_040465_N05.11", "s2:thin_cirrus_percentage": 0.00074, "s2:mean_solar_zenith": 61.909361329797797, "s2:granule_id": "S2B_OPER_MSI_L2A_TL_2BPS_20241204T204216_A040465_T10SFH_N05.11", "platform": "Sentinel-2B", "sat:relative_orbit": 113, "eo:cloud_cover": 0.001009, "s2:reflectance_conversion_factor": 1.02871767058948, "s2:datastrip_id": "S2B_OPER_MSI_L2A_DS_2BPS_20241204T204216_S20241204T185656_N05.11", "constellation": "Sentinel 2", "s2:datatake_type": "INS-NOBS", "s2:nodata_pixel_percentage": 0.0, "proj:code": "EPSG:32610", "s2:mgrs_tile": "10SFH", "s2:mean_solar_azimuth": 166.48490653242499, "s2:not_vegetated_percentage": 74.881774, "s2:generation_time": "2024-12-04T20:42:16.000000Z", "s2:saturated_defective_pixel_percentage": 0.0, "sat:orbit_state": "descending", "proj:bbox": "{600000.0, 4190220.0, 4300020.0, 709800.0}", "epsg": 32630, "spatial_ref": 0, "is_debris": 1.0, "nir_val": 0.086868204086509748, "re2_val": 0.12130507529280538, "swir1_val": 0.036160823731306677, "red_val": 0.034626929674099499, "FDI_val": 0.12503966346444795, "FDI": 0.12503966346444795, "longitude": -121.68330983370429, "latitude": 38.076192901084632, "location": "<a href=\"https://www.google.com/maps?q=38.07619290108463,-121.68330983370429\" target=\"_blank\">click me</a>" }, "geometry": { "type": "Point", "coordinates": [ -121.683309833704286, 38.076192901084632 ] } },
{ "type": "Feature", "properties": { "y": 13502120.202190731, "x": -4919330.8107857471, "time": "2024-12-04T18:56:59.024", "id": "S2B_MSIL2A_20241204T185659_R113_T10SFH_20241204T204216", "s2:product_type": "S2MSI2A", "s2:unclassified_percentage": 0.011178, "s2:medium_proba_clouds_percentage": 0.000269, "s2:processing_baseline": "05.11", "s2:snow_ice_percentage": 0.000163, "s2:degraded_msi_data_percentage": 0.0027, "instruments": "msi", "s2:vegetation_percentage": 19.817396, "s2:product_uri": "S2B_MSIL2A_20241204T185659_N0511_R113_T10SFH_20241204T204216.SAFE", "s2:water_percentage": 4.010833, "s2:cloud_shadow_percentage": 0.0, "s2:high_proba_clouds_percentage": 0.0, "s2:datatake_id": "GS2B_20241204T185659_040465_N05.11", "s2:thin_cirrus_percentage": 0.00074, "s2:mean_solar_zenith": 61.909361329797797, "s2:granule_id": "S2B_OPER_MSI_L2A_TL_2BPS_20241204T204216_A040465_T10SFH_N05.11", "platform": "Sentinel-2B", "sat:relative_orbit": 113, "eo:cloud_cover": 0.001009, "s2:reflectance_conversion_factor": 1.02871767058948, "s2:datastrip_id": "S2B_OPER_MSI_L2A_DS_2BPS_20241204T204216_S20241204T185656_N05.11", "constellation": "Sentinel 2", "s2:datatake_type": "INS-NOBS", "s2:nodata_pixel_percentage": 0.0, "proj:code": "EPSG:32610", "s2:mgrs_tile": "10SFH", "s2:mean_solar_azimuth": 166.48490653242499, "s2:not_vegetated_percentage": 74.881774, "s2:generation_time": "2024-12-04T20:42:16.000000Z", "s2:saturated_defective_pixel_percentage": 0.0, "sat:orbit_state": "descending", "proj:bbox": "{600000.0, 4190220.0, 4300020.0, 709800.0}", "epsg": 32630, "spatial_ref": 0, "is_debris": 1.0, "nir_val": 0.13872625164296812, "re2_val": 0.1515616285554936, "swir1_val": 0.04927678352537386, "red_val": 0.039022298456260734, "FDI_val": 0.1787457613978575, "FDI": 0.1787457613978575, "longitude": -121.68351268927863, "latitude": 38.076569978790076, "location": "<a href=\"https://www.google.com/maps?q=38.076569978790076,-121.68351268927863\" target=\"_blank\">click me</a>" }, "geometry": { "type": "Point", "coordinates": [ -121.683512689278629, 38.076569978790076 ] } },
{ "type": "Feature", "properties": { "y": 13502100.331696279, "x": -4919310.9367894363, "time": "2024-12-04T18:56:59.024", "id": "S2B_MSIL2A_20241204T185659_R113_T10SFH_20241204T204216", "s2:product_type": "S2MSI2A", "s2:unclassified_percentage": 0.011178, "s2:medium_proba_clouds_percentage": 0.000269, "s2:processing_baseline": "05.11", "s2:snow_ice_percentage": 0.000163, "s2:degraded_msi_data_percentage": 0.0027, "instruments": "msi", "s2:vegetation_percentage": 19.817396, "s2:product_uri": "S2B_MSIL2A_20241204T185659_N0511_R113_T10SFH_20241204T204216.SAFE", "s2:water_percentage": 4.010833, "s2:cloud_shadow_percentage": 0.0, "s2:high_proba_clouds_percentage": 0.0, "s2:datatake_id": "GS2B_20241204T185659_040465_N05.11", "s2:thin_cirrus_percentage": 0.00074, "s2:mean_solar_zenith": 61.909361329797797, "s2:granule_id": "S2B_OPER_MSI_L2A_TL_2BPS_20241204T204216_A040465_T10SFH_N05.11", "platform": "Sentinel-2B", "sat:relative_orbit": 113, "eo:cloud_cover": 0.001009, "s2:reflectance_conversion_factor": 1.02871767058948, "s2:datastrip_id": "S2B_OPER_MSI_L2A_DS_2BPS_20241204T204216_S20241204T185656_N05.11", "constellation": "Sentinel 2", "s2:datatake_type": "INS-NOBS", "s2:nodata_pixel_percentage": 0.0, "proj:code": "EPSG:32610", "s2:mgrs_tile": "10SFH", "s2:mean_solar_azimuth": 166.48490653242499, "s2:not_vegetated_percentage": 74.881774, "s2:generation_time": "2024-12-04T20:42:16.000000Z", "s2:saturated_defective_pixel_percentage": 0.0, "sat:orbit_state": "descending", "proj:bbox": "{600000.0, 4190220.0, 4300020.0, 709800.0}", "epsg": 32630, "spatial_ref": 0, "is_debris": 1.0, "nir_val": 0.067033098339108615, "re2_val": 0.1323201338538762, "swir1_val": 0.04351556754106399, "red_val": 0.038915094339622647, "FDI_val": 0.10104532678542033, "FDI": 0.10104532678542033, "longitude": -121.6834984351683, "latitude": 38.076752868670816, "location": "<a href=\"https://www.google.com/maps?q=38.076752868670816,-121.6834984351683\" target=\"_blank\">click me</a>" }, "geometry": { "type": "Point", "coordinates": [ -121.683498435168303, 38.076752868670816 ] } },
{ "type": "Feature", "properties": { "y": 13502060.590707378, "x": -4919211.5668078829, "time": "2024-12-04T18:56:59.024", "id": "S2B_MSIL2A_20241204T185659_R113_T10SFH_20241204T204216", "s2:product_type": "S2MSI2A", "s2:unclassified_percentage": 0.011178, "s2:medium_proba_clouds_percentage": 0.000269, "s2:processing_baseline": "05.11", "s2:snow_ice_percentage": 0.000163, "s2:degraded_msi_data_percentage": 0.0027, "instruments": "msi", "s2:vegetation_percentage": 19.817396, "s2:product_uri": "S2B_MSIL2A_20241204T185659_N0511_R113_T10SFH_20241204T204216.SAFE", "s2:water_percentage": 4.010833, "s2:cloud_shadow_percentage": 0.0, "s2:high_proba_clouds_percentage": 0.0, "s2:datatake_id": "GS2B_20241204T185659_040465_N05.11", "s2:thin_cirrus_percentage": 0.00074, "s2:mean_solar_zenith": 61.909361329797797, "s2:granule_id": "S2B_OPER_MSI_L2A_TL_2BPS_20241204T204216_A040465_T10SFH_N05.11", "platform": "Sentinel-2B", "sat:relative_orbit": 113, "eo:cloud_cover": 0.001009, "s2:reflectance_conversion_factor": 1.02871767058948, "s2:datastrip_id": "S2B_OPER_MSI_L2A_DS_2BPS_20241204T204216_S20241204T185656_N05.11", "constellation": "Sentinel 2", "s2:datatake_type": "INS-NOBS", "s2:nodata_pixel_percentage": 0.0, "proj:code": "EPSG:32610", "s2:mgrs_tile": "10SFH", "s2:mean_solar_azimuth": 166.48490653242499, "s2:not_vegetated_percentage": 74.881774, "s2:generation_time": "2024-12-04T20:42:16.000000Z", "s2:saturated_defective_pixel_percentage": 0.0, "sat:orbit_state": "descending", "proj:bbox": "{600000.0, 4190220.0, 4300020.0, 709800.0}", "epsg": 32630, "spatial_ref": 0, "is_debris": 1.0, "nir_val": 0.077428605568168246, "re2_val": 0.12827663134411602, "swir1_val": 0.042289776906104429, "red_val": 0.043203259005145794, "FDI_val": 0.1102067174571533, "FDI": 0.1102067174571533, "longitude": -121.68379559539376, "latitude": 38.077409937436492, "location": "<a href=\"https://www.google.com/maps?q=38.07740993743649,-121.68379559539376\" target=\"_blank\">click me</a>" }, "geometry": { "type": "Point", "coordinates": [ -121.683795595393761, 38.077409937436492 ] } },
{ "type": "Feature", "properties": { "y": 13501921.497246223, "x": -4919032.7008410869, "time": "2024-12-04T18:56:59.024", "id": "S2B_MSIL2A_20241204T185659_R113_T10SFH_20241204T204216", "s2:product_type": "S2MSI2A", "s2:unclassified_percentage": 0.011178, "s2:medium_proba_clouds_percentage": 0.000269, "s2:processing_baseline": "05.11", "s2:snow_ice_percentage": 0.000163, "s2:degraded_msi_data_percentage": 0.0027, "instruments": "msi", "s2:vegetation_percentage": 19.817396, "s2:product_uri": "S2B_MSIL2A_20241204T185659_N0511_R113_T10SFH_20241204T204216.SAFE", "s2:water_percentage": 4.010833, "s2:cloud_shadow_percentage": 0.0, "s2:high_proba_clouds_percentage": 0.0, "s2:datatake_id": "GS2B_20241204T185659_040465_N05.11", "s2:thin_cirrus_percentage": 0.00074, "s2:mean_solar_zenith": 61.909361329797797, "s2:granule_id": "S2B_OPER_MSI_L2A_TL_2BPS_20241204T204216_A040465_T10SFH_N05.11", "platform": "Sentinel-2B", "sat:relative_orbit": 113, "eo:cloud_cover": 0.001009, "s2:reflectance_conversion_factor": 1.02871767058948, "s2:datastrip_id": "S2B_OPER_MSI_L2A_DS_2BPS_20241204T204216_S20241204T185656_N05.11", "constellation": "Sentinel 2", "s2:datatake_type": "INS-NOBS", "s2:nodata_pixel_percentage": 0.0, "proj:code": "EPSG:32610", "s2:mgrs_tile": "10SFH", "s2:mean_solar_azimuth": 166.48490653242499, "s2:not_vegetated_percentage": 74.881774, "s2:generation_time": "2024-12-04T20:42:16.000000Z", "s2:saturated_defective_pixel_percentage": 0.0, "sat:orbit_state": "descending", "proj:bbox": "{600000.0, 4190220.0, 4300020.0, 709800.0}", "epsg": 32630, "spatial_ref": 0, "is_debris": 1.0, "nir_val": 0.13633647986617278, "re2_val": 0.12311767986614613, "swir1_val": 0.062760480509928898, "red_val": 0.14794168096054891, "FDI_val": 0.12626879244500494, "FDI": 0.12626879244500494, "longitude": -121.68391291553192, "latitude": 38.078884388460914, "location": "<a href=\"https://www.google.com/maps?q=38.078884388460914,-121.68391291553192\" target=\"_blank\">click me</a>" }, "geometry": { "type": "Point", "coordinates": [ -121.68391291553192, 38.078884388460914 ] } },
{ "type": "Feature", "properties": { "y": 13501464.475873858, "x": -4918078.7490181765, "time": "2024-12-04T18:56:59.024", "id": "S2B_MSIL2A_20241204T185659_R113_T10SFH_20241204T204216", "s2:product_type": "S2MSI2A", "s2:unclassified_percentage": 0.011178, "s2:medium_proba_clouds_percentage": 0.000269, "s2:processing_baseline": "05.11", "s2:snow_ice_percentage": 0.000163, "s2:degraded_msi_data_percentage": 0.0027, "instruments": "msi", "s2:vegetation_percentage": 19.817396, "s2:product_uri": "S2B_MSIL2A_20241204T185659_N0511_R113_T10SFH_20241204T204216.SAFE", "s2:water_percentage": 4.010833, "s2:cloud_shadow_percentage": 0.0, "s2:high_proba_clouds_percentage": 0.0, "s2:datatake_id": "GS2B_20241204T185659_040465_N05.11", "s2:thin_cirrus_percentage": 0.00074, "s2:mean_solar_zenith": 61.909361329797797, "s2:granule_id": "S2B_OPER_MSI_L2A_TL_2BPS_20241204T204216_A040465_T10SFH_N05.11", "platform": "Sentinel-2B", "sat:relative_orbit": 113, "eo:cloud_cover": 0.001009, "s2:reflectance_conversion_factor": 1.02871767058948, "s2:datastrip_id": "S2B_OPER_MSI_L2A_DS_2BPS_20241204T204216_S20241204T185656_N05.11", "constellation": "Sentinel 2", "s2:datatake_type": "INS-NOBS", "s2:nodata_pixel_percentage": 0.0, "proj:code": "EPSG:32610", "s2:mgrs_tile": "10SFH", "s2:mean_solar_azimuth": 166.48490653242499, "s2:not_vegetated_percentage": 74.881774, "s2:generation_time": "2024-12-04T20:42:16.000000Z", "s2:saturated_defective_pixel_percentage": 0.0, "sat:orbit_state": "descending", "proj:bbox": "{600000.0, 4190220.0, 4300020.0, 709800.0}", "epsg": 32630, "spatial_ref": 0, "is_debris": 1.0, "nir_val": 0.096666268371370545, "re2_val": 0.12367540435025098, "swir1_val": 0.052586418239764635, "red_val": 0.052958833619210971, "FDI_val": 0.1061416634026654, "FDI": 0.1061416634026654, "longitude": -121.68629910426276, "latitude": 38.08551882167508, "location": "<a href=\"https://www.google.com/maps?q=38.08551882167508,-121.68629910426276\" target=\"_blank\">click me</a>" }, "geometry": { "type": "Point", "coordinates": [ -121.686299104262758, 38.08551882167508 ] } },
{ "type": "Feature", "properties": { "y": 13501106.806973746, "x": -4912832.0139921699, "time": "2024-12-04T18:56:59.024", "id": "S2B_MSIL2A_20241204T185659_R113_T10SFH_20241204T204216", "s2:product_type": "S2MSI2A", "s2:unclassified_percentage": 0.011178, "s2:medium_proba_clouds_percentage": 0.000269, "s2:processing_baseline": "05.11", "s2:snow_ice_percentage": 0.000163, "s2:degraded_msi_data_percentage": 0.0027, "instruments": "msi", "s2:vegetation_percentage": 19.817396, "s2:product_uri": "S2B_MSIL2A_20241204T185659_N0511_R113_T10SFH_20241204T204216.SAFE", "s2:water_percentage": 4.010833, "s2:cloud_shadow_percentage": 0.0, "s2:high_proba_clouds_percentage": 0.0, "s2:datatake_id": "GS2B_20241204T185659_040465_N05.11", "s2:thin_cirrus_percentage": 0.00074, "s2:mean_solar_zenith": 61.909361329797797, "s2:granule_id": "S2B_OPER_MSI_L2A_TL_2BPS_20241204T204216_A040465_T10SFH_N05.11", "platform": "Sentinel-2B", "sat:relative_orbit": 113, "eo:cloud_cover": 0.001009, "s2:reflectance_conversion_factor": 1.02871767058948, "s2:datastrip_id": "S2B_OPER_MSI_L2A_DS_2BPS_20241204T204216_S20241204T185656_N05.11", "constellation": "Sentinel 2", "s2:datatake_type": "INS-NOBS", "s2:nodata_pixel_percentage": 0.0, "proj:code": "EPSG:32610", "s2:mgrs_tile": "10SFH", "s2:mean_solar_azimuth": 166.48490653242499, "s2:not_vegetated_percentage": 74.881774, "s2:generation_time": "2024-12-04T20:42:16.000000Z", "s2:saturated_defective_pixel_percentage": 0.0, "sat:orbit_state": "descending", "proj:bbox": "{600000.0, 4190220.0, 4300020.0, 709800.0}", "epsg": 32630, "spatial_ref": 0, "is_debris": 1.0, "nir_val": 0.080415820289162387, "re2_val": 0.09467373117679867, "swir1_val": 0.039347879382201509, "red_val": 0.045883361921097765, "FDI_val": 0.089368287711767913, "FDI": 0.089368287711767913, "longitude": -121.71276927532298, "latitude": 38.112705629600484, "location": "<a href=\"https://www.google.com/maps?q=38.112705629600484,-121.71276927532298\" target=\"_blank\">click me</a>" }, "geometry": { "type": "Point", "coordinates": [ -121.712769275322984, 38.112705629600484 ] } },
{ "type": "Feature", "properties": { "y": 13501086.936479297, "x": -4918078.7490181765, "time": "2024-12-04T18:56:59.024", "id": "S2B_MSIL2A_20241204T185659_R113_T10SFH_20241204T204216", "s2:product_type": "S2MSI2A", "s2:unclassified_percentage": 0.011178, "s2:medium_proba_clouds_percentage": 0.000269, "s2:processing_baseline": "05.11", "s2:snow_ice_percentage": 0.000163, "s2:degraded_msi_data_percentage": 0.0027, "instruments": "msi", "s2:vegetation_percentage": 19.817396, "s2:product_uri": "S2B_MSIL2A_20241204T185659_N0511_R113_T10SFH_20241204T204216.SAFE", "s2:water_percentage": 4.010833, "s2:cloud_shadow_percentage": 0.0, "s2:high_proba_clouds_percentage": 0.0, "s2:datatake_id": "GS2B_20241204T185659_040465_N05.11", "s2:thin_cirrus_percentage": 0.00074, "s2:mean_solar_zenith": 61.909361329797797, "s2:granule_id": "S2B_OPER_MSI_L2A_TL_2BPS_20241204T204216_A040465_T10SFH_N05.11", "platform": "Sentinel-2B", "sat:relative_orbit": 113, "eo:cloud_cover": 0.001009, "s2:reflectance_conversion_factor": 1.02871767058948, "s2:datastrip_id": "S2B_OPER_MSI_L2A_DS_2BPS_20241204T204216_S20241204T185656_N05.11", "constellation": "Sentinel 2", "s2:datatake_type": "INS-NOBS", "s2:nodata_pixel_percentage": 0.0, "proj:code": "EPSG:32610", "s2:mgrs_tile": "10SFH", "s2:mean_solar_azimuth": 166.48490653242499, "s2:not_vegetated_percentage": 74.881774, "s2:generation_time": "2024-12-04T20:42:16.000000Z", "s2:saturated_defective_pixel_percentage": 0.0, "sat:orbit_state": "descending", "proj:bbox": "{600000.0, 4190220.0, 4300020.0, 709800.0}", "epsg": 32630, "spatial_ref": 0, "is_debris": 1.0, "nir_val": 0.10550842394551321, "re2_val": 0.10861684327941998, "swir1_val": 0.053689629811228226, "red_val": 0.082547169811320764, "FDI_val": 0.099771123352547619, "FDI": 0.099771123352547619, "longitude": -121.68396495324254, "latitude": 38.087149012558086, "location": "<a href=\"https://www.google.com/maps?q=38.087149012558086,-121.68396495324254\" target=\"_blank\">click me</a>" }, "geometry": { "type": "Point", "coordinates": [ -121.683964953242537, 38.087149012558086 ] } },
{ "type": "Feature", "properties": { "y": 13501007.454501493, "x": -4917780.6390735172, "time": "2024-12-04T18:56:59.024", "id": "S2B_MSIL2A_20241204T185659_R113_T10SFH_20241204T204216", "s2:product_type": "S2MSI2A", "s2:unclassified_percentage": 0.011178, "s2:medium_proba_clouds_percentage": 0.000269, "s2:processing_baseline": "05.11", "s2:snow_ice_percentage": 0.000163, "s2:degraded_msi_data_percentage": 0.0027, "instruments": "msi", "s2:vegetation_percentage": 19.817396, "s2:product_uri": "S2B_MSIL2A_20241204T185659_N0511_R113_T10SFH_20241204T204216.SAFE", "s2:water_percentage": 4.010833, "s2:cloud_shadow_percentage": 0.0, "s2:high_proba_clouds_percentage": 0.0, "s2:datatake_id": "GS2B_20241204T185659_040465_N05.11", "s2:thin_cirrus_percentage": 0.00074, "s2:mean_solar_zenith": 61.909361329797797, "s2:granule_id": "S2B_OPER_MSI_L2A_TL_2BPS_20241204T204216_A040465_T10SFH_N05.11", "platform": "Sentinel-2B", "sat:relative_orbit": 113, "eo:cloud_cover": 0.001009, "s2:reflectance_conversion_factor": 1.02871767058948, "s2:datastrip_id": "S2B_OPER_MSI_L2A_DS_2BPS_20241204T204216_S20241204T185656_N05.11", "constellation": "Sentinel 2", "s2:datatake_type": "INS-NOBS", "s2:nodata_pixel_percentage": 0.0, "proj:code": "EPSG:32610", "s2:mgrs_tile": "10SFH", "s2:mean_solar_azimuth": 166.48490653242499, "s2:not_vegetated_percentage": 74.881774, "s2:generation_time": "2024-12-04T20:42:16.000000Z", "s2:saturated_defective_pixel_percentage": 0.0, "sat:orbit_state": "descending", "proj:bbox": "{600000.0, 4190220.0, 4300020.0, 709800.0}", "epsg": 32630, "spatial_ref": 0, "is_debris": 1.0, "nir_val": 0.062014577607838461, "re2_val": 0.068042387060791965, "swir1_val": 0.014709487619514586, "red_val": 0.052637221269296736, "FDI_val": 0.093865557754518408, "FDI": 0.093865557754518408, "longitude": -121.68510215997756, "latitude": 38.088948975823463, "location": "<a href=\"https://www.google.com/maps?q=38.08894897582346,-121.68510215997756\" target=\"_blank\">click me</a>" }, "geometry": { "type": "Point", "coordinates": [ -121.685102159977561, 38.088948975823463 ] } },
{ "type": "Feature", "properties": { "y": 13500808.749556987, "x": -4912792.2659995481, "time": "2024-12-04T18:56:59.024", "id": "S2B_MSIL2A_20241204T185659_R113_T10SFH_20241204T204216", "s2:product_type": "S2MSI2A", "s2:unclassified_percentage": 0.011178, "s2:medium_proba_clouds_percentage": 0.000269, "s2:processing_baseline": "05.11", "s2:snow_ice_percentage": 0.000163, "s2:degraded_msi_data_percentage": 0.0027, "instruments": "msi", "s2:vegetation_percentage": 19.817396, "s2:product_uri": "S2B_MSIL2A_20241204T185659_N0511_R113_T10SFH_20241204T204216.SAFE", "s2:water_percentage": 4.010833, "s2:cloud_shadow_percentage": 0.0, "s2:high_proba_clouds_percentage": 0.0, "s2:datatake_id": "GS2B_20241204T185659_040465_N05.11", "s2:thin_cirrus_percentage": 0.00074, "s2:mean_solar_zenith": 61.909361329797797, "s2:granule_id": "S2B_OPER_MSI_L2A_TL_2BPS_20241204T204216_A040465_T10SFH_N05.11", "platform": "Sentinel-2B", "sat:relative_orbit": 113, "eo:cloud_cover": 0.001009, "s2:reflectance_conversion_factor": 1.02871767058948, "s2:datastrip_id": "S2B_OPER_MSI_L2A_DS_2BPS_20241204T204216_S20241204T185656_N05.11", "constellation": "Sentinel 2", "s2:datatake_type": "INS-NOBS", "s2:nodata_pixel_percentage": 0.0, "proj:code": "EPSG:32610", "s2:mgrs_tile": "10SFH", "s2:mean_solar_azimuth": 166.48490653242499, "s2:not_vegetated_percentage": 74.881774, "s2:generation_time": "2024-12-04T20:42:16.000000Z", "s2:saturated_defective_pixel_percentage": 0.0, "sat:orbit_state": "descending", "proj:bbox": "{600000.0, 4190220.0, 4300020.0, 709800.0}", "epsg": 32630, "spatial_ref": 0, "is_debris": 1.0, "nir_val": 0.10574740112319275, "re2_val": 0.12297824874511992, "swir1_val": 0.064599166462368227, "red_val": 0.064322469982847352, "FDI_val": 0.092114100145766459, "FDI": 0.092114100145766459, "longitude": -121.71114263269871, "latitude": 38.114188018296453, "location": "<a href=\"https://www.google.com/maps?q=38.11418801829645,-121.71114263269871\" target=\"_blank\">click me</a>" }, "geometry": { "type": "Point", "coordinates": [ -121.71114263269871, 38.114188018296453 ] } },
{ "type": "Feature", "properties": { "y": 13500769.008568086, "x": -4912792.2659995481, "time": "2024-12-04T18:56:59.024", "id": "S2B_MSIL2A_20241204T185659_R113_T10SFH_20241204T204216", "s2:product_type": "S2MSI2A", "s2:unclassified_percentage": 0.011178, "s2:medium_proba_clouds_percentage": 0.000269, "s2:processing_baseline": "05.11", "s2:snow_ice_percentage": 0.000163, "s2:degraded_msi_data_percentage": 0.0027, "instruments": "msi", "s2:vegetation_percentage": 19.817396, "s2:product_uri": "S2B_MSIL2A_20241204T185659_N0511_R113_T10SFH_20241204T204216.SAFE", "s2:water_percentage": 4.010833, "s2:cloud_shadow_percentage": 0.0, "s2:high_proba_clouds_percentage": 0.0, "s2:datatake_id": "GS2B_20241204T185659_040465_N05.11", "s2:thin_cirrus_percentage": 0.00074, "s2:mean_solar_zenith": 61.909361329797797, "s2:granule_id": "S2B_OPER_MSI_L2A_TL_2BPS_20241204T204216_A040465_T10SFH_N05.11", "platform": "Sentinel-2B", "sat:relative_orbit": 113, "eo:cloud_cover": 0.001009, "s2:reflectance_conversion_factor": 1.02871767058948, "s2:datastrip_id": "S2B_OPER_MSI_L2A_DS_2BPS_20241204T204216_S20241204T185656_N05.11", "constellation": "Sentinel 2", "s2:datatake_type": "INS-NOBS", "s2:nodata_pixel_percentage": 0.0, "proj:code": "EPSG:32610", "s2:mgrs_tile": "10SFH", "s2:mean_solar_azimuth": 166.48490653242499, "s2:not_vegetated_percentage": 74.881774, "s2:generation_time": "2024-12-04T20:42:16.000000Z", "s2:saturated_defective_pixel_percentage": 0.0, "sat:orbit_state": "descending", "proj:bbox": "{600000.0, 4190220.0, 4300020.0, 709800.0}", "epsg": 32630, "spatial_ref": 0, "is_debris": 1.0, "nir_val": 0.11004899032142432, "re2_val": 0.11628555493586171, "swir1_val": 0.058225055160578562, "red_val": 0.057032590051457971, "FDI_val": 0.10251167305990246, "FDI": 0.10251167305990246, "longitude": -121.71089674841356, "latitude": 38.11435975922501, "location": "<a href=\"https://www.google.com/maps?q=38.11435975922501,-121.71089674841356\" target=\"_blank\">click me</a>" }, "geometry": { "type": "Point", "coordinates": [ -121.71089674841356, 38.11435975922501 ] } },
{ "type": "Feature", "properties": { "y": 13500470.951151324, "x": -4918694.8429038068, "time": "2024-12-04T18:56:59.024", "id": "S2B_MSIL2A_20241204T185659_R113_T10SFH_20241204T204216", "s2:product_type": "S2MSI2A", "s2:unclassified_percentage": 0.011178, "s2:medium_proba_clouds_percentage": 0.000269, "s2:processing_baseline": "05.11", "s2:snow_ice_percentage": 0.000163, "s2:degraded_msi_data_percentage": 0.0027, "instruments": "msi", "s2:vegetation_percentage": 19.817396, "s2:product_uri": "S2B_MSIL2A_20241204T185659_N0511_R113_T10SFH_20241204T204216.SAFE", "s2:water_percentage": 4.010833, "s2:cloud_shadow_percentage": 0.0, "s2:high_proba_clouds_percentage": 0.0, "s2:datatake_id": "GS2B_20241204T185659_040465_N05.11", "s2:thin_cirrus_percentage": 0.00074, "s2:mean_solar_zenith": 61.909361329797797, "s2:granule_id": "S2B_OPER_MSI_L2A_TL_2BPS_20241204T204216_A040465_T10SFH_N05.11", "platform": "Sentinel-2B", "sat:relative_orbit": 113, "eo:cloud_cover": 0.001009, "s2:reflectance_conversion_factor": 1.02871767058948, "s2:datastrip_id": "S2B_OPER_MSI_L2A_DS_2BPS_20241204T204216_S20241204T185656_N05.11", "constellation": "Sentinel 2", "s2:datatake_type": "INS-NOBS", "s2:nodata_pixel_percentage": 0.0, "proj:code": "EPSG:32610", "s2:mgrs_tile": "10SFH", "s2:mean_solar_azimuth": 166.48490653242499, "s2:not_vegetated_percentage": 74.881774, "s2:generation_time": "2024-12-04T20:42:16.000000Z", "s2:saturated_defective_pixel_percentage": 0.0, "sat:orbit_state": "descending", "proj:bbox": "{600000.0, 4190220.0, 4300020.0, 709800.0}", "epsg": 32630, "spatial_ref": 0, "is_debris": 1.0, "nir_val": 0.14231090930816107, "re2_val": 0.072922476296709449, "swir1_val": 0.039470458445697479, "red_val": 0.087478559176672382, "FDI_val": 0.13204459343080738, "FDI": 0.13204459343080738, "longitude": -121.6767909816155, "latitude": 38.086797682522736, "location": "<a href=\"https://www.google.com/maps?q=38.086797682522736,-121.6767909816155\" target=\"_blank\">click me</a>" }, "geometry": { "type": "Point", "coordinates": [ -121.676790981615497, 38.086797682522736 ] } },
{ "type": "Feature", "properties": { "y": 13500470.951151324, "x": -4916608.07329119, "time": "2024-12-04T18:56:59.024", "id": "S2B_MSIL2A_20241204T185659_R113_T10SFH_20241204T204216", "s2:product_type": "S2MSI2A", "s2:unclassified_percentage": 0.011178, "s2:medium_proba_clouds_percentage": 0.000269, "s2:processing_baseline": "05.11", "s2:snow_ice_percentage": 0.000163, "s2:degraded_msi_data_percentage": 0.0027, "instruments": "msi", "s2:vegetation_percentage": 19.817396, "s2:product_uri": "S2B_MSIL2A_20241204T185659_N0511_R113_T10SFH_20241204T204216.SAFE", "s2:water_percentage": 4.010833, "s2:cloud_shadow_percentage": 0.0, "s2:high_proba_clouds_percentage": 0.0, "s2:datatake_id": "GS2B_20241204T185659_040465_N05.11", "s2:thin_cirrus_percentage": 0.00074, "s2:mean_solar_zenith": 61.909361329797797, "s2:granule_id": "S2B_OPER_MSI_L2A_TL_2BPS_20241204T204216_A040465_T10SFH_N05.11", "platform": "Sentinel-2B", "sat:relative_orbit": 113, "eo:cloud_cover": 0.001009, "s2:reflectance_conversion_factor": 1.02871767058948, "s2:datastrip_id": "S2B_OPER_MSI_L2A_DS_2BPS_20241204T204216_S20241204T185656_N05.11", "constellation": "Sentinel 2", "s2:datatake_type": "INS-NOBS", "s2:nodata_pixel_percentage": 0.0, "proj:code": "EPSG:32610", "s2:mgrs_tile": "10SFH", "s2:mean_solar_azimuth": 166.48490653242499, "s2:not_vegetated_percentage": 74.881774, "s2:generation_time": "2024-12-04T20:42:16.000000Z", "s2:saturated_defective_pixel_percentage": 0.0, "sat:orbit_state": "descending", "proj:bbox": "{600000.0, 4190220.0, 4300020.0, 709800.0}", "epsg": 32630, "spatial_ref": 0, "is_debris": 1.0, "nir_val": 0.28617517027123907, "re2_val": 0.26952035694366983, "swir1_val": 0.22346163275312575, "red_val": 0.24678387650085762, "FDI_val": 0.10292353482731845, "FDI": 0.10292353482731845, "longitude": -121.68819132062748, "latitude": 38.096996146275153, "location": "<a href=\"https://www.google.com/maps?q=38.09699614627515,-121.68819132062748\" target=\"_blank\">click me</a>" }, "geometry": { "type": "Point", "coordinates": [ -121.688191320627482, 38.096996146275153 ] } },
{ "type": "Feature", "properties": { "y": 13500252.375712369, "x": -4912752.5180069273, "time": "2024-12-04T18:56:59.024", "id": "S2B_MSIL2A_20241204T185659_R113_T10SFH_20241204T204216", "s2:product_type": "S2MSI2A", "s2:unclassified_percentage": 0.011178, "s2:medium_proba_clouds_percentage": 0.000269, "s2:processing_baseline": "05.11", "s2:snow_ice_percentage": 0.000163, "s2:degraded_msi_data_percentage": 0.0027, "instruments": "msi", "s2:vegetation_percentage": 19.817396, "s2:product_uri": "S2B_MSIL2A_20241204T185659_N0511_R113_T10SFH_20241204T204216.SAFE", "s2:water_percentage": 4.010833, "s2:cloud_shadow_percentage": 0.0, "s2:high_proba_clouds_percentage": 0.0, "s2:datatake_id": "GS2B_20241204T185659_040465_N05.11", "s2:thin_cirrus_percentage": 0.00074, "s2:mean_solar_zenith": 61.909361329797797, "s2:granule_id": "S2B_OPER_MSI_L2A_TL_2BPS_20241204T204216_A040465_T10SFH_N05.11", "platform": "Sentinel-2B", "sat:relative_orbit": 113, "eo:cloud_cover": 0.001009, "s2:reflectance_conversion_factor": 1.02871767058948, "s2:datastrip_id": "S2B_OPER_MSI_L2A_DS_2BPS_20241204T204216_S20241204T185656_N05.11", "constellation": "Sentinel 2", "s2:datatake_type": "INS-NOBS", "s2:nodata_pixel_percentage": 0.0, "proj:code": "EPSG:32610", "s2:mgrs_tile": "10SFH", "s2:mean_solar_azimuth": 166.48490653242499, "s2:not_vegetated_percentage": 74.881774, "s2:generation_time": "2024-12-04T20:42:16.000000Z", "s2:saturated_defective_pixel_percentage": 0.0, "sat:orbit_state": "descending", "proj:bbox": "{600000.0, 4190220.0, 4300020.0, 709800.0}", "epsg": 32630, "spatial_ref": 0, "is_debris": 1.0, "nir_val": 0.18198112080296333, "re2_val": 0.1515616285554936, "swir1_val": 0.070115224319686184, "red_val": 0.061749571183533442, "FDI_val": 0.18296990018120424, "FDI": 0.18296990018120424, "longitude": -121.70791746174415, "latitude": 38.116786583297028, "location": "<a href=\"https://www.google.com/maps?q=38.11678658329703,-121.70791746174415\" target=\"_blank\">click me</a>" }, "geometry": { "type": "Point", "coordinates": [ -121.707917461744145, 38.116786583297028 ] } },
{ "type": "Feature", "properties": { "y": 13500192.764229016, "x": -4918575.5989259426, "time": "2024-12-04T18:56:59.024", "id": "S2B_MSIL2A_20241204T185659_R113_T10SFH_20241204T204216", "s2:product_type": "S2MSI2A", "s2:unclassified_percentage": 0.011178, "s2:medium_proba_clouds_percentage": 0.000269, "s2:processing_baseline": "05.11", "s2:snow_ice_percentage": 0.000163, "s2:degraded_msi_data_percentage": 0.0027, "instruments": "msi", "s2:vegetation_percentage": 19.817396, "s2:product_uri": "S2B_MSIL2A_20241204T185659_N0511_R113_T10SFH_20241204T204216.SAFE", "s2:water_percentage": 4.010833, "s2:cloud_shadow_percentage": 0.0, "s2:high_proba_clouds_percentage": 0.0, "s2:datatake_id": "GS2B_20241204T185659_040465_N05.11", "s2:thin_cirrus_percentage": 0.00074, "s2:mean_solar_zenith": 61.909361329797797, "s2:granule_id": "S2B_OPER_MSI_L2A_TL_2BPS_20241204T204216_A040465_T10SFH_N05.11", "platform": "Sentinel-2B", "sat:relative_orbit": 113, "eo:cloud_cover": 0.001009, "s2:reflectance_conversion_factor": 1.02871767058948, "s2:datastrip_id": "S2B_OPER_MSI_L2A_DS_2BPS_20241204T204216_S20241204T185656_N05.11", "constellation": "Sentinel 2", "s2:datatake_type": "INS-NOBS", "s2:nodata_pixel_percentage": 0.0, "proj:code": "EPSG:32610", "s2:mgrs_tile": "10SFH", "s2:mean_solar_azimuth": 166.48490653242499, "s2:not_vegetated_percentage": 74.881774, "s2:generation_time": "2024-12-04T20:42:16.000000Z", "s2:saturated_defective_pixel_percentage": 0.0, "sat:orbit_state": "descending", "proj:bbox": "{600000.0, 4190220.0, 4300020.0, 709800.0}", "epsg": 32630, "spatial_ref": 0, "is_debris": 1.0, "nir_val": 0.077548094157008002, "re2_val": 0.12785833798103738, "swir1_val": 0.048663888207894093, "red_val": 0.040094339622641528, "FDI_val": 0.098022217655826277, "FDI": 0.098022217655826277, "longitude": -121.67572213108704, "latitude": 38.088581285444533, "location": "<a href=\"https://www.google.com/maps?q=38.08858128544453,-121.67572213108704\" target=\"_blank\">click me</a>" }, "geometry": { "type": "Point", "coordinates": [ -121.675722131087042, 38.088581285444533 ] } },
{ "type": "Feature", "properties": { "y": 13500172.893734565, "x": -4918555.7249296317, "time": "2024-12-04T18:56:59.024", "id": "S2B_MSIL2A_20241204T185659_R113_T10SFH_20241204T204216", "s2:product_type": "S2MSI2A", "s2:unclassified_percentage": 0.011178, "s2:medium_proba_clouds_percentage": 0.000269, "s2:processing_baseline": "05.11", "s2:snow_ice_percentage": 0.000163, "s2:degraded_msi_data_percentage": 0.0027, "instruments": "msi", "s2:vegetation_percentage": 19.817396, "s2:product_uri": "S2B_MSIL2A_20241204T185659_N0511_R113_T10SFH_20241204T204216.SAFE", "s2:water_percentage": 4.010833, "s2:cloud_shadow_percentage": 0.0, "s2:high_proba_clouds_percentage": 0.0, "s2:datatake_id": "GS2B_20241204T185659_040465_N05.11", "s2:thin_cirrus_percentage": 0.00074, "s2:mean_solar_zenith": 61.909361329797797, "s2:granule_id": "S2B_OPER_MSI_L2A_TL_2BPS_20241204T204216_A040465_T10SFH_N05.11", "platform": "Sentinel-2B", "sat:relative_orbit": 113, "eo:cloud_cover": 0.001009, "s2:reflectance_conversion_factor": 1.02871767058948, "s2:datastrip_id": "S2B_OPER_MSI_L2A_DS_2BPS_20241204T204216_S20241204T185656_N05.11", "constellation": "Sentinel 2", "s2:datatake_type": "INS-NOBS", "s2:nodata_pixel_percentage": 0.0, "proj:code": "EPSG:32610", "s2:mgrs_tile": "10SFH", "s2:mean_solar_azimuth": 166.48490653242499, "s2:not_vegetated_percentage": 74.881774, "s2:generation_time": "2024-12-04T20:42:16.000000Z", "s2:saturated_defective_pixel_percentage": 0.0, "sat:orbit_state": "descending", "proj:bbox": "{600000.0, 4190220.0, 4300020.0, 709800.0}", "epsg": 32630, "spatial_ref": 0, "is_debris": 1.0, "nir_val": 0.082327637710598645, "re2_val": 0.091885108756274397, "swir1_val": 0.026599656778622208, "red_val": 0.045883361921097765, "FDI_val": 0.11272321678548229, "FDI": 0.11272321678548229, "longitude": -121.67570780595386, "latitude": 38.088764186814139, "location": "<a href=\"https://www.google.com/maps?q=38.08876418681414,-121.67570780595386\" target=\"_blank\">click me</a>" }, "geometry": { "type": "Point", "coordinates": [ -121.675707805953863, 38.088764186814139 ] } },
{ "type": "Feature", "properties": { "y": 13500113.282251213, "x": -4918555.7249296317, "time": "2024-12-04T18:56:59.024", "id": "S2B_MSIL2A_20241204T185659_R113_T10SFH_20241204T204216", "s2:product_type": "S2MSI2A", "s2:unclassified_percentage": 0.011178, "s2:medium_proba_clouds_percentage": 0.000269, "s2:processing_baseline": "05.11", "s2:snow_ice_percentage": 0.000163, "s2:degraded_msi_data_percentage": 0.0027, "instruments": "msi", "s2:vegetation_percentage": 19.817396, "s2:product_uri": "S2B_MSIL2A_20241204T185659_N0511_R113_T10SFH_20241204T204216.SAFE", "s2:water_percentage": 4.010833, "s2:cloud_shadow_percentage": 0.0, "s2:high_proba_clouds_percentage": 0.0, "s2:datatake_id": "GS2B_20241204T185659_040465_N05.11", "s2:thin_cirrus_percentage": 0.00074, "s2:mean_solar_zenith": 61.909361329797797, "s2:granule_id": "S2B_OPER_MSI_L2A_TL_2BPS_20241204T204216_A040465_T10SFH_N05.11", "platform": "Sentinel-2B", "sat:relative_orbit": 113, "eo:cloud_cover": 0.001009, "s2:reflectance_conversion_factor": 1.02871767058948, "s2:datastrip_id": "S2B_OPER_MSI_L2A_DS_2BPS_20241204T204216_S20241204T185656_N05.11", "constellation": "Sentinel 2", "s2:datatake_type": "INS-NOBS", "s2:nodata_pixel_percentage": 0.0, "proj:code": "EPSG:32610", "s2:mgrs_tile": "10SFH", "s2:mean_solar_azimuth": 166.48490653242499, "s2:not_vegetated_percentage": 74.881774, "s2:generation_time": "2024-12-04T20:42:16.000000Z", "s2:saturated_defective_pixel_percentage": 0.0, "sat:orbit_state": "descending", "proj:bbox": "{600000.0, 4190220.0, 4300020.0, 709800.0}", "epsg": 32630, "spatial_ref": 0, "is_debris": 1.0, "nir_val": 0.050543673079220947, "re2_val": 0.14221974344673732, "swir1_val": 0.050012257906349597, "red_val": 0.044275300171526588, "FDI_val": 0.081030013660511407, "FDI": 0.081030013660511407, "longitude": -121.67533918802783, "latitude": 38.089021506296625, "location": "<a href=\"https://www.google.com/maps?q=38.089021506296625,-121.67533918802783\" target=\"_blank\">click me</a>" }, "geometry": { "type": "Point", "coordinates": [ -121.675339188027834, 38.089021506296625 ] } },
{ "type": "Feature", "properties": { "y": 13500093.411756763, "x": -4918555.7249296317, "time": "2024-12-04T18:56:59.024", "id": "S2B_MSIL2A_20241204T185659_R113_T10SFH_20241204T204216", "s2:product_type": "S2MSI2A", "s2:unclassified_percentage": 0.011178, "s2:medium_proba_clouds_percentage": 0.000269, "s2:processing_baseline": "05.11", "s2:snow_ice_percentage": 0.000163, "s2:degraded_msi_data_percentage": 0.0027, "instruments": "msi", "s2:vegetation_percentage": 19.817396, "s2:product_uri": "S2B_MSIL2A_20241204T185659_N0511_R113_T10SFH_20241204T204216.SAFE", "s2:water_percentage": 4.010833, "s2:cloud_shadow_percentage": 0.0, "s2:high_proba_clouds_percentage": 0.0, "s2:datatake_id": "GS2B_20241204T185659_040465_N05.11", "s2:thin_cirrus_percentage": 0.00074, "s2:mean_solar_zenith": 61.909361329797797, "s2:granule_id": "S2B_OPER_MSI_L2A_TL_2BPS_20241204T204216_A040465_T10SFH_N05.11", "platform": "Sentinel-2B", "sat:relative_orbit": 113, "eo:cloud_cover": 0.001009, "s2:reflectance_conversion_factor": 1.02871767058948, "s2:datastrip_id": "S2B_OPER_MSI_L2A_DS_2BPS_20241204T204216_S20241204T185656_N05.11", "constellation": "Sentinel 2", "s2:datatake_type": "INS-NOBS", "s2:nodata_pixel_percentage": 0.0, "proj:code": "EPSG:32610", "s2:mgrs_tile": "10SFH", "s2:mean_solar_azimuth": 166.48490653242499, "s2:not_vegetated_percentage": 74.881774, "s2:generation_time": "2024-12-04T20:42:16.000000Z", "s2:saturated_defective_pixel_percentage": 0.0, "sat:orbit_state": "descending", "proj:bbox": "{600000.0, 4190220.0, 4300020.0, 709800.0}", "epsg": 32630, "spatial_ref": 0, "is_debris": 1.0, "nir_val": 0.062731509140877051, "re2_val": 0.099414389291689914, "swir1_val": 0.026109340524638383, "red_val": 0.039558319039451117, "FDI_val": 0.1006186397620773, "FDI": 0.1006186397620773, "longitude": -121.67521631434218, "latitude": 38.089107278783082, "location": "<a href=\"https://www.google.com/maps?q=38.08910727878308,-121.67521631434218\" target=\"_blank\">click me</a>" }, "geometry": { "type": "Point", "coordinates": [ -121.67521631434218, 38.089107278783082 ] } },
{ "type": "Feature", "properties": { "y": 13499854.965823354, "x": -4918555.7249296317, "time": "2024-12-04T18:56:59.024", "id": "S2B_MSIL2A_20241204T185659_R113_T10SFH_20241204T204216", "s2:product_type": "S2MSI2A", "s2:unclassified_percentage": 0.011178, "s2:medium_proba_clouds_percentage": 0.000269, "s2:processing_baseline": "05.11", "s2:snow_ice_percentage": 0.000163, "s2:degraded_msi_data_percentage": 0.0027, "instruments": "msi", "s2:vegetation_percentage": 19.817396, "s2:product_uri": "S2B_MSIL2A_20241204T185659_N0511_R113_T10SFH_20241204T204216.SAFE", "s2:water_percentage": 4.010833, "s2:cloud_shadow_percentage": 0.0, "s2:high_proba_clouds_percentage": 0.0, "s2:datatake_id": "GS2B_20241204T185659_040465_N05.11", "s2:thin_cirrus_percentage": 0.00074, "s2:mean_solar_zenith": 61.909361329797797, "s2:granule_id": "S2B_OPER_MSI_L2A_TL_2BPS_20241204T204216_A040465_T10SFH_N05.11", "platform": "Sentinel-2B", "sat:relative_orbit": 113, "eo:cloud_cover": 0.001009, "s2:reflectance_conversion_factor": 1.02871767058948, "s2:datastrip_id": "S2B_OPER_MSI_L2A_DS_2BPS_20241204T204216_S20241204T185656_N05.11", "constellation": "Sentinel 2", "s2:datatake_type": "INS-NOBS", "s2:nodata_pixel_percentage": 0.0, "proj:code": "EPSG:32610", "s2:mgrs_tile": "10SFH", "s2:mean_solar_azimuth": 166.48490653242499, "s2:not_vegetated_percentage": 74.881774, "s2:generation_time": "2024-12-04T20:42:16.000000Z", "s2:saturated_defective_pixel_percentage": 0.0, "sat:orbit_state": "descending", "proj:bbox": "{600000.0, 4190220.0, 4300020.0, 709800.0}", "epsg": 32630, "spatial_ref": 0, "is_debris": 1.0, "nir_val": 0.092842633528498031, "re2_val": 0.11154489682097046, "swir1_val": 0.047560676636430474, "red_val": 0.060248713550600352, "FDI_val": 0.10114119673571356, "FDI": 0.10114119673571356, "longitude": -121.67374178941309, "latitude": 38.090136522319064, "location": "<a href=\"https://www.google.com/maps?q=38.090136522319064,-121.67374178941309\" target=\"_blank\">click me</a>" }, "geometry": { "type": "Point", "coordinates": [ -121.673741789413086, 38.090136522319064 ] } },
{ "type": "Feature", "properties": { "y": 13499854.965823354, "x": -4918535.8509333218, "time": "2024-12-04T18:56:59.024", "id": "S2B_MSIL2A_20241204T185659_R113_T10SFH_20241204T204216", "s2:product_type": "S2MSI2A", "s2:unclassified_percentage": 0.011178, "s2:medium_proba_clouds_percentage": 0.000269, "s2:processing_baseline": "05.11", "s2:snow_ice_percentage": 0.000163, "s2:degraded_msi_data_percentage": 0.0027, "instruments": "msi", "s2:vegetation_percentage": 19.817396, "s2:product_uri": "S2B_MSIL2A_20241204T185659_N0511_R113_T10SFH_20241204T204216.SAFE", "s2:water_percentage": 4.010833, "s2:cloud_shadow_percentage": 0.0, "s2:high_proba_clouds_percentage": 0.0, "s2:datatake_id": "GS2B_20241204T185659_040465_N05.11", "s2:thin_cirrus_percentage": 0.00074, "s2:mean_solar_zenith": 61.909361329797797, "s2:granule_id": "S2B_OPER_MSI_L2A_TL_2BPS_20241204T204216_A040465_T10SFH_N05.11", "platform": "Sentinel-2B", "sat:relative_orbit": 113, "eo:cloud_cover": 0.001009, "s2:reflectance_conversion_factor": 1.02871767058948, "s2:datastrip_id": "S2B_OPER_MSI_L2A_DS_2BPS_20241204T204216_S20241204T185656_N05.11", "constellation": "Sentinel 2", "s2:datatake_type": "INS-NOBS", "s2:nodata_pixel_percentage": 0.0, "proj:code": "EPSG:32610", "s2:mgrs_tile": "10SFH", "s2:mean_solar_azimuth": 166.48490653242499, "s2:not_vegetated_percentage": 74.881774, "s2:generation_time": "2024-12-04T20:42:16.000000Z", "s2:saturated_defective_pixel_percentage": 0.0, "sat:orbit_state": "descending", "proj:bbox": "{600000.0, 4190220.0, 4300020.0, 709800.0}", "epsg": 32630, "spatial_ref": 0, "is_debris": 1.0, "nir_val": 0.10048990321424303, "re2_val": 0.098020078081427792, "swir1_val": 0.039225300318705567, "red_val": 0.048456260720411676, "FDI_val": 0.11259337713283463, "FDI": 0.11259337713283463, "longitude": -121.67385033132901, "latitude": 38.090233655017748, "location": "<a href=\"https://www.google.com/maps?q=38.09023365501775,-121.673850331329\" target=\"_blank\">click me</a>" }, "geometry": { "type": "Point", "coordinates": [ -121.673850331329007, 38.090233655017748 ] } },
{ "type": "Feature", "properties": { "y": 13499815.224834453, "x": -4918555.7249296317, "time": "2024-12-04T18:56:59.024", "id": "S2B_MSIL2A_20241204T185659_R113_T10SFH_20241204T204216", "s2:product_type": "S2MSI2A", "s2:unclassified_percentage": 0.011178, "s2:medium_proba_clouds_percentage": 0.000269, "s2:processing_baseline": "05.11", "s2:snow_ice_percentage": 0.000163, "s2:degraded_msi_data_percentage": 0.0027, "instruments": "msi", "s2:vegetation_percentage": 19.817396, "s2:product_uri": "S2B_MSIL2A_20241204T185659_N0511_R113_T10SFH_20241204T204216.SAFE", "s2:water_percentage": 4.010833, "s2:cloud_shadow_percentage": 0.0, "s2:high_proba_clouds_percentage": 0.0, "s2:datatake_id": "GS2B_20241204T185659_040465_N05.11", "s2:thin_cirrus_percentage": 0.00074, "s2:mean_solar_zenith": 61.909361329797797, "s2:granule_id": "S2B_OPER_MSI_L2A_TL_2BPS_20241204T204216_A040465_T10SFH_N05.11", "platform": "Sentinel-2B", "sat:relative_orbit": 113, "eo:cloud_cover": 0.001009, "s2:reflectance_conversion_factor": 1.02871767058948, "s2:datastrip_id": "S2B_OPER_MSI_L2A_DS_2BPS_20241204T204216_S20241204T185656_N05.11", "constellation": "Sentinel 2", "s2:datatake_type": "INS-NOBS", "s2:nodata_pixel_percentage": 0.0, "proj:code": "EPSG:32610", "s2:mgrs_tile": "10SFH", "s2:mean_solar_azimuth": 166.48490653242499, "s2:not_vegetated_percentage": 74.881774, "s2:generation_time": "2024-12-04T20:42:16.000000Z", "s2:saturated_defective_pixel_percentage": 0.0, "sat:orbit_state": "descending", "proj:bbox": "{600000.0, 4190220.0, 4300020.0, 709800.0}", "epsg": 32630, "spatial_ref": 0, "is_debris": 1.0, "nir_val": 0.26084358943720876, "re2_val": 0.20287228109313998, "swir1_val": 0.073424859034076959, "red_val": 0.094982847341337912, "FDI_val": 0.30042838458167886, "FDI": 0.30042838458167886, "longitude": -121.67349602795282, "latitude": 38.090308058187482, "location": "<a href=\"https://www.google.com/maps?q=38.09030805818748,-121.67349602795282\" target=\"_blank\">click me</a>" }, "geometry": { "type": "Point", "coordinates": [ -121.673496027952822, 38.090308058187482 ] } },
{ "type": "Feature", "properties": { "y": 13499815.224834453, "x": -4912653.1480253739, "time": "2024-12-04T18:56:59.024", "id": "S2B_MSIL2A_20241204T185659_R113_T10SFH_20241204T204216", "s2:product_type": "S2MSI2A", "s2:unclassified_percentage": 0.011178, "s2:medium_proba_clouds_percentage": 0.000269, "s2:processing_baseline": "05.11", "s2:snow_ice_percentage": 0.000163, "s2:degraded_msi_data_percentage": 0.0027, "instruments": "msi", "s2:vegetation_percentage": 19.817396, "s2:product_uri": "S2B_MSIL2A_20241204T185659_N0511_R113_T10SFH_20241204T204216.SAFE", "s2:water_percentage": 4.010833, "s2:cloud_shadow_percentage": 0.0, "s2:high_proba_clouds_percentage": 0.0, "s2:datatake_id": "GS2B_20241204T185659_040465_N05.11", "s2:thin_cirrus_percentage": 0.00074, "s2:mean_solar_zenith": 61.909361329797797, "s2:granule_id": "S2B_OPER_MSI_L2A_TL_2BPS_20241204T204216_A040465_T10SFH_N05.11", "platform": "Sentinel-2B", "sat:relative_orbit": 113, "eo:cloud_cover": 0.001009, "s2:reflectance_conversion_factor": 1.02871767058948, "s2:datastrip_id": "S2B_OPER_MSI_L2A_DS_2BPS_20241204T204216_S20241204T185656_N05.11", "constellation": "Sentinel 2", "s2:datatake_type": "INS-NOBS", "s2:nodata_pixel_percentage": 0.0, "proj:code": "EPSG:32610", "s2:mgrs_tile": "10SFH", "s2:mean_solar_azimuth": 166.48490653242499, "s2:not_vegetated_percentage": 74.881774, "s2:generation_time": "2024-12-04T20:42:16.000000Z", "s2:saturated_defective_pixel_percentage": 0.0, "sat:orbit_state": "descending", "proj:bbox": "{600000.0, 4190220.0, 4300020.0, 709800.0}", "epsg": 32630, "spatial_ref": 0, "is_debris": 1.0, "nir_val": 0.070737244593141374, "re2_val": 0.094255437813720033, "swir1_val": 0.030767344937484661, "red_val": 0.042345626072041176, "FDI_val": 0.095396012484116138, "FDI": 0.095396012484116138, "longitude": -121.70575575910942, "latitude": 38.119161286173338, "location": "<a href=\"https://www.google.com/maps?q=38.11916128617334,-121.70575575910942\" target=\"_blank\">click me</a>" }, "geometry": { "type": "Point", "coordinates": [ -121.705755759109422, 38.119161286173338 ] } },
{ "type": "Feature", "properties": { "y": 13499775.483845552, "x": -4912633.2740290631, "time": "2024-12-04T18:56:59.024", "id": "S2B_MSIL2A_20241204T185659_R113_T10SFH_20241204T204216", "s2:product_type": "S2MSI2A", "s2:unclassified_percentage": 0.011178, "s2:medium_proba_clouds_percentage": 0.000269, "s2:processing_baseline": "05.11", "s2:snow_ice_percentage": 0.000163, "s2:degraded_msi_data_percentage": 0.0027, "instruments": "msi", "s2:vegetation_percentage": 19.817396, "s2:product_uri": "S2B_MSIL2A_20241204T185659_N0511_R113_T10SFH_20241204T204216.SAFE", "s2:water_percentage": 4.010833, "s2:cloud_shadow_percentage": 0.0, "s2:high_proba_clouds_percentage": 0.0, "s2:datatake_id": "GS2B_20241204T185659_040465_N05.11", "s2:thin_cirrus_percentage": 0.00074, "s2:mean_solar_zenith": 61.909361329797797, "s2:granule_id": "S2B_OPER_MSI_L2A_TL_2BPS_20241204T204216_A040465_T10SFH_N05.11", "platform": "Sentinel-2B", "sat:relative_orbit": 113, "eo:cloud_cover": 0.001009, "s2:reflectance_conversion_factor": 1.02871767058948, "s2:datastrip_id": "S2B_OPER_MSI_L2A_DS_2BPS_20241204T204216_S20241204T185656_N05.11", "constellation": "Sentinel 2", "s2:datatake_type": "INS-NOBS", "s2:nodata_pixel_percentage": 0.0, "proj:code": "EPSG:32610", "s2:mgrs_tile": "10SFH", "s2:mean_solar_azimuth": 166.48490653242499, "s2:not_vegetated_percentage": 74.881774, "s2:generation_time": "2024-12-04T20:42:16.000000Z", "s2:saturated_defective_pixel_percentage": 0.0, "sat:orbit_state": "descending", "proj:bbox": "{600000.0, 4190220.0, 4300020.0, 709800.0}", "epsg": 32630, "spatial_ref": 0, "is_debris": 1.0, "nir_val": 0.054725773688612755, "re2_val": 0.10917456776352483, "swir1_val": 0.034322137778867348, "red_val": 0.039236706689536882, "FDI_val": 0.085750995420160653, "FDI": 0.085750995420160653, "longitude": -121.70561851427476, "latitude": 38.119430162760722, "location": "<a href=\"https://www.google.com/maps?q=38.11943016276072,-121.70561851427476\" target=\"_blank\">click me</a>" }, "geometry": { "type": "Point", "coordinates": [ -121.705618514274761, 38.119430162760722 ] } },
{ "type": "Feature", "properties": { "y": 13499755.613351101, "x": -4918575.5989259426, "time": "2024-12-04T18:56:59.024", "id": "S2B_MSIL2A_20241204T185659_R113_T10SFH_20241204T204216", "s2:product_type": "S2MSI2A", "s2:unclassified_percentage": 0.011178, "s2:medium_proba_clouds_percentage": 0.000269, "s2:processing_baseline": "05.11", "s2:snow_ice_percentage": 0.000163, "s2:degraded_msi_data_percentage": 0.0027, "instruments": "msi", "s2:vegetation_percentage": 19.817396, "s2:product_uri": "S2B_MSIL2A_20241204T185659_N0511_R113_T10SFH_20241204T204216.SAFE", "s2:water_percentage": 4.010833, "s2:cloud_shadow_percentage": 0.0, "s2:high_proba_clouds_percentage": 0.0, "s2:datatake_id": "GS2B_20241204T185659_040465_N05.11", "s2:thin_cirrus_percentage": 0.00074, "s2:mean_solar_zenith": 61.909361329797797, "s2:granule_id": "S2B_OPER_MSI_L2A_TL_2BPS_20241204T204216_A040465_T10SFH_N05.11", "platform": "Sentinel-2B", "sat:relative_orbit": 113, "eo:cloud_cover": 0.001009, "s2:reflectance_conversion_factor": 1.02871767058948, "s2:datastrip_id": "S2B_OPER_MSI_L2A_DS_2BPS_20241204T204216_S20241204T185656_N05.11", "constellation": "Sentinel 2", "s2:datatake_type": "INS-NOBS", "s2:nodata_pixel_percentage": 0.0, "proj:code": "EPSG:32610", "s2:mgrs_tile": "10SFH", "s2:mean_solar_azimuth": 166.48490653242499, "s2:not_vegetated_percentage": 74.881774, "s2:generation_time": "2024-12-04T20:42:16.000000Z", "s2:saturated_defective_pixel_percentage": 0.0, "sat:orbit_state": "descending", "proj:bbox": "{600000.0, 4190220.0, 4300020.0, 709800.0}", "epsg": 32630, "spatial_ref": 0, "is_debris": 1.0, "nir_val": 0.13872625164296812, "re2_val": 0.13050752928053544, "swir1_val": 0.056018632017651379, "red_val": 0.04759862778730703, "FDI_val": 0.14773760929926313, "FDI": 0.14773760929926313, "longitude": -121.67301884194656, "latitude": 38.090468225380185, "location": "<a href=\"https://www.google.com/maps?q=38.090468225380185,-121.67301884194656\" target=\"_blank\">click me</a>" }, "geometry": { "type": "Point", "coordinates": [ -121.673018841946558, 38.090468225380185 ] } },
{ "type": "Feature", "properties": { "y": 13499755.613351101, "x": -4916429.207324394, "time": "2024-12-04T18:56:59.024", "id": "S2B_MSIL2A_20241204T185659_R113_T10SFH_20241204T204216", "s2:product_type": "S2MSI2A", "s2:unclassified_percentage": 0.011178, "s2:medium_proba_clouds_percentage": 0.000269, "s2:processing_baseline": "05.11", "s2:snow_ice_percentage": 0.000163, "s2:degraded_msi_data_percentage": 0.0027, "instruments": "msi", "s2:vegetation_percentage": 19.817396, "s2:product_uri": "S2B_MSIL2A_20241204T185659_N0511_R113_T10SFH_20241204T204216.SAFE", "s2:water_percentage": 4.010833, "s2:cloud_shadow_percentage": 0.0, "s2:high_proba_clouds_percentage": 0.0, "s2:datatake_id": "GS2B_20241204T185659_040465_N05.11", "s2:thin_cirrus_percentage": 0.00074, "s2:mean_solar_zenith": 61.909361329797797, "s2:granule_id": "S2B_OPER_MSI_L2A_TL_2BPS_20241204T204216_A040465_T10SFH_N05.11", "platform": "Sentinel-2B", "sat:relative_orbit": 113, "eo:cloud_cover": 0.001009, "s2:reflectance_conversion_factor": 1.02871767058948, "s2:datastrip_id": "S2B_OPER_MSI_L2A_DS_2BPS_20241204T204216_S20241204T185656_N05.11", "constellation": "Sentinel 2", "s2:datatake_type": "INS-NOBS", "s2:nodata_pixel_percentage": 0.0, "proj:code": "EPSG:32610", "s2:mgrs_tile": "10SFH", "s2:mean_solar_azimuth": 166.48490653242499, "s2:not_vegetated_percentage": 74.881774, "s2:generation_time": "2024-12-04T20:42:16.000000Z", "s2:saturated_defective_pixel_percentage": 0.0, "sat:orbit_state": "descending", "proj:bbox": "{600000.0, 4190220.0, 4300020.0, 709800.0}", "epsg": 32630, "spatial_ref": 0, "is_debris": 1.0, "nir_val": 0.12104194049468275, "re2_val": 0.076268823201338543, "swir1_val": 0.042412355969600371, "red_val": 0.084476843910806176, "FDI_val": 0.10818681782263156, "FDI": 0.10818681782263156, "longitude": -121.6847441681808, "latitude": 38.100959316500564, "location": "<a href=\"https://www.google.com/maps?q=38.100959316500564,-121.6847441681808\" target=\"_blank\">click me</a>" }, "geometry": { "type": "Point", "coordinates": [ -121.684744168180799, 38.100959316500564 ] } },
{ "type": "Feature", "properties": { "y": 13499696.001867749, "x": -4918595.4729222534, "time": "2024-12-04T18:56:59.024", "id": "S2B_MSIL2A_20241204T185659_R113_T10SFH_20241204T204216", "s2:product_type": "S2MSI2A", "s2:unclassified_percentage": 0.011178, "s2:medium_proba_clouds_percentage": 0.000269, "s2:processing_baseline": "05.11", "s2:snow_ice_percentage": 0.000163, "s2:degraded_msi_data_percentage": 0.0027, "instruments": "msi", "s2:vegetation_percentage": 19.817396, "s2:product_uri": "S2B_MSIL2A_20241204T185659_N0511_R113_T10SFH_20241204T204216.SAFE", "s2:water_percentage": 4.010833, "s2:cloud_shadow_percentage": 0.0, "s2:high_proba_clouds_percentage": 0.0, "s2:datatake_id": "GS2B_20241204T185659_040465_N05.11", "s2:thin_cirrus_percentage": 0.00074, "s2:mean_solar_zenith": 61.909361329797797, "s2:granule_id": "S2B_OPER_MSI_L2A_TL_2BPS_20241204T204216_A040465_T10SFH_N05.11", "platform": "Sentinel-2B", "sat:relative_orbit": 113, "eo:cloud_cover": 0.001009, "s2:reflectance_conversion_factor": 1.02871767058948, "s2:datastrip_id": "S2B_OPER_MSI_L2A_DS_2BPS_20241204T204216_S20241204T185656_N05.11", "constellation": "Sentinel 2", "s2:datatake_type": "INS-NOBS", "s2:nodata_pixel_percentage": 0.0, "proj:code": "EPSG:32610", "s2:mgrs_tile": "10SFH", "s2:mean_solar_azimuth": 166.48490653242499, "s2:not_vegetated_percentage": 74.881774, "s2:generation_time": "2024-12-04T20:42:16.000000Z", "s2:saturated_defective_pixel_percentage": 0.0, "sat:orbit_state": "descending", "proj:bbox": "{600000.0, 4190220.0, 4300020.0, 709800.0}", "epsg": 32630, "spatial_ref": 0, "is_debris": 1.0, "nir_val": 0.094515473772254749, "re2_val": 0.12018962632459565, "swir1_val": 0.054425104192203963, "red_val": 0.054888507718696411, "FDI_val": 0.097503841282932407, "FDI": 0.097503841282932407, "longitude": -121.67254165355608, "latitude": 38.090628387858246, "location": "<a href=\"https://www.google.com/maps?q=38.090628387858246,-121.67254165355608\" target=\"_blank\">click me</a>" }, "geometry": { "type": "Point", "coordinates": [ -121.672541653556081, 38.090628387858246 ] } },
{ "type": "Feature", "properties": { "y": 13499656.260878848, "x": -4917800.513069828, "time": "2024-12-04T18:56:59.024", "id": "S2B_MSIL2A_20241204T185659_R113_T10SFH_20241204T204216", "s2:product_type": "S2MSI2A", "s2:unclassified_percentage": 0.011178, "s2:medium_proba_clouds_percentage": 0.000269, "s2:processing_baseline": "05.11", "s2:snow_ice_percentage": 0.000163, "s2:degraded_msi_data_percentage": 0.0027, "instruments": "msi", "s2:vegetation_percentage": 19.817396, "s2:product_uri": "S2B_MSIL2A_20241204T185659_N0511_R113_T10SFH_20241204T204216.SAFE", "s2:water_percentage": 4.010833, "s2:cloud_shadow_percentage": 0.0, "s2:high_proba_clouds_percentage": 0.0, "s2:datatake_id": "GS2B_20241204T185659_040465_N05.11", "s2:thin_cirrus_percentage": 0.00074, "s2:mean_solar_zenith": 61.909361329797797, "s2:granule_id": "S2B_OPER_MSI_L2A_TL_2BPS_20241204T204216_A040465_T10SFH_N05.11", "platform": "Sentinel-2B", "sat:relative_orbit": 113, "eo:cloud_cover": 0.001009, "s2:reflectance_conversion_factor": 1.02871767058948, "s2:datastrip_id": "S2B_OPER_MSI_L2A_DS_2BPS_20241204T204216_S20241204T185656_N05.11", "constellation": "Sentinel 2", "s2:datatake_type": "INS-NOBS", "s2:nodata_pixel_percentage": 0.0, "proj:code": "EPSG:32610", "s2:mgrs_tile": "10SFH", "s2:mean_solar_azimuth": 166.48490653242499, "s2:not_vegetated_percentage": 74.881774, "s2:generation_time": "2024-12-04T20:42:16.000000Z", "s2:saturated_defective_pixel_percentage": 0.0, "sat:orbit_state": "descending", "proj:bbox": "{600000.0, 4190220.0, 4300020.0, 709800.0}", "epsg": 32630, "spatial_ref": 0, "is_debris": 1.0, "nir_val": 0.12797227864738916, "re2_val": 0.11767986614612383, "swir1_val": 0.056386369208139234, "red_val": 0.069789879931389381, "FDI_val": 0.12509610517876027, "FDI": 0.12509610517876027, "longitude": -121.67663780766962, "latitude": 38.094685418084822, "location": "<a href=\"https://www.google.com/maps?q=38.09468541808482,-121.67663780766962\" target=\"_blank\">click me</a>" }, "geometry": { "type": "Point", "coordinates": [ -121.676637807669621, 38.094685418084822 ] } },
{ "type": "Feature", "properties": { "y": 13499616.519889947, "x": -4918535.8509333218, "time": "2024-12-04T18:56:59.024", "id": "S2B_MSIL2A_20241204T185659_R113_T10SFH_20241204T204216", "s2:product_type": "S2MSI2A", "s2:unclassified_percentage": 0.011178, "s2:medium_proba_clouds_percentage": 0.000269, "s2:processing_baseline": "05.11", "s2:snow_ice_percentage": 0.000163, "s2:degraded_msi_data_percentage": 0.0027, "instruments": "msi", "s2:vegetation_percentage": 19.817396, "s2:product_uri": "S2B_MSIL2A_20241204T185659_N0511_R113_T10SFH_20241204T204216.SAFE", "s2:water_percentage": 4.010833, "s2:cloud_shadow_percentage": 0.0, "s2:high_proba_clouds_percentage": 0.0, "s2:datatake_id": "GS2B_20241204T185659_040465_N05.11", "s2:thin_cirrus_percentage": 0.00074, "s2:mean_solar_zenith": 61.909361329797797, "s2:granule_id": "S2B_OPER_MSI_L2A_TL_2BPS_20241204T204216_A040465_T10SFH_N05.11", "platform": "Sentinel-2B", "sat:relative_orbit": 113, "eo:cloud_cover": 0.001009, "s2:reflectance_conversion_factor": 1.02871767058948, "s2:datastrip_id": "S2B_OPER_MSI_L2A_DS_2BPS_20241204T204216_S20241204T185656_N05.11", "constellation": "Sentinel 2", "s2:datatake_type": "INS-NOBS", "s2:nodata_pixel_percentage": 0.0, "proj:code": "EPSG:32610", "s2:mgrs_tile": "10SFH", "s2:mean_solar_azimuth": 166.48490653242499, "s2:not_vegetated_percentage": 74.881774, "s2:generation_time": "2024-12-04T20:42:16.000000Z", "s2:saturated_defective_pixel_percentage": 0.0, "sat:orbit_state": "descending", "proj:bbox": "{600000.0, 4190220.0, 4300020.0, 709800.0}", "epsg": 32630, "spatial_ref": 0, "is_debris": 1.0, "nir_val": 0.052933444856016254, "re2_val": 0.14166201896263247, "swir1_val": 0.050870311350821276, "red_val": 0.049849914236706705, "FDI_val": 0.081325735388522197, "FDI": 0.081325735388522197, "longitude": -121.67237572767813, "latitude": 38.091262853565638, "location": "<a href=\"https://www.google.com/maps?q=38.09126285356564,-121.67237572767813\" target=\"_blank\">click me</a>" }, "geometry": { "type": "Point", "coordinates": [ -121.67237572767813, 38.091262853565638 ] } },
{ "type": "Feature", "properties": { "y": 13499537.037912143, "x": -4918615.3469185643, "time": "2024-12-04T18:56:59.024", "id": "S2B_MSIL2A_20241204T185659_R113_T10SFH_20241204T204216", "s2:product_type": "S2MSI2A", "s2:unclassified_percentage": 0.011178, "s2:medium_proba_clouds_percentage": 0.000269, "s2:processing_baseline": "05.11", "s2:snow_ice_percentage": 0.000163, "s2:degraded_msi_data_percentage": 0.0027, "instruments": "msi", "s2:vegetation_percentage": 19.817396, "s2:product_uri": "S2B_MSIL2A_20241204T185659_N0511_R113_T10SFH_20241204T204216.SAFE", "s2:water_percentage": 4.010833, "s2:cloud_shadow_percentage": 0.0, "s2:high_proba_clouds_percentage": 0.0, "s2:datatake_id": "GS2B_20241204T185659_040465_N05.11", "s2:thin_cirrus_percentage": 0.00074, "s2:mean_solar_zenith": 61.909361329797797, "s2:granule_id": "S2B_OPER_MSI_L2A_TL_2BPS_20241204T204216_A040465_T10SFH_N05.11", "platform": "Sentinel-2B", "sat:relative_orbit": 113, "eo:cloud_cover": 0.001009, "s2:reflectance_conversion_factor": 1.02871767058948, "s2:datastrip_id": "S2B_OPER_MSI_L2A_DS_2BPS_20241204T204216_S20241204T185656_N05.11", "constellation": "Sentinel 2", "s2:datatake_type": "INS-NOBS", "s2:nodata_pixel_percentage": 0.0, "proj:code": "EPSG:32610", "s2:mgrs_tile": "10SFH", "s2:mean_solar_azimuth": 166.48490653242499, "s2:not_vegetated_percentage": 74.881774, "s2:generation_time": "2024-12-04T20:42:16.000000Z", "s2:saturated_defective_pixel_percentage": 0.0, "sat:orbit_state": "descending", "proj:bbox": "{600000.0, 4190220.0, 4300020.0, 709800.0}", "epsg": 32630, "spatial_ref": 0, "is_debris": 1.0, "nir_val": 0.18126418926992474, "re2_val": 0.1473786949247072, "swir1_val": 0.072321647462613367, "red_val": 0.052744425385934823, "FDI_val": 0.17446853562342501, "FDI": 0.17446853562342501, "longitude": -121.67145003099287, "latitude": 38.091217359752683, "location": "<a href=\"https://www.google.com/maps?q=38.09121735975268,-121.67145003099287\" target=\"_blank\">click me</a>" }, "geometry": { "type": "Point", "coordinates": [ -121.671450030992872, 38.091217359752683 ] } },
{ "type": "Feature", "properties": { "y": 13499497.296923243, "x": -4912573.6520401314, "time": "2024-12-04T18:56:59.024", "id": "S2B_MSIL2A_20241204T185659_R113_T10SFH_20241204T204216", "s2:product_type": "S2MSI2A", "s2:unclassified_percentage": 0.011178, "s2:medium_proba_clouds_percentage": 0.000269, "s2:processing_baseline": "05.11", "s2:snow_ice_percentage": 0.000163, "s2:degraded_msi_data_percentage": 0.0027, "instruments": "msi", "s2:vegetation_percentage": 19.817396, "s2:product_uri": "S2B_MSIL2A_20241204T185659_N0511_R113_T10SFH_20241204T204216.SAFE", "s2:water_percentage": 4.010833, "s2:cloud_shadow_percentage": 0.0, "s2:high_proba_clouds_percentage": 0.0, "s2:datatake_id": "GS2B_20241204T185659_040465_N05.11", "s2:thin_cirrus_percentage": 0.00074, "s2:mean_solar_zenith": 61.909361329797797, "s2:granule_id": "S2B_OPER_MSI_L2A_TL_2BPS_20241204T204216_A040465_T10SFH_N05.11", "platform": "Sentinel-2B", "sat:relative_orbit": 113, "eo:cloud_cover": 0.001009, "s2:reflectance_conversion_factor": 1.02871767058948, "s2:datastrip_id": "S2B_OPER_MSI_L2A_DS_2BPS_20241204T204216_S20241204T185656_N05.11", "constellation": "Sentinel 2", "s2:datatake_type": "INS-NOBS", "s2:nodata_pixel_percentage": 0.0, "proj:code": "EPSG:32610", "s2:mgrs_tile": "10SFH", "s2:mean_solar_azimuth": 166.48490653242499, "s2:not_vegetated_percentage": 74.881774, "s2:generation_time": "2024-12-04T20:42:16.000000Z", "s2:saturated_defective_pixel_percentage": 0.0, "sat:orbit_state": "descending", "proj:bbox": "{600000.0, 4190220.0, 4300020.0, 709800.0}", "epsg": 32630, "spatial_ref": 0, "is_debris": 1.0, "nir_val": 0.049587764368502818, "re2_val": 0.10276073619631904, "swir1_val": 0.028806079921549391, "red_val": 0.042774442538593499, "FDI_val": 0.085345273258260246, "FDI": 0.085345273258260246, "longitude": -121.70422294470775, "latitude": 38.120923617521456, "location": "<a href=\"https://www.google.com/maps?q=38.120923617521456,-121.70422294470775\" target=\"_blank\">click me</a>" }, "geometry": { "type": "Point", "coordinates": [ -121.704222944707752, 38.120923617521456 ] } },
{ "type": "Feature", "properties": { "y": 13499358.203462088, "x": -4918674.968907496, "time": "2024-12-04T18:56:59.024", "id": "S2B_MSIL2A_20241204T185659_R113_T10SFH_20241204T204216", "s2:product_type": "S2MSI2A", "s2:unclassified_percentage": 0.011178, "s2:medium_proba_clouds_percentage": 0.000269, "s2:processing_baseline": "05.11", "s2:snow_ice_percentage": 0.000163, "s2:degraded_msi_data_percentage": 0.0027, "instruments": "msi", "s2:vegetation_percentage": 19.817396, "s2:product_uri": "S2B_MSIL2A_20241204T185659_N0511_R113_T10SFH_20241204T204216.SAFE", "s2:water_percentage": 4.010833, "s2:cloud_shadow_percentage": 0.0, "s2:high_proba_clouds_percentage": 0.0, "s2:datatake_id": "GS2B_20241204T185659_040465_N05.11", "s2:thin_cirrus_percentage": 0.00074, "s2:mean_solar_zenith": 61.909361329797797, "s2:granule_id": "S2B_OPER_MSI_L2A_TL_2BPS_20241204T204216_A040465_T10SFH_N05.11", "platform": "Sentinel-2B", "sat:relative_orbit": 113, "eo:cloud_cover": 0.001009, "s2:reflectance_conversion_factor": 1.02871767058948, "s2:datastrip_id": "S2B_OPER_MSI_L2A_DS_2BPS_20241204T204216_S20241204T185656_N05.11", "constellation": "Sentinel 2", "s2:datatake_type": "INS-NOBS", "s2:nodata_pixel_percentage": 0.0, "proj:code": "EPSG:32610", "s2:mgrs_tile": "10SFH", "s2:mean_solar_azimuth": 166.48490653242499, "s2:not_vegetated_percentage": 74.881774, "s2:generation_time": "2024-12-04T20:42:16.000000Z", "s2:saturated_defective_pixel_percentage": 0.0, "sat:orbit_state": "descending", "proj:bbox": "{600000.0, 4190220.0, 4300020.0, 709800.0}", "epsg": 32630, "spatial_ref": 0, "is_debris": 1.0, "nir_val": 0.11482853387501493, "re2_val": 0.12102621305075295, "swir1_val": 0.060063741113017891, "red_val": 0.048885077186963971, "FDI_val": 0.10798599842192447, "FDI": 0.10798599842192447, "longitude": -121.67001842535971, "latitude": 38.09169778511523, "location": "<a href=\"https://www.google.com/maps?q=38.09169778511523,-121.67001842535971\" target=\"_blank\">click me</a>" }, "geometry": { "type": "Point", "coordinates": [ -121.670018425359714, 38.09169778511523 ] } },
{ "type": "Feature", "properties": { "y": 13499278.721484285, "x": -4912514.0300511997, "time": "2024-12-04T18:56:59.024", "id": "S2B_MSIL2A_20241204T185659_R113_T10SFH_20241204T204216", "s2:product_type": "S2MSI2A", "s2:unclassified_percentage": 0.011178, "s2:medium_proba_clouds_percentage": 0.000269, "s2:processing_baseline": "05.11", "s2:snow_ice_percentage": 0.000163, "s2:degraded_msi_data_percentage": 0.0027, "instruments": "msi", "s2:vegetation_percentage": 19.817396, "s2:product_uri": "S2B_MSIL2A_20241204T185659_N0511_R113_T10SFH_20241204T204216.SAFE", "s2:water_percentage": 4.010833, "s2:cloud_shadow_percentage": 0.0, "s2:high_proba_clouds_percentage": 0.0, "s2:datatake_id": "GS2B_20241204T185659_040465_N05.11", "s2:thin_cirrus_percentage": 0.00074, "s2:mean_solar_zenith": 61.909361329797797, "s2:granule_id": "S2B_OPER_MSI_L2A_TL_2BPS_20241204T204216_A040465_T10SFH_N05.11", "platform": "Sentinel-2B", "sat:relative_orbit": 113, "eo:cloud_cover": 0.001009, "s2:reflectance_conversion_factor": 1.02871767058948, "s2:datastrip_id": "S2B_OPER_MSI_L2A_DS_2BPS_20241204T204216_S20241204T185656_N05.11", "constellation": "Sentinel 2", "s2:datatake_type": "INS-NOBS", "s2:nodata_pixel_percentage": 0.0, "proj:code": "EPSG:32610", "s2:mgrs_tile": "10SFH", "s2:mean_solar_azimuth": 166.48490653242499, "s2:not_vegetated_percentage": 74.881774, "s2:generation_time": "2024-12-04T20:42:16.000000Z", "s2:saturated_defective_pixel_percentage": 0.0, "sat:orbit_state": "descending", "proj:bbox": "{600000.0, 4190220.0, 4300020.0, 709800.0}", "epsg": 32630, "spatial_ref": 0, "is_debris": 1.0, "nir_val": 0.11172183056518104, "re2_val": 0.13720022308979365, "swir1_val": 0.072934542780093134, "red_val": 0.069468267581475146, "FDI_val": 0.094892246785620096, "FDI": 0.094892246785620096, "longitude": -121.70319621282077, "latitude": 38.122159486651178, "location": "<a href=\"https://www.google.com/maps?q=38.12215948665118,-121.70319621282077\" target=\"_blank\">click me</a>" }, "geometry": { "type": "Point", "coordinates": [ -121.703196212820771, 38.122159486651178 ] } },
{ "type": "Feature", "properties": { "y": 13499099.88703423, "x": -4918635.2209148742, "time": "2024-12-04T18:56:59.024", "id": "S2B_MSIL2A_20241204T185659_R113_T10SFH_20241204T204216", "s2:product_type": "S2MSI2A", "s2:unclassified_percentage": 0.011178, "s2:medium_proba_clouds_percentage": 0.000269, "s2:processing_baseline": "05.11", "s2:snow_ice_percentage": 0.000163, "s2:degraded_msi_data_percentage": 0.0027, "instruments": "msi", "s2:vegetation_percentage": 19.817396, "s2:product_uri": "S2B_MSIL2A_20241204T185659_N0511_R113_T10SFH_20241204T204216.SAFE", "s2:water_percentage": 4.010833, "s2:cloud_shadow_percentage": 0.0, "s2:high_proba_clouds_percentage": 0.0, "s2:datatake_id": "GS2B_20241204T185659_040465_N05.11", "s2:thin_cirrus_percentage": 0.00074, "s2:mean_solar_zenith": 61.909361329797797, "s2:granule_id": "S2B_OPER_MSI_L2A_TL_2BPS_20241204T204216_A040465_T10SFH_N05.11", "platform": "Sentinel-2B", "sat:relative_orbit": 113, "eo:cloud_cover": 0.001009, "s2:reflectance_conversion_factor": 1.02871767058948, "s2:datastrip_id": "S2B_OPER_MSI_L2A_DS_2BPS_20241204T204216_S20241204T185656_N05.11", "constellation": "Sentinel 2", "s2:datatake_type": "INS-NOBS", "s2:nodata_pixel_percentage": 0.0, "proj:code": "EPSG:32610", "s2:mgrs_tile": "10SFH", "s2:mean_solar_azimuth": 166.48490653242499, "s2:not_vegetated_percentage": 74.881774, "s2:generation_time": "2024-12-04T20:42:16.000000Z", "s2:saturated_defective_pixel_percentage": 0.0, "sat:orbit_state": "descending", "proj:bbox": "{600000.0, 4190220.0, 4300020.0, 709800.0}", "epsg": 32630, "spatial_ref": 0, "is_debris": 1.0, "nir_val": 0.067272075516788155, "re2_val": 0.10652537646402679, "swir1_val": 0.04057367001716107, "red_val": 0.039236706689536882, "FDI_val": 0.084275292080224135, "FDI": 0.084275292080224135, "longitude": -121.6686378476557, "latitude": 38.0930068981829, "location": "<a href=\"https://www.google.com/maps?q=38.0930068981829,-121.6686378476557\" target=\"_blank\">click me</a>" }, "geometry": { "type": "Point", "coordinates": [ -121.668637847655702, 38.0930068981829 ] } },
{ "type": "Feature", "properties": { "y": 13499080.016539779, "x": -4918794.2128853593, "time": "2024-12-04T18:56:59.024", "id": "S2B_MSIL2A_20241204T185659_R113_T10SFH_20241204T204216", "s2:product_type": "S2MSI2A", "s2:unclassified_percentage": 0.011178, "s2:medium_proba_clouds_percentage": 0.000269, "s2:processing_baseline": "05.11", "s2:snow_ice_percentage": 0.000163, "s2:degraded_msi_data_percentage": 0.0027, "instruments": "msi", "s2:vegetation_percentage": 19.817396, "s2:product_uri": "S2B_MSIL2A_20241204T185659_N0511_R113_T10SFH_20241204T204216.SAFE", "s2:water_percentage": 4.010833, "s2:cloud_shadow_percentage": 0.0, "s2:high_proba_clouds_percentage": 0.0, "s2:datatake_id": "GS2B_20241204T185659_040465_N05.11", "s2:thin_cirrus_percentage": 0.00074, "s2:mean_solar_zenith": 61.909361329797797, "s2:granule_id": "S2B_OPER_MSI_L2A_TL_2BPS_20241204T204216_A040465_T10SFH_N05.11", "platform": "Sentinel-2B", "sat:relative_orbit": 113, "eo:cloud_cover": 0.001009, "s2:reflectance_conversion_factor": 1.02871767058948, "s2:datastrip_id": "S2B_OPER_MSI_L2A_DS_2BPS_20241204T204216_S20241204T185656_N05.11", "constellation": "Sentinel 2", "s2:datatake_type": "INS-NOBS", "s2:nodata_pixel_percentage": 0.0, "proj:code": "EPSG:32610", "s2:mgrs_tile": "10SFH", "s2:mean_solar_azimuth": 166.48490653242499, "s2:not_vegetated_percentage": 74.881774, "s2:generation_time": "2024-12-04T20:42:16.000000Z", "s2:saturated_defective_pixel_percentage": 0.0, "sat:orbit_state": "descending", "proj:bbox": "{600000.0, 4190220.0, 4300020.0, 709800.0}", "epsg": 32630, "spatial_ref": 0, "is_debris": 1.0, "nir_val": 0.17528975982793646, "re2_val": 0.16452872281093139, "swir1_val": 0.081760235351801894, "red_val": 0.088979416809605499, "FDI_val": 0.16578772781346982, "FDI": 0.16578772781346982, "longitude": -121.66764674182028, "latitude": 38.092315505043992, "location": "<a href=\"https://www.google.com/maps?q=38.09231550504399,-121.66764674182028\" target=\"_blank\">click me</a>" }, "geometry": { "type": "Point", "coordinates": [ -121.667646741820278, 38.092315505043992 ] } },
{ "type": "Feature", "properties": { "y": 13499040.275550878, "x": -4918655.0949111851, "time": "2024-12-04T18:56:59.024", "id": "S2B_MSIL2A_20241204T185659_R113_T10SFH_20241204T204216", "s2:product_type": "S2MSI2A", "s2:unclassified_percentage": 0.011178, "s2:medium_proba_clouds_percentage": 0.000269, "s2:processing_baseline": "05.11", "s2:snow_ice_percentage": 0.000163, "s2:degraded_msi_data_percentage": 0.0027, "instruments": "msi", "s2:vegetation_percentage": 19.817396, "s2:product_uri": "S2B_MSIL2A_20241204T185659_N0511_R113_T10SFH_20241204T204216.SAFE", "s2:water_percentage": 4.010833, "s2:cloud_shadow_percentage": 0.0, "s2:high_proba_clouds_percentage": 0.0, "s2:datatake_id": "GS2B_20241204T185659_040465_N05.11", "s2:thin_cirrus_percentage": 0.00074, "s2:mean_solar_zenith": 61.909361329797797, "s2:granule_id": "S2B_OPER_MSI_L2A_TL_2BPS_20241204T204216_A040465_T10SFH_N05.11", "platform": "Sentinel-2B", "sat:relative_orbit": 113, "eo:cloud_cover": 0.001009, "s2:reflectance_conversion_factor": 1.02871767058948, "s2:datastrip_id": "S2B_OPER_MSI_L2A_DS_2BPS_20241204T204216_S20241204T185656_N05.11", "constellation": "Sentinel 2", "s2:datatake_type": "INS-NOBS", "s2:nodata_pixel_percentage": 0.0, "proj:code": "EPSG:32610", "s2:mgrs_tile": "10SFH", "s2:mean_solar_azimuth": 166.48490653242499, "s2:not_vegetated_percentage": 74.881774, "s2:generation_time": "2024-12-04T20:42:16.000000Z", "s2:saturated_defective_pixel_percentage": 0.0, "sat:orbit_state": "descending", "proj:bbox": "{600000.0, 4190220.0, 4300020.0, 709800.0}", "epsg": 32630, "spatial_ref": 0, "is_debris": 1.0, "nir_val": 0.093320587883857109, "re2_val": 0.082264361405465697, "swir1_val": 0.027335131159597945, "red_val": 0.040094339622641528, "FDI_val": 0.11393954662144529, "FDI": 0.11393954662144529, "longitude": -121.668160621705, "latitude": 38.09316701509298, "location": "<a href=\"https://www.google.com/maps?q=38.09316701509298,-121.668160621705\" target=\"_blank\">click me</a>" }, "geometry": { "type": "Point", "coordinates": [ -121.668160621704999, 38.09316701509298 ] } },
{ "type": "Feature", "properties": { "y": 13499000.534561977, "x": -4918674.968907496, "time": "2024-12-04T18:56:59.024", "id": "S2B_MSIL2A_20241204T185659_R113_T10SFH_20241204T204216", "s2:product_type": "S2MSI2A", "s2:unclassified_percentage": 0.011178, "s2:medium_proba_clouds_percentage": 0.000269, "s2:processing_baseline": "05.11", "s2:snow_ice_percentage": 0.000163, "s2:degraded_msi_data_percentage": 0.0027, "instruments": "msi", "s2:vegetation_percentage": 19.817396, "s2:product_uri": "S2B_MSIL2A_20241204T185659_N0511_R113_T10SFH_20241204T204216.SAFE", "s2:water_percentage": 4.010833, "s2:cloud_shadow_percentage": 0.0, "s2:high_proba_clouds_percentage": 0.0, "s2:datatake_id": "GS2B_20241204T185659_040465_N05.11", "s2:thin_cirrus_percentage": 0.00074, "s2:mean_solar_zenith": 61.909361329797797, "s2:granule_id": "S2B_OPER_MSI_L2A_TL_2BPS_20241204T204216_A040465_T10SFH_N05.11", "platform": "Sentinel-2B", "sat:relative_orbit": 113, "eo:cloud_cover": 0.001009, "s2:reflectance_conversion_factor": 1.02871767058948, "s2:datastrip_id": "S2B_OPER_MSI_L2A_DS_2BPS_20241204T204216_S20241204T185656_N05.11", "constellation": "Sentinel 2", "s2:datatake_type": "INS-NOBS", "s2:nodata_pixel_percentage": 0.0, "proj:code": "EPSG:32610", "s2:mgrs_tile": "10SFH", "s2:mean_solar_azimuth": 166.48490653242499, "s2:not_vegetated_percentage": 74.881774, "s2:generation_time": "2024-12-04T20:42:16.000000Z", "s2:saturated_defective_pixel_percentage": 0.0, "sat:orbit_state": "descending", "proj:bbox": "{600000.0, 4190220.0, 4300020.0, 709800.0}", "epsg": 32630, "spatial_ref": 0, "is_debris": 1.0, "nir_val": 0.071812641892699258, "re2_val": 0.098020078081427792, "swir1_val": 0.037386614366266238, "red_val": 0.040094339622641528, "FDI_val": 0.087360003785701024, "FDI": 0.087360003785701024, "longitude": -121.66780629448755, "latitude": 38.093241375472296, "location": "<a href=\"https://www.google.com/maps?q=38.093241375472296,-121.66780629448755\" target=\"_blank\">click me</a>" }, "geometry": { "type": "Point", "coordinates": [ -121.667806294487548, 38.093241375472296 ] } },
{ "type": "Feature", "properties": { "y": 13498940.923078625, "x": -4918833.960877981, "time": "2024-12-04T18:56:59.024", "id": "S2B_MSIL2A_20241204T185659_R113_T10SFH_20241204T204216", "s2:product_type": "S2MSI2A", "s2:unclassified_percentage": 0.011178, "s2:medium_proba_clouds_percentage": 0.000269, "s2:processing_baseline": "05.11", "s2:snow_ice_percentage": 0.000163, "s2:degraded_msi_data_percentage": 0.0027, "instruments": "msi", "s2:vegetation_percentage": 19.817396, "s2:product_uri": "S2B_MSIL2A_20241204T185659_N0511_R113_T10SFH_20241204T204216.SAFE", "s2:water_percentage": 4.010833, "s2:cloud_shadow_percentage": 0.0, "s2:high_proba_clouds_percentage": 0.0, "s2:datatake_id": "GS2B_20241204T185659_040465_N05.11", "s2:thin_cirrus_percentage": 0.00074, "s2:mean_solar_zenith": 61.909361329797797, "s2:granule_id": "S2B_OPER_MSI_L2A_TL_2BPS_20241204T204216_A040465_T10SFH_N05.11", "platform": "Sentinel-2B", "sat:relative_orbit": 113, "eo:cloud_cover": 0.001009, "s2:reflectance_conversion_factor": 1.02871767058948, "s2:datastrip_id": "S2B_OPER_MSI_L2A_DS_2BPS_20241204T204216_S20241204T185656_N05.11", "constellation": "Sentinel 2", "s2:datatake_type": "INS-NOBS", "s2:nodata_pixel_percentage": 0.0, "proj:code": "EPSG:32610", "s2:mgrs_tile": "10SFH", "s2:mean_solar_azimuth": 166.48490653242499, "s2:not_vegetated_percentage": 74.881774, "s2:generation_time": "2024-12-04T20:42:16.000000Z", "s2:saturated_defective_pixel_percentage": 0.0, "sat:orbit_state": "descending", "proj:bbox": "{600000.0, 4190220.0, 4300020.0, 709800.0}", "epsg": 32630, "spatial_ref": 0, "is_debris": 1.0, "nir_val": 0.069183892938224412, "re2_val": 0.10206358059118797, "swir1_val": 0.040941407207648925, "red_val": 0.048777873070325911, "FDI_val": 0.08160311328763338, "FDI": 0.08160311328763338, "longitude": -121.66656940790764, "latitude": 38.092721467701502, "location": "<a href=\"https://www.google.com/maps?q=38.0927214677015,-121.66656940790764\" target=\"_blank\">click me</a>" }, "geometry": { "type": "Point", "coordinates": [ -121.666569407907645, 38.092721467701502 ] } },
{ "type": "Feature", "properties": { "y": 13498921.052584173, "x": -4918714.7169001168, "time": "2024-12-04T18:56:59.024", "id": "S2B_MSIL2A_20241204T185659_R113_T10SFH_20241204T204216", "s2:product_type": "S2MSI2A", "s2:unclassified_percentage": 0.011178, "s2:medium_proba_clouds_percentage": 0.000269, "s2:processing_baseline": "05.11", "s2:snow_ice_percentage": 0.000163, "s2:degraded_msi_data_percentage": 0.0027, "instruments": "msi", "s2:vegetation_percentage": 19.817396, "s2:product_uri": "S2B_MSIL2A_20241204T185659_N0511_R113_T10SFH_20241204T204216.SAFE", "s2:water_percentage": 4.010833, "s2:cloud_shadow_percentage": 0.0, "s2:high_proba_clouds_percentage": 0.0, "s2:datatake_id": "GS2B_20241204T185659_040465_N05.11", "s2:thin_cirrus_percentage": 0.00074, "s2:mean_solar_zenith": 61.909361329797797, "s2:granule_id": "S2B_OPER_MSI_L2A_TL_2BPS_20241204T204216_A040465_T10SFH_N05.11", "platform": "Sentinel-2B", "sat:relative_orbit": 113, "eo:cloud_cover": 0.001009, "s2:reflectance_conversion_factor": 1.02871767058948, "s2:datastrip_id": "S2B_OPER_MSI_L2A_DS_2BPS_20241204T204216_S20241204T185656_N05.11", "constellation": "Sentinel 2", "s2:datatake_type": "INS-NOBS", "s2:nodata_pixel_percentage": 0.0, "proj:code": "EPSG:32610", "s2:mgrs_tile": "10SFH", "s2:mean_solar_azimuth": 166.48490653242499, "s2:not_vegetated_percentage": 74.881774, "s2:generation_time": "2024-12-04T20:42:16.000000Z", "s2:saturated_defective_pixel_percentage": 0.0, "sat:orbit_state": "descending", "proj:bbox": "{600000.0, 4190220.0, 4300020.0, 709800.0}", "epsg": 32630, "spatial_ref": 0, "is_debris": 1.0, "nir_val": 0.07922093440076472, "re2_val": 0.10708310094813164, "swir1_val": 0.036528560921794559, "red_val": 0.040094339622641528, "FDI_val": 0.10428760683529617, "FDI": 0.10428760683529617, "longitude": -121.66709763893869, "latitude": 38.093390088930292, "location": "<a href=\"https://www.google.com/maps?q=38.09339008893029,-121.66709763893869\" target=\"_blank\">click me</a>" }, "geometry": { "type": "Point", "coordinates": [ -121.667097638938685, 38.093390088930292 ] } },
{ "type": "Feature", "properties": { "y": 13498841.570606371, "x": -4918873.7088706018, "time": "2024-12-04T18:56:59.024", "id": "S2B_MSIL2A_20241204T185659_R113_T10SFH_20241204T204216", "s2:product_type": "S2MSI2A", "s2:unclassified_percentage": 0.011178, "s2:medium_proba_clouds_percentage": 0.000269, "s2:processing_baseline": "05.11", "s2:snow_ice_percentage": 0.000163, "s2:degraded_msi_data_percentage": 0.0027, "instruments": "msi", "s2:vegetation_percentage": 19.817396, "s2:product_uri": "S2B_MSIL2A_20241204T185659_N0511_R113_T10SFH_20241204T204216.SAFE", "s2:water_percentage": 4.010833, "s2:cloud_shadow_percentage": 0.0, "s2:high_proba_clouds_percentage": 0.0, "s2:datatake_id": "GS2B_20241204T185659_040465_N05.11", "s2:thin_cirrus_percentage": 0.00074, "s2:mean_solar_zenith": 61.909361329797797, "s2:granule_id": "S2B_OPER_MSI_L2A_TL_2BPS_20241204T204216_A040465_T10SFH_N05.11", "platform": "Sentinel-2B", "sat:relative_orbit": 113, "eo:cloud_cover": 0.001009, "s2:reflectance_conversion_factor": 1.02871767058948, "s2:datastrip_id": "S2B_OPER_MSI_L2A_DS_2BPS_20241204T204216_S20241204T185656_N05.11", "constellation": "Sentinel 2", "s2:datatake_type": "INS-NOBS", "s2:nodata_pixel_percentage": 0.0, "proj:code": "EPSG:32610", "s2:mgrs_tile": "10SFH", "s2:mean_solar_azimuth": 166.48490653242499, "s2:not_vegetated_percentage": 74.881774, "s2:generation_time": "2024-12-04T20:42:16.000000Z", "s2:saturated_defective_pixel_percentage": 0.0, "sat:orbit_state": "descending", "proj:bbox": "{600000.0, 4190220.0, 4300020.0, 709800.0}", "epsg": 32630, "spatial_ref": 0, "is_debris": 1.0, "nir_val": 0.081849683355239594, "re2_val": 0.12785833798103738, "swir1_val": 0.049521941652365772, "red_val": 0.048885077186963971, "FDI_val": 0.10071665913266648, "FDI": 0.10071665913266648, "longitude": -121.66573786400727, "latitude": 38.092955913977271, "location": "<a href=\"https://www.google.com/maps?q=38.09295591397727,-121.66573786400727\" target=\"_blank\">click me</a>" }, "geometry": { "type": "Point", "coordinates": [ -121.665737864007269, 38.092955913977271 ] } },
{ "type": "Feature", "properties": { "y": 13498781.959123019, "x": -4918814.0868816702, "time": "2024-12-04T18:56:59.024", "id": "S2B_MSIL2A_20241204T185659_R113_T10SFH_20241204T204216", "s2:product_type": "S2MSI2A", "s2:unclassified_percentage": 0.011178, "s2:medium_proba_clouds_percentage": 0.000269, "s2:processing_baseline": "05.11", "s2:snow_ice_percentage": 0.000163, "s2:degraded_msi_data_percentage": 0.0027, "instruments": "msi", "s2:vegetation_percentage": 19.817396, "s2:product_uri": "S2B_MSIL2A_20241204T185659_N0511_R113_T10SFH_20241204T204216.SAFE", "s2:water_percentage": 4.010833, "s2:cloud_shadow_percentage": 0.0, "s2:high_proba_clouds_percentage": 0.0, "s2:datatake_id": "GS2B_20241204T185659_040465_N05.11", "s2:thin_cirrus_percentage": 0.00074, "s2:mean_solar_zenith": 61.909361329797797, "s2:granule_id": "S2B_OPER_MSI_L2A_TL_2BPS_20241204T204216_A040465_T10SFH_N05.11", "platform": "Sentinel-2B", "sat:relative_orbit": 113, "eo:cloud_cover": 0.001009, "s2:reflectance_conversion_factor": 1.02871767058948, "s2:datastrip_id": "S2B_OPER_MSI_L2A_DS_2BPS_20241204T204216_S20241204T185656_N05.11", "constellation": "Sentinel 2", "s2:datatake_type": "INS-NOBS", "s2:nodata_pixel_percentage": 0.0, "proj:code": "EPSG:32610", "s2:mgrs_tile": "10SFH", "s2:mean_solar_azimuth": 166.48490653242499, "s2:not_vegetated_percentage": 74.881774, "s2:generation_time": "2024-12-04T20:42:16.000000Z", "s2:saturated_defective_pixel_percentage": 0.0, "sat:orbit_state": "descending", "proj:bbox": "{600000.0, 4190220.0, 4300020.0, 709800.0}", "epsg": 32630, "spatial_ref": 0, "is_debris": 1.0, "nir_val": 0.094157008005735454, "re2_val": 0.13664249860568881, "swir1_val": 0.03848982593772983, "red_val": 0.035591766723842205, "FDI_val": 0.141356023286065, "FDI": 0.141356023286065, "longitude": -121.66569470943671, "latitude": 38.093504592931744, "location": "<a href=\"https://www.google.com/maps?q=38.093504592931744,-121.6656947094367\" target=\"_blank\">click me</a>" }, "geometry": { "type": "Point", "coordinates": [ -121.665694709436707, 38.093504592931744 ] } },
{ "type": "Feature", "properties": { "y": 13498622.995167414, "x": -4918973.0788521552, "time": "2024-12-04T18:56:59.024", "id": "S2B_MSIL2A_20241204T185659_R113_T10SFH_20241204T204216", "s2:product_type": "S2MSI2A", "s2:unclassified_percentage": 0.011178, "s2:medium_proba_clouds_percentage": 0.000269, "s2:processing_baseline": "05.11", "s2:snow_ice_percentage": 0.000163, "s2:degraded_msi_data_percentage": 0.0027, "instruments": "msi", "s2:vegetation_percentage": 19.817396, "s2:product_uri": "S2B_MSIL2A_20241204T185659_N0511_R113_T10SFH_20241204T204216.SAFE", "s2:water_percentage": 4.010833, "s2:cloud_shadow_percentage": 0.0, "s2:high_proba_clouds_percentage": 0.0, "s2:datatake_id": "GS2B_20241204T185659_040465_N05.11", "s2:thin_cirrus_percentage": 0.00074, "s2:mean_solar_zenith": 61.909361329797797, "s2:granule_id": "S2B_OPER_MSI_L2A_TL_2BPS_20241204T204216_A040465_T10SFH_N05.11", "platform": "Sentinel-2B", "sat:relative_orbit": 113, "eo:cloud_cover": 0.001009, "s2:reflectance_conversion_factor": 1.02871767058948, "s2:datastrip_id": "S2B_OPER_MSI_L2A_DS_2BPS_20241204T204216_S20241204T185656_N05.11", "constellation": "Sentinel 2", "s2:datatake_type": "INS-NOBS", "s2:nodata_pixel_percentage": 0.0, "proj:code": "EPSG:32610", "s2:mgrs_tile": "10SFH", "s2:mean_solar_azimuth": 166.48490653242499, "s2:not_vegetated_percentage": 74.881774, "s2:generation_time": "2024-12-04T20:42:16.000000Z", "s2:saturated_defective_pixel_percentage": 0.0, "sat:orbit_state": "descending", "proj:bbox": "{600000.0, 4190220.0, 4300020.0, 709800.0}", "epsg": 32630, "spatial_ref": 0, "is_debris": 1.0, "nir_val": 0.080296331700322632, "re2_val": 0.084913552704963757, "swir1_val": 0.028560921794557478, "red_val": 0.042881646655231559, "FDI_val": 0.10093215117675475, "FDI": 0.10093215117675475, "longitude": -121.66384334246658, "latitude": 38.093413357302722, "location": "<a href=\"https://www.google.com/maps?q=38.09341335730272,-121.66384334246658\" target=\"_blank\">click me</a>" }, "geometry": { "type": "Point", "coordinates": [ -121.663843342466578, 38.093413357302722 ] } },
{ "type": "Feature", "properties": { "y": 13498583.254178513, "x": -4915276.5155383777, "time": "2024-12-04T18:56:59.024", "id": "S2B_MSIL2A_20241204T185659_R113_T10SFH_20241204T204216", "s2:product_type": "S2MSI2A", "s2:unclassified_percentage": 0.011178, "s2:medium_proba_clouds_percentage": 0.000269, "s2:processing_baseline": "05.11", "s2:snow_ice_percentage": 0.000163, "s2:degraded_msi_data_percentage": 0.0027, "instruments": "msi", "s2:vegetation_percentage": 19.817396, "s2:product_uri": "S2B_MSIL2A_20241204T185659_N0511_R113_T10SFH_20241204T204216.SAFE", "s2:water_percentage": 4.010833, "s2:cloud_shadow_percentage": 0.0, "s2:high_proba_clouds_percentage": 0.0, "s2:datatake_id": "GS2B_20241204T185659_040465_N05.11", "s2:thin_cirrus_percentage": 0.00074, "s2:mean_solar_zenith": 61.909361329797797, "s2:granule_id": "S2B_OPER_MSI_L2A_TL_2BPS_20241204T204216_A040465_T10SFH_N05.11", "platform": "Sentinel-2B", "sat:relative_orbit": 113, "eo:cloud_cover": 0.001009, "s2:reflectance_conversion_factor": 1.02871767058948, "s2:datastrip_id": "S2B_OPER_MSI_L2A_DS_2BPS_20241204T204216_S20241204T185656_N05.11", "constellation": "Sentinel 2", "s2:datatake_type": "INS-NOBS", "s2:nodata_pixel_percentage": 0.0, "proj:code": "EPSG:32610", "s2:mgrs_tile": "10SFH", "s2:mean_solar_azimuth": 166.48490653242499, "s2:not_vegetated_percentage": 74.881774, "s2:generation_time": "2024-12-04T20:42:16.000000Z", "s2:saturated_defective_pixel_percentage": 0.0, "sat:orbit_state": "descending", "proj:bbox": "{600000.0, 4190220.0, 4300020.0, 709800.0}", "epsg": 32630, "spatial_ref": 0, "is_debris": 1.0, "nir_val": 0.080296331700322632, "re2_val": 0.087005019520356941, "swir1_val": 0.036160823731306677, "red_val": 0.067967409948542029, "FDI_val": 0.088523297943583629, "FDI": 0.088523297943583629, "longitude": -121.6837897173733, "latitude": 38.111656468223735, "location": "<a href=\"https://www.google.com/maps?q=38.111656468223735,-121.6837897173733\" target=\"_blank\">click me</a>" }, "geometry": { "type": "Point", "coordinates": [ -121.683789717373301, 38.111656468223735 ] } },
{ "type": "Feature", "properties": { "y": 13498483.90170626, "x": -4914859.1616158541, "time": "2024-12-04T18:56:59.024", "id": "S2B_MSIL2A_20241204T185659_R113_T10SFH_20241204T204216", "s2:product_type": "S2MSI2A", "s2:unclassified_percentage": 0.011178, "s2:medium_proba_clouds_percentage": 0.000269, "s2:processing_baseline": "05.11", "s2:snow_ice_percentage": 0.000163, "s2:degraded_msi_data_percentage": 0.0027, "instruments": "msi", "s2:vegetation_percentage": 19.817396, "s2:product_uri": "S2B_MSIL2A_20241204T185659_N0511_R113_T10SFH_20241204T204216.SAFE", "s2:water_percentage": 4.010833, "s2:cloud_shadow_percentage": 0.0, "s2:high_proba_clouds_percentage": 0.0, "s2:datatake_id": "GS2B_20241204T185659_040465_N05.11", "s2:thin_cirrus_percentage": 0.00074, "s2:mean_solar_zenith": 61.909361329797797, "s2:granule_id": "S2B_OPER_MSI_L2A_TL_2BPS_20241204T204216_A040465_T10SFH_N05.11", "platform": "Sentinel-2B", "sat:relative_orbit": 113, "eo:cloud_cover": 0.001009, "s2:reflectance_conversion_factor": 1.02871767058948, "s2:datastrip_id": "S2B_OPER_MSI_L2A_DS_2BPS_20241204T204216_S20241204T185656_N05.11", "constellation": "Sentinel 2", "s2:datatake_type": "INS-NOBS", "s2:nodata_pixel_percentage": 0.0, "proj:code": "EPSG:32610", "s2:mgrs_tile": "10SFH", "s2:mean_solar_azimuth": 166.48490653242499, "s2:not_vegetated_percentage": 74.881774, "s2:generation_time": "2024-12-04T20:42:16.000000Z", "s2:saturated_defective_pixel_percentage": 0.0, "sat:orbit_state": "descending", "proj:bbox": "{600000.0, 4190220.0, 4300020.0, 709800.0}", "epsg": 32630, "spatial_ref": 0, "is_debris": 1.0, "nir_val": 0.060102760186402204, "re2_val": 0.088259899609592879, "swir1_val": 0.029418975239029158, "red_val": 0.042881646655231559, "FDI_val": 0.082052845905801683, "FDI": 0.082052845905801683, "longitude": -121.68545576381332, "latitude": 38.114126049026758, "location": "<a href=\"https://www.google.com/maps?q=38.11412604902676,-121.68545576381332\" target=\"_blank\">click me</a>" }, "geometry": { "type": "Point", "coordinates": [ -121.685455763813323, 38.114126049026758 ] } },
{ "type": "Feature", "properties": { "y": 13498404.419728456, "x": -4915077.7755752709, "time": "2024-12-04T18:56:59.024", "id": "S2B_MSIL2A_20241204T185659_R113_T10SFH_20241204T204216", "s2:product_type": "S2MSI2A", "s2:unclassified_percentage": 0.011178, "s2:medium_proba_clouds_percentage": 0.000269, "s2:processing_baseline": "05.11", "s2:snow_ice_percentage": 0.000163, "s2:degraded_msi_data_percentage": 0.0027, "instruments": "msi", "s2:vegetation_percentage": 19.817396, "s2:product_uri": "S2B_MSIL2A_20241204T185659_N0511_R113_T10SFH_20241204T204216.SAFE", "s2:water_percentage": 4.010833, "s2:cloud_shadow_percentage": 0.0, "s2:high_proba_clouds_percentage": 0.0, "s2:datatake_id": "GS2B_20241204T185659_040465_N05.11", "s2:thin_cirrus_percentage": 0.00074, "s2:mean_solar_zenith": 61.909361329797797, "s2:granule_id": "S2B_OPER_MSI_L2A_TL_2BPS_20241204T204216_A040465_T10SFH_N05.11", "platform": "Sentinel-2B", "sat:relative_orbit": 113, "eo:cloud_cover": 0.001009, "s2:reflectance_conversion_factor": 1.02871767058948, "s2:datastrip_id": "S2B_OPER_MSI_L2A_DS_2BPS_20241204T204216_S20241204T185656_N05.11", "constellation": "Sentinel 2", "s2:datatake_type": "INS-NOBS", "s2:nodata_pixel_percentage": 0.0, "proj:code": "EPSG:32610", "s2:mgrs_tile": "10SFH", "s2:mean_solar_azimuth": 166.48490653242499, "s2:not_vegetated_percentage": 74.881774, "s2:generation_time": "2024-12-04T20:42:16.000000Z", "s2:saturated_defective_pixel_percentage": 0.0, "sat:orbit_state": "descending", "proj:bbox": "{600000.0, 4190220.0, 4300020.0, 709800.0}", "epsg": 32630, "spatial_ref": 0, "is_debris": 1.0, "nir_val": 0.18986736766638787, "re2_val": 0.16034578918014503, "swir1_val": 0.054179946065212051, "red_val": 0.050814751286449411, "FDI_val": 0.22837188781262521, "FDI": 0.22837188781262521, "longitude": -121.68376911705961, "latitude": 38.113400339973602, "location": "<a href=\"https://www.google.com/maps?q=38.1134003399736,-121.68376911705961\" target=\"_blank\">click me</a>" }, "geometry": { "type": "Point", "coordinates": [ -121.683769117059612, 38.113400339973602 ] } },
{ "type": "Feature", "properties": { "y": 13498384.549234007, "x": -4915077.7755752709, "time": "2024-12-04T18:56:59.024", "id": "S2B_MSIL2A_20241204T185659_R113_T10SFH_20241204T204216", "s2:product_type": "S2MSI2A", "s2:unclassified_percentage": 0.011178, "s2:medium_proba_clouds_percentage": 0.000269, "s2:processing_baseline": "05.11", "s2:snow_ice_percentage": 0.000163, "s2:degraded_msi_data_percentage": 0.0027, "instruments": "msi", "s2:vegetation_percentage": 19.817396, "s2:product_uri": "S2B_MSIL2A_20241204T185659_N0511_R113_T10SFH_20241204T204216.SAFE", "s2:water_percentage": 4.010833, "s2:cloud_shadow_percentage": 0.0, "s2:high_proba_clouds_percentage": 0.0, "s2:datatake_id": "GS2B_20241204T185659_040465_N05.11", "s2:thin_cirrus_percentage": 0.00074, "s2:mean_solar_zenith": 61.909361329797797, "s2:granule_id": "S2B_OPER_MSI_L2A_TL_2BPS_20241204T204216_A040465_T10SFH_N05.11", "platform": "Sentinel-2B", "sat:relative_orbit": 113, "eo:cloud_cover": 0.001009, "s2:reflectance_conversion_factor": 1.02871767058948, "s2:datastrip_id": "S2B_OPER_MSI_L2A_DS_2BPS_20241204T204216_S20241204T185656_N05.11", "constellation": "Sentinel 2", "s2:datatake_type": "INS-NOBS", "s2:nodata_pixel_percentage": 0.0, "proj:code": "EPSG:32610", "s2:mgrs_tile": "10SFH", "s2:mean_solar_azimuth": 166.48490653242499, "s2:not_vegetated_percentage": 74.881774, "s2:generation_time": "2024-12-04T20:42:16.000000Z", "s2:saturated_defective_pixel_percentage": 0.0, "sat:orbit_state": "descending", "proj:bbox": "{600000.0, 4190220.0, 4300020.0, 709800.0}", "epsg": 32630, "spatial_ref": 0, "is_debris": 1.0, "nir_val": 0.046720038236348432, "re2_val": 0.16034578918014503, "swir1_val": 0.054179946065212051, "red_val": 0.054459691252144088, "FDI_val": 0.085224558382585774, "FDI": 0.085224558382585774, "longitude": -121.68364614625102, "latitude": 38.113486135538913, "location": "<a href=\"https://www.google.com/maps?q=38.11348613553891,-121.68364614625102\" target=\"_blank\">click me</a>" }, "geometry": { "type": "Point", "coordinates": [ -121.683646146251021, 38.113486135538913 ] } },
{ "type": "Feature", "properties": { "y": 13498384.549234007, "x": -4915057.9015789609, "time": "2024-12-04T18:56:59.024", "id": "S2B_MSIL2A_20241204T185659_R113_T10SFH_20241204T204216", "s2:product_type": "S2MSI2A", "s2:unclassified_percentage": 0.011178, "s2:medium_proba_clouds_percentage": 0.000269, "s2:processing_baseline": "05.11", "s2:snow_ice_percentage": 0.000163, "s2:degraded_msi_data_percentage": 0.0027, "instruments": "msi", "s2:vegetation_percentage": 19.817396, "s2:product_uri": "S2B_MSIL2A_20241204T185659_N0511_R113_T10SFH_20241204T204216.SAFE", "s2:water_percentage": 4.010833, "s2:cloud_shadow_percentage": 0.0, "s2:high_proba_clouds_percentage": 0.0, "s2:datatake_id": "GS2B_20241204T185659_040465_N05.11", "s2:thin_cirrus_percentage": 0.00074, "s2:mean_solar_zenith": 61.909361329797797, "s2:granule_id": "S2B_OPER_MSI_L2A_TL_2BPS_20241204T204216_A040465_T10SFH_N05.11", "platform": "Sentinel-2B", "sat:relative_orbit": 113, "eo:cloud_cover": 0.001009, "s2:reflectance_conversion_factor": 1.02871767058948, "s2:datastrip_id": "S2B_OPER_MSI_L2A_DS_2BPS_20241204T204216_S20241204T185656_N05.11", "constellation": "Sentinel 2", "s2:datatake_type": "INS-NOBS", "s2:nodata_pixel_percentage": 0.0, "proj:code": "EPSG:32610", "s2:mgrs_tile": "10SFH", "s2:mean_solar_azimuth": 166.48490653242499, "s2:not_vegetated_percentage": 74.881774, "s2:generation_time": "2024-12-04T20:42:16.000000Z", "s2:saturated_defective_pixel_percentage": 0.0, "sat:orbit_state": "descending", "proj:bbox": "{600000.0, 4190220.0, 4300020.0, 709800.0}", "epsg": 32630, "spatial_ref": 0, "is_debris": 1.0, "nir_val": 0.08591229537579162, "re2_val": 0.16424986056887897, "swir1_val": 0.047315518509438589, "red_val": 0.054888507718696411, "FDI_val": 0.14068231358491207, "FDI": 0.14068231358491207, "longitude": -121.68375475748572, "latitude": 38.113583308744325, "location": "<a href=\"https://www.google.com/maps?q=38.113583308744325,-121.68375475748572\" target=\"_blank\">click me</a>" }, "geometry": { "type": "Point", "coordinates": [ -121.683754757485715, 38.113583308744325 ] } },
{ "type": "Feature", "properties": { "y": 13498364.678739555, "x": -4915057.9015789609, "time": "2024-12-04T18:56:59.024", "id": "S2B_MSIL2A_20241204T185659_R113_T10SFH_20241204T204216", "s2:product_type": "S2MSI2A", "s2:unclassified_percentage": 0.011178, "s2:medium_proba_clouds_percentage": 0.000269, "s2:processing_baseline": "05.11", "s2:snow_ice_percentage": 0.000163, "s2:degraded_msi_data_percentage": 0.0027, "instruments": "msi", "s2:vegetation_percentage": 19.817396, "s2:product_uri": "S2B_MSIL2A_20241204T185659_N0511_R113_T10SFH_20241204T204216.SAFE", "s2:water_percentage": 4.010833, "s2:cloud_shadow_percentage": 0.0, "s2:high_proba_clouds_percentage": 0.0, "s2:datatake_id": "GS2B_20241204T185659_040465_N05.11", "s2:thin_cirrus_percentage": 0.00074, "s2:mean_solar_zenith": 61.909361329797797, "s2:granule_id": "S2B_OPER_MSI_L2A_TL_2BPS_20241204T204216_A040465_T10SFH_N05.11", "platform": "Sentinel-2B", "sat:relative_orbit": 113, "eo:cloud_cover": 0.001009, "s2:reflectance_conversion_factor": 1.02871767058948, "s2:datastrip_id": "S2B_OPER_MSI_L2A_DS_2BPS_20241204T204216_S20241204T185656_N05.11", "constellation": "Sentinel 2", "s2:datatake_type": "INS-NOBS", "s2:nodata_pixel_percentage": 0.0, "proj:code": "EPSG:32610", "s2:mgrs_tile": "10SFH", "s2:mean_solar_azimuth": 166.48490653242499, "s2:not_vegetated_percentage": 74.881774, "s2:generation_time": "2024-12-04T20:42:16.000000Z", "s2:saturated_defective_pixel_percentage": 0.0, "sat:orbit_state": "descending", "proj:bbox": "{600000.0, 4190220.0, 4300020.0, 709800.0}", "epsg": 32630, "spatial_ref": 0, "is_debris": 1.0, "nir_val": 0.099056040148165853, "re2_val": 0.16424986056887897, "swir1_val": 0.047315518509438589, "red_val": 0.049313893653516294, "FDI_val": 0.1538260583572863, "FDI": 0.1538260583572863, "longitude": -121.68363178585618, "latitude": 38.11366910426991, "location": "<a href=\"https://www.google.com/maps?q=38.11366910426991,-121.68363178585618\" target=\"_blank\">click me</a>" }, "geometry": { "type": "Point", "coordinates": [ -121.683631785856178, 38.11366910426991 ] } },
{ "type": "Feature", "properties": { "y": 13498344.808245104, "x": -4915018.1535863392, "time": "2024-12-04T18:56:59.024", "id": "S2B_MSIL2A_20241204T185659_R113_T10SFH_20241204T204216", "s2:product_type": "S2MSI2A", "s2:unclassified_percentage": 0.011178, "s2:medium_proba_clouds_percentage": 0.000269, "s2:processing_baseline": "05.11", "s2:snow_ice_percentage": 0.000163, "s2:degraded_msi_data_percentage": 0.0027, "instruments": "msi", "s2:vegetation_percentage": 19.817396, "s2:product_uri": "S2B_MSIL2A_20241204T185659_N0511_R113_T10SFH_20241204T204216.SAFE", "s2:water_percentage": 4.010833, "s2:cloud_shadow_percentage": 0.0, "s2:high_proba_clouds_percentage": 0.0, "s2:datatake_id": "GS2B_20241204T185659_040465_N05.11", "s2:thin_cirrus_percentage": 0.00074, "s2:mean_solar_zenith": 61.909361329797797, "s2:granule_id": "S2B_OPER_MSI_L2A_TL_2BPS_20241204T204216_A040465_T10SFH_N05.11", "platform": "Sentinel-2B", "sat:relative_orbit": 113, "eo:cloud_cover": 0.001009, "s2:reflectance_conversion_factor": 1.02871767058948, "s2:datastrip_id": "S2B_OPER_MSI_L2A_DS_2BPS_20241204T204216_S20241204T185656_N05.11", "constellation": "Sentinel 2", "s2:datatake_type": "INS-NOBS", "s2:nodata_pixel_percentage": 0.0, "proj:code": "EPSG:32610", "s2:mgrs_tile": "10SFH", "s2:mean_solar_azimuth": 166.48490653242499, "s2:not_vegetated_percentage": 74.881774, "s2:generation_time": "2024-12-04T20:42:16.000000Z", "s2:saturated_defective_pixel_percentage": 0.0, "sat:orbit_state": "descending", "proj:bbox": "{600000.0, 4190220.0, 4300020.0, 709800.0}", "epsg": 32630, "spatial_ref": 0, "is_debris": 1.0, "nir_val": 0.060102760186402204, "re2_val": 0.098298940323480216, "swir1_val": 0.02978671242951704, "red_val": 0.04545454545454547, "FDI_val": 0.090128310203995837, "FDI": 0.090128310203995837, "longitude": -121.68372603654731, "latitude": 38.113949247376397, "location": "<a href=\"https://www.google.com/maps?q=38.1139492473764,-121.68372603654731\" target=\"_blank\">click me</a>" }, "geometry": { "type": "Point", "coordinates": [ -121.683726036547313, 38.113949247376397 ] } },
{ "type": "Feature", "properties": { "y": 13498344.808245104, "x": -4914998.2795900283, "time": "2024-12-04T18:56:59.024", "id": "S2B_MSIL2A_20241204T185659_R113_T10SFH_20241204T204216", "s2:product_type": "S2MSI2A", "s2:unclassified_percentage": 0.011178, "s2:medium_proba_clouds_percentage": 0.000269, "s2:processing_baseline": "05.11", "s2:snow_ice_percentage": 0.000163, "s2:degraded_msi_data_percentage": 0.0027, "instruments": "msi", "s2:vegetation_percentage": 19.817396, "s2:product_uri": "S2B_MSIL2A_20241204T185659_N0511_R113_T10SFH_20241204T204216.SAFE", "s2:water_percentage": 4.010833, "s2:cloud_shadow_percentage": 0.0, "s2:high_proba_clouds_percentage": 0.0, "s2:datatake_id": "GS2B_20241204T185659_040465_N05.11", "s2:thin_cirrus_percentage": 0.00074, "s2:mean_solar_zenith": 61.909361329797797, "s2:granule_id": "S2B_OPER_MSI_L2A_TL_2BPS_20241204T204216_A040465_T10SFH_N05.11", "platform": "Sentinel-2B", "sat:relative_orbit": 113, "eo:cloud_cover": 0.001009, "s2:reflectance_conversion_factor": 1.02871767058948, "s2:datastrip_id": "S2B_OPER_MSI_L2A_DS_2BPS_20241204T204216_S20241204T185656_N05.11", "constellation": "Sentinel 2", "s2:datatake_type": "INS-NOBS", "s2:nodata_pixel_percentage": 0.0, "proj:code": "EPSG:32610", "s2:mgrs_tile": "10SFH", "s2:mean_solar_azimuth": 166.48490653242499, "s2:not_vegetated_percentage": 74.881774, "s2:generation_time": "2024-12-04T20:42:16.000000Z", "s2:saturated_defective_pixel_percentage": 0.0, "sat:orbit_state": "descending", "proj:bbox": "{600000.0, 4190220.0, 4300020.0, 709800.0}", "epsg": 32630, "spatial_ref": 0, "is_debris": 1.0, "nir_val": 0.050424184490381163, "re2_val": 0.15476854433909648, "swir1_val": 0.051605785731796985, "red_val": 0.043310463121783882, "FDI_val": 0.088881124526861477, "FDI": 0.088881124526861477, "longitude": -121.68383464875276, "latitude": 38.11404642149386, "location": "<a href=\"https://www.google.com/maps?q=38.11404642149386,-121.68383464875276\" target=\"_blank\">click me</a>" }, "geometry": { "type": "Point", "coordinates": [ -121.683834648752764, 38.11404642149386 ] } },
{ "type": "Feature", "properties": { "y": 13498225.585278401, "x": -4919430.1807672996, "time": "2024-12-04T18:56:59.024", "id": "S2B_MSIL2A_20241204T185659_R113_T10SFH_20241204T204216", "s2:product_type": "S2MSI2A", "s2:unclassified_percentage": 0.011178, "s2:medium_proba_clouds_percentage": 0.000269, "s2:processing_baseline": "05.11", "s2:snow_ice_percentage": 0.000163, "s2:degraded_msi_data_percentage": 0.0027, "instruments": "msi", "s2:vegetation_percentage": 19.817396, "s2:product_uri": "S2B_MSIL2A_20241204T185659_N0511_R113_T10SFH_20241204T204216.SAFE", "s2:water_percentage": 4.010833, "s2:cloud_shadow_percentage": 0.0, "s2:high_proba_clouds_percentage": 0.0, "s2:datatake_id": "GS2B_20241204T185659_040465_N05.11", "s2:thin_cirrus_percentage": 0.00074, "s2:mean_solar_zenith": 61.909361329797797, "s2:granule_id": "S2B_OPER_MSI_L2A_TL_2BPS_20241204T204216_A040465_T10SFH_N05.11", "platform": "Sentinel-2B", "sat:relative_orbit": 113, "eo:cloud_cover": 0.001009, "s2:reflectance_conversion_factor": 1.02871767058948, "s2:datastrip_id": "S2B_OPER_MSI_L2A_DS_2BPS_20241204T204216_S20241204T185656_N05.11", "constellation": "Sentinel 2", "s2:datatake_type": "INS-NOBS", "s2:nodata_pixel_percentage": 0.0, "proj:code": "EPSG:32610", "s2:mgrs_tile": "10SFH", "s2:mean_solar_azimuth": 166.48490653242499, "s2:not_vegetated_percentage": 74.881774, "s2:generation_time": "2024-12-04T20:42:16.000000Z", "s2:saturated_defective_pixel_percentage": 0.0, "sat:orbit_state": "descending", "proj:bbox": "{600000.0, 4190220.0, 4300020.0, 709800.0}", "epsg": 32630, "spatial_ref": 0, "is_debris": 1.0, "nir_val": 0.055323216632811562, "re2_val": 0.096346904629113217, "swir1_val": 0.023412601127727375, "red_val": 0.048992281303602059, "FDI_val": 0.095583420149151166, "FDI": 0.095583420149151166, "longitude": -121.65888960729518, "latitude": 38.092893579156424, "location": "<a href=\"https://www.google.com/maps?q=38.092893579156424,-121.65888960729518\" target=\"_blank\">click me</a>" }, "geometry": { "type": "Point", "coordinates": [ -121.65888960729518, 38.092893579156424 ] } },
{ "type": "Feature", "properties": { "y": 13498225.585278401, "x": -4915197.0195531351, "time": "2024-12-04T18:56:59.024", "id": "S2B_MSIL2A_20241204T185659_R113_T10SFH_20241204T204216", "s2:product_type": "S2MSI2A", "s2:unclassified_percentage": 0.011178, "s2:medium_proba_clouds_percentage": 0.000269, "s2:processing_baseline": "05.11", "s2:snow_ice_percentage": 0.000163, "s2:degraded_msi_data_percentage": 0.0027, "instruments": "msi", "s2:vegetation_percentage": 19.817396, "s2:product_uri": "S2B_MSIL2A_20241204T185659_N0511_R113_T10SFH_20241204T204216.SAFE", "s2:water_percentage": 4.010833, "s2:cloud_shadow_percentage": 0.0, "s2:high_proba_clouds_percentage": 0.0, "s2:datatake_id": "GS2B_20241204T185659_040465_N05.11", "s2:thin_cirrus_percentage": 0.00074, "s2:mean_solar_zenith": 61.909361329797797, "s2:granule_id": "S2B_OPER_MSI_L2A_TL_2BPS_20241204T204216_A040465_T10SFH_N05.11", "platform": "Sentinel-2B", "sat:relative_orbit": 113, "eo:cloud_cover": 0.001009, "s2:reflectance_conversion_factor": 1.02871767058948, "s2:datastrip_id": "S2B_OPER_MSI_L2A_DS_2BPS_20241204T204216_S20241204T185656_N05.11", "constellation": "Sentinel 2", "s2:datatake_type": "INS-NOBS", "s2:nodata_pixel_percentage": 0.0, "proj:code": "EPSG:32610", "s2:mgrs_tile": "10SFH", "s2:mean_solar_azimuth": 166.48490653242499, "s2:not_vegetated_percentage": 74.881774, "s2:generation_time": "2024-12-04T20:42:16.000000Z", "s2:saturated_defective_pixel_percentage": 0.0, "sat:orbit_state": "descending", "proj:bbox": "{600000.0, 4190220.0, 4300020.0, 709800.0}", "epsg": 32630, "spatial_ref": 0, "is_debris": 1.0, "nir_val": 0.20563986139323695, "re2_val": 0.11907417735638595, "swir1_val": 0.10014709487619512, "red_val": 0.13057461406518012, "FDI_val": 0.12201640995212906, "FDI": 0.12201640995212906, "longitude": -121.6820107188711, "latitude": 38.113589436607199, "location": "<a href=\"https://www.google.com/maps?q=38.1135894366072,-121.6820107188711\" target=\"_blank\">click me</a>" }, "geometry": { "type": "Point", "coordinates": [ -121.682010718871098, 38.113589436607199 ] } },
{ "type": "Feature", "properties": { "y": 13498205.71478395, "x": -4919052.5748373978, "time": "2024-12-04T18:56:59.024", "id": "S2B_MSIL2A_20241204T185659_R113_T10SFH_20241204T204216", "s2:product_type": "S2MSI2A", "s2:unclassified_percentage": 0.011178, "s2:medium_proba_clouds_percentage": 0.000269, "s2:processing_baseline": "05.11", "s2:snow_ice_percentage": 0.000163, "s2:degraded_msi_data_percentage": 0.0027, "instruments": "msi", "s2:vegetation_percentage": 19.817396, "s2:product_uri": "S2B_MSIL2A_20241204T185659_N0511_R113_T10SFH_20241204T204216.SAFE", "s2:water_percentage": 4.010833, "s2:cloud_shadow_percentage": 0.0, "s2:high_proba_clouds_percentage": 0.0, "s2:datatake_id": "GS2B_20241204T185659_040465_N05.11", "s2:thin_cirrus_percentage": 0.00074, "s2:mean_solar_zenith": 61.909361329797797, "s2:granule_id": "S2B_OPER_MSI_L2A_TL_2BPS_20241204T204216_A040465_T10SFH_N05.11", "platform": "Sentinel-2B", "sat:relative_orbit": 113, "eo:cloud_cover": 0.001009, "s2:reflectance_conversion_factor": 1.02871767058948, "s2:datastrip_id": "S2B_OPER_MSI_L2A_DS_2BPS_20241204T204216_S20241204T185656_N05.11", "constellation": "Sentinel 2", "s2:datatake_type": "INS-NOBS", "s2:nodata_pixel_percentage": 0.0, "proj:code": "EPSG:32610", "s2:mgrs_tile": "10SFH", "s2:mean_solar_azimuth": 166.48490653242499, "s2:not_vegetated_percentage": 74.881774, "s2:generation_time": "2024-12-04T20:42:16.000000Z", "s2:saturated_defective_pixel_percentage": 0.0, "sat:orbit_state": "descending", "proj:bbox": "{600000.0, 4190220.0, 4300020.0, 709800.0}", "epsg": 32630, "spatial_ref": 0, "is_debris": 1.0, "nir_val": 0.040984585972039689, "re2_val": 0.087981037367540454, "swir1_val": 0.016793331698945826, "red_val": 0.048670668953687823, "FDI_val": 0.086339251285358992, "FDI": 0.086339251285358992, "longitude": -121.66082817577713, "latitude": 38.094825226655423, "location": "<a href=\"https://www.google.com/maps?q=38.09482522665542,-121.66082817577713\" target=\"_blank\">click me</a>" }, "geometry": { "type": "Point", "coordinates": [ -121.660828175777127, 38.094825226655423 ] } },
{ "type": "Feature", "properties": { "y": 13498185.844289498, "x": -4919529.550748853, "time": "2024-12-04T18:56:59.024", "id": "S2B_MSIL2A_20241204T185659_R113_T10SFH_20241204T204216", "s2:product_type": "S2MSI2A", "s2:unclassified_percentage": 0.011178, "s2:medium_proba_clouds_percentage": 0.000269, "s2:processing_baseline": "05.11", "s2:snow_ice_percentage": 0.000163, "s2:degraded_msi_data_percentage": 0.0027, "instruments": "msi", "s2:vegetation_percentage": 19.817396, "s2:product_uri": "S2B_MSIL2A_20241204T185659_N0511_R113_T10SFH_20241204T204216.SAFE", "s2:water_percentage": 4.010833, "s2:cloud_shadow_percentage": 0.0, "s2:high_proba_clouds_percentage": 0.0, "s2:datatake_id": "GS2B_20241204T185659_040465_N05.11", "s2:thin_cirrus_percentage": 0.00074, "s2:mean_solar_zenith": 61.909361329797797, "s2:granule_id": "S2B_OPER_MSI_L2A_TL_2BPS_20241204T204216_A040465_T10SFH_N05.11", "platform": "Sentinel-2B", "sat:relative_orbit": 113, "eo:cloud_cover": 0.001009, "s2:reflectance_conversion_factor": 1.02871767058948, "s2:datastrip_id": "S2B_OPER_MSI_L2A_DS_2BPS_20241204T204216_S20241204T185656_N05.11", "constellation": "Sentinel 2", "s2:datatake_type": "INS-NOBS", "s2:nodata_pixel_percentage": 0.0, "proj:code": "EPSG:32610", "s2:mgrs_tile": "10SFH", "s2:mean_solar_azimuth": 166.48490653242499, "s2:not_vegetated_percentage": 74.881774, "s2:generation_time": "2024-12-04T20:42:16.000000Z", "s2:saturated_defective_pixel_percentage": 0.0, "sat:orbit_state": "descending", "proj:bbox": "{600000.0, 4190220.0, 4300020.0, 709800.0}", "epsg": 32630, "spatial_ref": 0, "is_debris": 1.0, "nir_val": 0.045286175170271253, "re2_val": 0.096486335750139429, "swir1_val": 0.022677126746751639, "red_val": 0.04749142367066897, "FDI_val": 0.087045659458223207, "FDI": 0.087045659458223207, "longitude": -121.658101324971, "latitude": 38.092579269932848, "location": "<a href=\"https://www.google.com/maps?q=38.09257926993285,-121.658101324971\" target=\"_blank\">click me</a>" }, "geometry": { "type": "Point", "coordinates": [ -121.658101324971, 38.092579269932848 ] } },
{ "type": "Feature", "properties": { "y": 13498185.844289498, "x": -4919509.6767525421, "time": "2024-12-04T18:56:59.024", "id": "S2B_MSIL2A_20241204T185659_R113_T10SFH_20241204T204216", "s2:product_type": "S2MSI2A", "s2:unclassified_percentage": 0.011178, "s2:medium_proba_clouds_percentage": 0.000269, "s2:processing_baseline": "05.11", "s2:snow_ice_percentage": 0.000163, "s2:degraded_msi_data_percentage": 0.0027, "instruments": "msi", "s2:vegetation_percentage": 19.817396, "s2:product_uri": "S2B_MSIL2A_20241204T185659_N0511_R113_T10SFH_20241204T204216.SAFE", "s2:water_percentage": 4.010833, "s2:cloud_shadow_percentage": 0.0, "s2:high_proba_clouds_percentage": 0.0, "s2:datatake_id": "GS2B_20241204T185659_040465_N05.11", "s2:thin_cirrus_percentage": 0.00074, "s2:mean_solar_zenith": 61.909361329797797, "s2:granule_id": "S2B_OPER_MSI_L2A_TL_2BPS_20241204T204216_A040465_T10SFH_N05.11", "platform": "Sentinel-2B", "sat:relative_orbit": 113, "eo:cloud_cover": 0.001009, "s2:reflectance_conversion_factor": 1.02871767058948, "s2:datastrip_id": "S2B_OPER_MSI_L2A_DS_2BPS_20241204T204216_S20241204T185656_N05.11", "constellation": "Sentinel 2", "s2:datatake_type": "INS-NOBS", "s2:nodata_pixel_percentage": 0.0, "proj:code": "EPSG:32610", "s2:mgrs_tile": "10SFH", "s2:mean_solar_azimuth": 166.48490653242499, "s2:not_vegetated_percentage": 74.881774, "s2:generation_time": "2024-12-04T20:42:16.000000Z", "s2:saturated_defective_pixel_percentage": 0.0, "sat:orbit_state": "descending", "proj:bbox": "{600000.0, 4190220.0, 4300020.0, 709800.0}", "epsg": 32630, "spatial_ref": 0, "is_debris": 1.0, "nir_val": 0.047317481180547266, "re2_val": 0.096486335750139429, "swir1_val": 0.022677126746751639, "red_val": 0.048027444253859353, "FDI_val": 0.08907696546849922, "FDI": 0.08907696546849922, "longitude": -121.65820981623962, "latitude": 38.092676422440519, "location": "<a href=\"https://www.google.com/maps?q=38.09267642244052,-121.65820981623962\" target=\"_blank\">click me</a>" }, "geometry": { "type": "Point", "coordinates": [ -121.658209816239619, 38.092676422440519 ] } },
{ "type": "Feature", "properties": { "y": 13498185.844289498, "x": -4919052.5748373978, "time": "2024-12-04T18:56:59.024", "id": "S2B_MSIL2A_20241204T185659_R113_T10SFH_20241204T204216", "s2:product_type": "S2MSI2A", "s2:unclassified_percentage": 0.011178, "s2:medium_proba_clouds_percentage": 0.000269, "s2:processing_baseline": "05.11", "s2:snow_ice_percentage": 0.000163, "s2:degraded_msi_data_percentage": 0.0027, "instruments": "msi", "s2:vegetation_percentage": 19.817396, "s2:product_uri": "S2B_MSIL2A_20241204T185659_N0511_R113_T10SFH_20241204T204216.SAFE", "s2:water_percentage": 4.010833, "s2:cloud_shadow_percentage": 0.0, "s2:high_proba_clouds_percentage": 0.0, "s2:datatake_id": "GS2B_20241204T185659_040465_N05.11", "s2:thin_cirrus_percentage": 0.00074, "s2:mean_solar_zenith": 61.909361329797797, "s2:granule_id": "S2B_OPER_MSI_L2A_TL_2BPS_20241204T204216_A040465_T10SFH_N05.11", "platform": "Sentinel-2B", "sat:relative_orbit": 113, "eo:cloud_cover": 0.001009, "s2:reflectance_conversion_factor": 1.02871767058948, "s2:datastrip_id": "S2B_OPER_MSI_L2A_DS_2BPS_20241204T204216_S20241204T185656_N05.11", "constellation": "Sentinel 2", "s2:datatake_type": "INS-NOBS", "s2:nodata_pixel_percentage": 0.0, "proj:code": "EPSG:32610", "s2:mgrs_tile": "10SFH", "s2:mean_solar_azimuth": 166.48490653242499, "s2:not_vegetated_percentage": 74.881774, "s2:generation_time": "2024-12-04T20:42:16.000000Z", "s2:saturated_defective_pixel_percentage": 0.0, "sat:orbit_state": "descending", "proj:bbox": "{600000.0, 4190220.0, 4300020.0, 709800.0}", "epsg": 32630, "spatial_ref": 0, "is_debris": 1.0, "nir_val": 0.040387143027840855, "re2_val": 0.083798103736754059, "swir1_val": 0.01519980387349841, "red_val": 0.048777873070325911, "FDI_val": 0.085074743796867192, "FDI": 0.085074743796867192, "longitude": -121.66070525946137, "latitude": 38.09491095932551, "location": "<a href=\"https://www.google.com/maps?q=38.09491095932551,-121.66070525946137\" target=\"_blank\">click me</a>" }, "geometry": { "type": "Point", "coordinates": [ -121.660705259461366, 38.09491095932551 ] } },
{ "type": "Feature", "properties": { "y": 13498106.362311697, "x": -4919092.3228300195, "time": "2024-12-04T18:56:59.024", "id": "S2B_MSIL2A_20241204T185659_R113_T10SFH_20241204T204216", "s2:product_type": "S2MSI2A", "s2:unclassified_percentage": 0.011178, "s2:medium_proba_clouds_percentage": 0.000269, "s2:processing_baseline": "05.11", "s2:snow_ice_percentage": 0.000163, "s2:degraded_msi_data_percentage": 0.0027, "instruments": "msi", "s2:vegetation_percentage": 19.817396, "s2:product_uri": "S2B_MSIL2A_20241204T185659_N0511_R113_T10SFH_20241204T204216.SAFE", "s2:water_percentage": 4.010833, "s2:cloud_shadow_percentage": 0.0, "s2:high_proba_clouds_percentage": 0.0, "s2:datatake_id": "GS2B_20241204T185659_040465_N05.11", "s2:thin_cirrus_percentage": 0.00074, "s2:mean_solar_zenith": 61.909361329797797, "s2:granule_id": "S2B_OPER_MSI_L2A_TL_2BPS_20241204T204216_A040465_T10SFH_N05.11", "platform": "Sentinel-2B", "sat:relative_orbit": 113, "eo:cloud_cover": 0.001009, "s2:reflectance_conversion_factor": 1.02871767058948, "s2:datastrip_id": "S2B_OPER_MSI_L2A_DS_2BPS_20241204T204216_S20241204T185656_N05.11", "constellation": "Sentinel 2", "s2:datatake_type": "INS-NOBS", "s2:nodata_pixel_percentage": 0.0, "proj:code": "EPSG:32610", "s2:mgrs_tile": "10SFH", "s2:mean_solar_azimuth": 166.48490653242499, "s2:not_vegetated_percentage": 74.881774, "s2:generation_time": "2024-12-04T20:42:16.000000Z", "s2:saturated_defective_pixel_percentage": 0.0, "sat:orbit_state": "descending", "proj:bbox": "{600000.0, 4190220.0, 4300020.0, 709800.0}", "epsg": 32630, "spatial_ref": 0, "is_debris": 1.0, "nir_val": 0.054367307922093461, "re2_val": 0.094255437813720033, "swir1_val": 0.017528806079921536, "red_val": 0.048885077186963971, "FDI_val": 0.1038220692288214, "FDI": 0.1038220692288214, "longitude": -121.65999658534659, "latitude": 38.095059574474909, "location": "<a href=\"https://www.google.com/maps?q=38.09505957447491,-121.65999658534659\" target=\"_blank\">click me</a>" }, "geometry": { "type": "Point", "coordinates": [ -121.65999658534659, 38.095059574474909 ] } },
{ "type": "Feature", "properties": { "y": 13498086.491817245, "x": -4919092.3228300195, "time": "2024-12-04T18:56:59.024", "id": "S2B_MSIL2A_20241204T185659_R113_T10SFH_20241204T204216", "s2:product_type": "S2MSI2A", "s2:unclassified_percentage": 0.011178, "s2:medium_proba_clouds_percentage": 0.000269, "s2:processing_baseline": "05.11", "s2:snow_ice_percentage": 0.000163, "s2:degraded_msi_data_percentage": 0.0027, "instruments": "msi", "s2:vegetation_percentage": 19.817396, "s2:product_uri": "S2B_MSIL2A_20241204T185659_N0511_R113_T10SFH_20241204T204216.SAFE", "s2:water_percentage": 4.010833, "s2:cloud_shadow_percentage": 0.0, "s2:high_proba_clouds_percentage": 0.0, "s2:datatake_id": "GS2B_20241204T185659_040465_N05.11", "s2:thin_cirrus_percentage": 0.00074, "s2:mean_solar_zenith": 61.909361329797797, "s2:granule_id": "S2B_OPER_MSI_L2A_TL_2BPS_20241204T204216_A040465_T10SFH_N05.11", "platform": "Sentinel-2B", "sat:relative_orbit": 113, "eo:cloud_cover": 0.001009, "s2:reflectance_conversion_factor": 1.02871767058948, "s2:datastrip_id": "S2B_OPER_MSI_L2A_DS_2BPS_20241204T204216_S20241204T185656_N05.11", "constellation": "Sentinel 2", "s2:datatake_type": "INS-NOBS", "s2:nodata_pixel_percentage": 0.0, "proj:code": "EPSG:32610", "s2:mgrs_tile": "10SFH", "s2:mean_solar_azimuth": 166.48490653242499, "s2:not_vegetated_percentage": 74.881774, "s2:generation_time": "2024-12-04T20:42:16.000000Z", "s2:saturated_defective_pixel_percentage": 0.0, "sat:orbit_state": "descending", "proj:bbox": "{600000.0, 4190220.0, 4300020.0, 709800.0}", "epsg": 32630, "spatial_ref": 0, "is_debris": 1.0, "nir_val": 0.05580117098817064, "re2_val": 0.092303402119353062, "swir1_val": 0.019980387349840631, "red_val": 0.048456260720411676, "FDI_val": 0.098959923516475756, "FDI": 0.098959923516475756, "longitude": -121.65987366701928, "latitude": 38.095145304863209, "location": "<a href=\"https://www.google.com/maps?q=38.09514530486321,-121.65987366701928\" target=\"_blank\">click me</a>" }, "geometry": { "type": "Point", "coordinates": [ -121.659873667019284, 38.095145304863209 ] } },
{ "type": "Feature", "properties": { "y": 13497887.786872739, "x": -4914620.6736601265, "time": "2024-12-04T18:56:59.024", "id": "S2B_MSIL2A_20241204T185659_R113_T10SFH_20241204T204216", "s2:product_type": "S2MSI2A", "s2:unclassified_percentage": 0.011178, "s2:medium_proba_clouds_percentage": 0.000269, "s2:processing_baseline": "05.11", "s2:snow_ice_percentage": 0.000163, "s2:degraded_msi_data_percentage": 0.0027, "instruments": "msi", "s2:vegetation_percentage": 19.817396, "s2:product_uri": "S2B_MSIL2A_20241204T185659_N0511_R113_T10SFH_20241204T204216.SAFE", "s2:water_percentage": 4.010833, "s2:cloud_shadow_percentage": 0.0, "s2:high_proba_clouds_percentage": 0.0, "s2:datatake_id": "GS2B_20241204T185659_040465_N05.11", "s2:thin_cirrus_percentage": 0.00074, "s2:mean_solar_zenith": 61.909361329797797, "s2:granule_id": "S2B_OPER_MSI_L2A_TL_2BPS_20241204T204216_A040465_T10SFH_N05.11", "platform": "Sentinel-2B", "sat:relative_orbit": 113, "eo:cloud_cover": 0.001009, "s2:reflectance_conversion_factor": 1.02871767058948, "s2:datastrip_id": "S2B_OPER_MSI_L2A_DS_2BPS_20241204T204216_S20241204T185656_N05.11", "constellation": "Sentinel 2", "s2:datatake_type": "INS-NOBS", "s2:nodata_pixel_percentage": 0.0, "proj:code": "EPSG:32610", "s2:mgrs_tile": "10SFH", "s2:mean_solar_azimuth": 166.48490653242499, "s2:not_vegetated_percentage": 74.881774, "s2:generation_time": "2024-12-04T20:42:16.000000Z", "s2:saturated_defective_pixel_percentage": 0.0, "sat:orbit_state": "descending", "proj:bbox": "{600000.0, 4190220.0, 4300020.0, 709800.0}", "epsg": 32630, "spatial_ref": 0, "is_debris": 1.0, "nir_val": 0.16501374118771658, "re2_val": 0.098856664807585065, "swir1_val": 0.078450600637411119, "red_val": 0.091016295025728999, "FDI_val": 0.1043779584766478, "FDI": 0.1043779584766478, "longitude": -121.68306972520162, "latitude": 38.117866096616076, "location": "<a href=\"https://www.google.com/maps?q=38.117866096616076,-121.68306972520162\" target=\"_blank\">click me</a>" }, "geometry": { "type": "Point", "coordinates": [ -121.683069725201619, 38.117866096616076 ] } },
{ "type": "Feature", "properties": { "y": 13497808.304894937, "x": -4911838.3141766377, "time": "2024-12-04T18:56:59.024", "id": "S2B_MSIL2A_20241204T185659_R113_T10SFH_20241204T204216", "s2:product_type": "S2MSI2A", "s2:unclassified_percentage": 0.011178, "s2:medium_proba_clouds_percentage": 0.000269, "s2:processing_baseline": "05.11", "s2:snow_ice_percentage": 0.000163, "s2:degraded_msi_data_percentage": 0.0027, "instruments": "msi", "s2:vegetation_percentage": 19.817396, "s2:product_uri": "S2B_MSIL2A_20241204T185659_N0511_R113_T10SFH_20241204T204216.SAFE", "s2:water_percentage": 4.010833, "s2:cloud_shadow_percentage": 0.0, "s2:high_proba_clouds_percentage": 0.0, "s2:datatake_id": "GS2B_20241204T185659_040465_N05.11", "s2:thin_cirrus_percentage": 0.00074, "s2:mean_solar_zenith": 61.909361329797797, "s2:granule_id": "S2B_OPER_MSI_L2A_TL_2BPS_20241204T204216_A040465_T10SFH_N05.11", "platform": "Sentinel-2B", "sat:relative_orbit": 113, "eo:cloud_cover": 0.001009, "s2:reflectance_conversion_factor": 1.02871767058948, "s2:datastrip_id": "S2B_OPER_MSI_L2A_DS_2BPS_20241204T204216_S20241204T185656_N05.11", "constellation": "Sentinel 2", "s2:datatake_type": "INS-NOBS", "s2:nodata_pixel_percentage": 0.0, "proj:code": "EPSG:32610", "s2:mgrs_tile": "10SFH", "s2:mean_solar_azimuth": 166.48490653242499, "s2:not_vegetated_percentage": 74.881774, "s2:generation_time": "2024-12-04T20:42:16.000000Z", "s2:saturated_defective_pixel_percentage": 0.0, "sat:orbit_state": "descending", "proj:bbox": "{600000.0, 4190220.0, 4300020.0, 709800.0}", "epsg": 32630, "spatial_ref": 0, "is_debris": 1.0, "nir_val": 0.14159397777512248, "re2_val": 0.15644171779141108, "swir1_val": 0.067418484922775176, "red_val": 0.082761578044596912, "FDI_val": 0.15189418821385481, "FDI": 0.15189418821385481, "longitude": -121.69778888780399, "latitude": 38.131816092757425, "location": "<a href=\"https://www.google.com/maps?q=38.131816092757425,-121.697788887804\" target=\"_blank\">click me</a>" }, "geometry": { "type": "Point", "coordinates": [ -121.697788887803995, 38.131816092757425 ] } },
{ "type": "Feature", "properties": { "y": 13497728.822917134, "x": -4911778.692187706, "time": "2024-12-04T18:56:59.024", "id": "S2B_MSIL2A_20241204T185659_R113_T10SFH_20241204T204216", "s2:product_type": "S2MSI2A", "s2:unclassified_percentage": 0.011178, "s2:medium_proba_clouds_percentage": 0.000269, "s2:processing_baseline": "05.11", "s2:snow_ice_percentage": 0.000163, "s2:degraded_msi_data_percentage": 0.0027, "instruments": "msi", "s2:vegetation_percentage": 19.817396, "s2:product_uri": "S2B_MSIL2A_20241204T185659_N0511_R113_T10SFH_20241204T204216.SAFE", "s2:water_percentage": 4.010833, "s2:cloud_shadow_percentage": 0.0, "s2:high_proba_clouds_percentage": 0.0, "s2:datatake_id": "GS2B_20241204T185659_040465_N05.11", "s2:thin_cirrus_percentage": 0.00074, "s2:mean_solar_zenith": 61.909361329797797, "s2:granule_id": "S2B_OPER_MSI_L2A_TL_2BPS_20241204T204216_A040465_T10SFH_N05.11", "platform": "Sentinel-2B", "sat:relative_orbit": 113, "eo:cloud_cover": 0.001009, "s2:reflectance_conversion_factor": 1.02871767058948, "s2:datastrip_id": "S2B_OPER_MSI_L2A_DS_2BPS_20241204T204216_S20241204T185656_N05.11", "constellation": "Sentinel 2", "s2:datatake_type": "INS-NOBS", "s2:nodata_pixel_percentage": 0.0, "proj:code": "EPSG:32610", "s2:mgrs_tile": "10SFH", "s2:mean_solar_azimuth": 166.48490653242499, "s2:not_vegetated_percentage": 74.881774, "s2:generation_time": "2024-12-04T20:42:16.000000Z", "s2:saturated_defective_pixel_percentage": 0.0, "sat:orbit_state": "descending", "proj:bbox": "{600000.0, 4190220.0, 4300020.0, 709800.0}", "epsg": 32630, "spatial_ref": 0, "is_debris": 1.0, "nir_val": 0.09308161070617757, "re2_val": 0.14138315672058005, "swir1_val": 0.062270164255945074, "red_val": 0.068932246998284735, "FDI_val": 0.099878344633643951, "FDI": 0.099878344633643951, "longitude": -121.69762280546171, "latitude": 38.132451027637991, "location": "<a href=\"https://www.google.com/maps?q=38.13245102763799,-121.6976228054617\" target=\"_blank\">click me</a>" }, "geometry": { "type": "Point", "coordinates": [ -121.697622805461705, 38.132451027637991 ] } },
{ "type": "Feature", "properties": { "y": 13497510.247478176, "x": -4914163.5717449822, "time": "2024-12-04T18:56:59.024", "id": "S2B_MSIL2A_20241204T185659_R113_T10SFH_20241204T204216", "s2:product_type": "S2MSI2A", "s2:unclassified_percentage": 0.011178, "s2:medium_proba_clouds_percentage": 0.000269, "s2:processing_baseline": "05.11", "s2:snow_ice_percentage": 0.000163, "s2:degraded_msi_data_percentage": 0.0027, "instruments": "msi", "s2:vegetation_percentage": 19.817396, "s2:product_uri": "S2B_MSIL2A_20241204T185659_N0511_R113_T10SFH_20241204T204216.SAFE", "s2:water_percentage": 4.010833, "s2:cloud_shadow_percentage": 0.0, "s2:high_proba_clouds_percentage": 0.0, "s2:datatake_id": "GS2B_20241204T185659_040465_N05.11", "s2:thin_cirrus_percentage": 0.00074, "s2:mean_solar_zenith": 61.909361329797797, "s2:granule_id": "S2B_OPER_MSI_L2A_TL_2BPS_20241204T204216_A040465_T10SFH_N05.11", "platform": "Sentinel-2B", "sat:relative_orbit": 113, "eo:cloud_cover": 0.001009, "s2:reflectance_conversion_factor": 1.02871767058948, "s2:datastrip_id": "S2B_OPER_MSI_L2A_DS_2BPS_20241204T204216_S20241204T185656_N05.11", "constellation": "Sentinel 2", "s2:datatake_type": "INS-NOBS", "s2:nodata_pixel_percentage": 0.0, "proj:code": "EPSG:32610", "s2:mgrs_tile": "10SFH", "s2:mean_solar_azimuth": 166.48490653242499, "s2:not_vegetated_percentage": 74.881774, "s2:generation_time": "2024-12-04T20:42:16.000000Z", "s2:saturated_defective_pixel_percentage": 0.0, "sat:orbit_state": "descending", "proj:bbox": "{600000.0, 4190220.0, 4300020.0, 709800.0}", "epsg": 32630, "spatial_ref": 0, "is_debris": 1.0, "nir_val": 0.075516788146731989, "re2_val": 0.094116006692693821, "swir1_val": 0.040083353763177246, "red_val": 0.036342195540308764, "FDI_val": 0.082604798052180323, "FDI": 0.082604798052180323, "longitude": -121.68323096687917, "latitude": 38.121731485598865, "location": "<a href=\"https://www.google.com/maps?q=38.121731485598865,-121.68323096687917\" target=\"_blank\">click me</a>" }, "geometry": { "type": "Point", "coordinates": [ -121.683230966879165, 38.121731485598865 ] } },
{ "type": "Feature", "properties": { "y": 13497331.413028121, "x": -4912553.7780438205, "time": "2024-12-04T18:56:59.024", "id": "S2B_MSIL2A_20241204T185659_R113_T10SFH_20241204T204216", "s2:product_type": "S2MSI2A", "s2:unclassified_percentage": 0.011178, "s2:medium_proba_clouds_percentage": 0.000269, "s2:processing_baseline": "05.11", "s2:snow_ice_percentage": 0.000163, "s2:degraded_msi_data_percentage": 0.0027, "instruments": "msi", "s2:vegetation_percentage": 19.817396, "s2:product_uri": "S2B_MSIL2A_20241204T185659_N0511_R113_T10SFH_20241204T204216.SAFE", "s2:water_percentage": 4.010833, "s2:cloud_shadow_percentage": 0.0, "s2:high_proba_clouds_percentage": 0.0, "s2:datatake_id": "GS2B_20241204T185659_040465_N05.11", "s2:thin_cirrus_percentage": 0.00074, "s2:mean_solar_zenith": 61.909361329797797, "s2:granule_id": "S2B_OPER_MSI_L2A_TL_2BPS_20241204T204216_A040465_T10SFH_N05.11", "platform": "Sentinel-2B", "sat:relative_orbit": 113, "eo:cloud_cover": 0.001009, "s2:reflectance_conversion_factor": 1.02871767058948, "s2:datastrip_id": "S2B_OPER_MSI_L2A_DS_2BPS_20241204T204216_S20241204T185656_N05.11", "constellation": "Sentinel 2", "s2:datatake_type": "INS-NOBS", "s2:nodata_pixel_percentage": 0.0, "proj:code": "EPSG:32610", "s2:mgrs_tile": "10SFH", "s2:mean_solar_azimuth": 166.48490653242499, "s2:not_vegetated_percentage": 74.881774, "s2:generation_time": "2024-12-04T20:42:16.000000Z", "s2:saturated_defective_pixel_percentage": 0.0, "sat:orbit_state": "descending", "proj:bbox": "{600000.0, 4190220.0, 4300020.0, 709800.0}", "epsg": 32630, "spatial_ref": 0, "is_debris": 1.0, "nir_val": 0.057832476998446652, "re2_val": 0.09341885108756276, "swir1_val": 0.015812699190978177, "red_val": 0.042452830188679264, "FDI_val": 0.10977118025686769, "FDI": 0.10977118025686769, "longitude": -121.6909237452461, "latitude": 38.130376662944464, "location": "<a href=\"https://www.google.com/maps?q=38.130376662944464,-121.6909237452461\" target=\"_blank\">click me</a>" }, "geometry": { "type": "Point", "coordinates": [ -121.690923745246096, 38.130376662944464 ] } },
{ "type": "Feature", "properties": { "y": 13497331.413028121, "x": -4912533.9040475106, "time": "2024-12-04T18:56:59.024", "id": "S2B_MSIL2A_20241204T185659_R113_T10SFH_20241204T204216", "s2:product_type": "S2MSI2A", "s2:unclassified_percentage": 0.011178, "s2:medium_proba_clouds_percentage": 0.000269, "s2:processing_baseline": "05.11", "s2:snow_ice_percentage": 0.000163, "s2:degraded_msi_data_percentage": 0.0027, "instruments": "msi", "s2:vegetation_percentage": 19.817396, "s2:product_uri": "S2B_MSIL2A_20241204T185659_N0511_R113_T10SFH_20241204T204216.SAFE", "s2:water_percentage": 4.010833, "s2:cloud_shadow_percentage": 0.0, "s2:high_proba_clouds_percentage": 0.0, "s2:datatake_id": "GS2B_20241204T185659_040465_N05.11", "s2:thin_cirrus_percentage": 0.00074, "s2:mean_solar_zenith": 61.909361329797797, "s2:granule_id": "S2B_OPER_MSI_L2A_TL_2BPS_20241204T204216_A040465_T10SFH_N05.11", "platform": "Sentinel-2B", "sat:relative_orbit": 113, "eo:cloud_cover": 0.001009, "s2:reflectance_conversion_factor": 1.02871767058948, "s2:datastrip_id": "S2B_OPER_MSI_L2A_DS_2BPS_20241204T204216_S20241204T185656_N05.11", "constellation": "Sentinel 2", "s2:datatake_type": "INS-NOBS", "s2:nodata_pixel_percentage": 0.0, "proj:code": "EPSG:32610", "s2:mgrs_tile": "10SFH", "s2:mean_solar_azimuth": 166.48490653242499, "s2:not_vegetated_percentage": 74.881774, "s2:generation_time": "2024-12-04T20:42:16.000000Z", "s2:saturated_defective_pixel_percentage": 0.0, "sat:orbit_state": "descending", "proj:bbox": "{600000.0, 4190220.0, 4300020.0, 709800.0}", "epsg": 32630, "spatial_ref": 0, "is_debris": 1.0, "nir_val": 0.054964750866292267, "re2_val": 0.09341885108756276, "swir1_val": 0.015812699190978177, "red_val": 0.040094339622641528, "FDI_val": 0.1069034541247133, "FDI": 0.1069034541247133, "longitude": -121.69103240705319, "latitude": 38.13047386532795, "location": "<a href=\"https://www.google.com/maps?q=38.13047386532795,-121.69103240705319\" target=\"_blank\">click me</a>" }, "geometry": { "type": "Point", "coordinates": [ -121.691032407053186, 38.13047386532795 ] } },
{ "type": "Feature", "properties": { "y": 13496536.593250094, "x": -4912434.5340659572, "time": "2024-12-04T18:56:59.024", "id": "S2B_MSIL2A_20241204T185659_R113_T10SFH_20241204T204216", "s2:product_type": "S2MSI2A", "s2:unclassified_percentage": 0.011178, "s2:medium_proba_clouds_percentage": 0.000269, "s2:processing_baseline": "05.11", "s2:snow_ice_percentage": 0.000163, "s2:degraded_msi_data_percentage": 0.0027, "instruments": "msi", "s2:vegetation_percentage": 19.817396, "s2:product_uri": "S2B_MSIL2A_20241204T185659_N0511_R113_T10SFH_20241204T204216.SAFE", "s2:water_percentage": 4.010833, "s2:cloud_shadow_percentage": 0.0, "s2:high_proba_clouds_percentage": 0.0, "s2:datatake_id": "GS2B_20241204T185659_040465_N05.11", "s2:thin_cirrus_percentage": 0.00074, "s2:mean_solar_zenith": 61.909361329797797, "s2:granule_id": "S2B_OPER_MSI_L2A_TL_2BPS_20241204T204216_A040465_T10SFH_N05.11", "platform": "Sentinel-2B", "sat:relative_orbit": 113, "eo:cloud_cover": 0.001009, "s2:reflectance_conversion_factor": 1.02871767058948, "s2:datastrip_id": "S2B_OPER_MSI_L2A_DS_2BPS_20241204T204216_S20241204T185656_N05.11", "constellation": "Sentinel 2", "s2:datatake_type": "INS-NOBS", "s2:nodata_pixel_percentage": 0.0, "proj:code": "EPSG:32610", "s2:mgrs_tile": "10SFH", "s2:mean_solar_azimuth": 166.48490653242499, "s2:not_vegetated_percentage": 74.881774, "s2:generation_time": "2024-12-04T20:42:16.000000Z", "s2:saturated_defective_pixel_percentage": 0.0, "sat:orbit_state": "descending", "proj:bbox": "{600000.0, 4190220.0, 4300020.0, 709800.0}", "epsg": 32630, "spatial_ref": 0, "is_debris": 1.0, "nir_val": 0.10789819572230852, "re2_val": 0.080033463469046301, "swir1_val": 0.031502819318460398, "red_val": 0.042131217838765, "FDI_val": 0.11876339907499453, "FDI": 0.11876339907499453, "longitude": -121.68665376637689, "latitude": 38.134392293262508, "location": "<a href=\"https://www.google.com/maps?q=38.13439229326251,-121.68665376637689\" target=\"_blank\">click me</a>" }, "geometry": { "type": "Point", "coordinates": [ -121.686653766376892, 38.134392293262508 ] } },
{ "type": "Feature", "properties": { "y": 13496437.240777841, "x": -4912355.0380807146, "time": "2024-12-04T18:56:59.024", "id": "S2B_MSIL2A_20241204T185659_R113_T10SFH_20241204T204216", "s2:product_type": "S2MSI2A", "s2:unclassified_percentage": 0.011178, "s2:medium_proba_clouds_percentage": 0.000269, "s2:processing_baseline": "05.11", "s2:snow_ice_percentage": 0.000163, "s2:degraded_msi_data_percentage": 0.0027, "instruments": "msi", "s2:vegetation_percentage": 19.817396, "s2:product_uri": "S2B_MSIL2A_20241204T185659_N0511_R113_T10SFH_20241204T204216.SAFE", "s2:water_percentage": 4.010833, "s2:cloud_shadow_percentage": 0.0, "s2:high_proba_clouds_percentage": 0.0, "s2:datatake_id": "GS2B_20241204T185659_040465_N05.11", "s2:thin_cirrus_percentage": 0.00074, "s2:mean_solar_zenith": 61.909361329797797, "s2:granule_id": "S2B_OPER_MSI_L2A_TL_2BPS_20241204T204216_A040465_T10SFH_N05.11", "platform": "Sentinel-2B", "sat:relative_orbit": 113, "eo:cloud_cover": 0.001009, "s2:reflectance_conversion_factor": 1.02871767058948, "s2:datastrip_id": "S2B_OPER_MSI_L2A_DS_2BPS_20241204T204216_S20241204T185656_N05.11", "constellation": "Sentinel 2", "s2:datatake_type": "INS-NOBS", "s2:nodata_pixel_percentage": 0.0, "proj:code": "EPSG:32610", "s2:mgrs_tile": "10SFH", "s2:mean_solar_azimuth": 166.48490653242499, "s2:not_vegetated_percentage": 74.881774, "s2:generation_time": "2024-12-04T20:42:16.000000Z", "s2:saturated_defective_pixel_percentage": 0.0, "sat:orbit_state": "descending", "proj:bbox": "{600000.0, 4190220.0, 4300020.0, 709800.0}", "epsg": 32630, "spatial_ref": 0, "is_debris": 1.0, "nir_val": 0.09630780260485125, "re2_val": 0.096765197992191881, "swir1_val": 0.046089727874479028, "red_val": 0.040415951972555764, "FDI_val": 0.094458564515677079, "FDI": 0.094458564515677079, "longitude": -121.68647307200833, "latitude": 38.135210173388522, "location": "<a href=\"https://www.google.com/maps?q=38.13521017338852,-121.68647307200833\" target=\"_blank\">click me</a>" }, "geometry": { "type": "Point", "coordinates": [ -121.686473072008326, 38.135210173388522 ] } },
{ "type": "Feature", "properties": { "y": 13496298.147316687, "x": -4910924.110346349, "time": "2024-12-04T18:56:59.024", "id": "S2B_MSIL2A_20241204T185659_R113_T10SFH_20241204T204216", "s2:product_type": "S2MSI2A", "s2:unclassified_percentage": 0.011178, "s2:medium_proba_clouds_percentage": 0.000269, "s2:processing_baseline": "05.11", "s2:snow_ice_percentage": 0.000163, "s2:degraded_msi_data_percentage": 0.0027, "instruments": "msi", "s2:vegetation_percentage": 19.817396, "s2:product_uri": "S2B_MSIL2A_20241204T185659_N0511_R113_T10SFH_20241204T204216.SAFE", "s2:water_percentage": 4.010833, "s2:cloud_shadow_percentage": 0.0, "s2:high_proba_clouds_percentage": 0.0, "s2:datatake_id": "GS2B_20241204T185659_040465_N05.11", "s2:thin_cirrus_percentage": 0.00074, "s2:mean_solar_zenith": 61.909361329797797, "s2:granule_id": "S2B_OPER_MSI_L2A_TL_2BPS_20241204T204216_A040465_T10SFH_N05.11", "platform": "Sentinel-2B", "sat:relative_orbit": 113, "eo:cloud_cover": 0.001009, "s2:reflectance_conversion_factor": 1.02871767058948, "s2:datastrip_id": "S2B_OPER_MSI_L2A_DS_2BPS_20241204T204216_S20241204T185656_N05.11", "constellation": "Sentinel 2", "s2:datatake_type": "INS-NOBS", "s2:nodata_pixel_percentage": 0.0, "proj:code": "EPSG:32610", "s2:mgrs_tile": "10SFH", "s2:mean_solar_azimuth": 166.48490653242499, "s2:not_vegetated_percentage": 74.881774, "s2:generation_time": "2024-12-04T20:42:16.000000Z", "s2:saturated_defective_pixel_percentage": 0.0, "sat:orbit_state": "descending", "proj:bbox": "{600000.0, 4190220.0, 4300020.0, 709800.0}", "epsg": 32630, "spatial_ref": 0, "is_debris": 1.0, "nir_val": 0.1258214840482734, "re2_val": 0.11977133296151701, "swir1_val": 0.07759254719293944, "red_val": 0.13143224699828474, "FDI_val": 0.085051686335838178, "FDI": 0.085051686335838178, "longitude": -121.69343586219556, "latitude": 38.142810818995123, "location": "<a href=\"https://www.google.com/maps?q=38.14281081899512,-121.69343586219556\" target=\"_blank\">click me</a>" }, "geometry": { "type": "Point", "coordinates": [ -121.693435862195557, 38.142810818995123 ] } },
{ "type": "Feature", "properties": { "y": 13496298.147316687, "x": -4910904.2363500381, "time": "2024-12-04T18:56:59.024", "id": "S2B_MSIL2A_20241204T185659_R113_T10SFH_20241204T204216", "s2:product_type": "S2MSI2A", "s2:unclassified_percentage": 0.011178, "s2:medium_proba_clouds_percentage": 0.000269, "s2:processing_baseline": "05.11", "s2:snow_ice_percentage": 0.000163, "s2:degraded_msi_data_percentage": 0.0027, "instruments": "msi", "s2:vegetation_percentage": 19.817396, "s2:product_uri": "S2B_MSIL2A_20241204T185659_N0511_R113_T10SFH_20241204T204216.SAFE", "s2:water_percentage": 4.010833, "s2:cloud_shadow_percentage": 0.0, "s2:high_proba_clouds_percentage": 0.0, "s2:datatake_id": "GS2B_20241204T185659_040465_N05.11", "s2:thin_cirrus_percentage": 0.00074, "s2:mean_solar_zenith": 61.909361329797797, "s2:granule_id": "S2B_OPER_MSI_L2A_TL_2BPS_20241204T204216_A040465_T10SFH_N05.11", "platform": "Sentinel-2B", "sat:relative_orbit": 113, "eo:cloud_cover": 0.001009, "s2:reflectance_conversion_factor": 1.02871767058948, "s2:datastrip_id": "S2B_OPER_MSI_L2A_DS_2BPS_20241204T204216_S20241204T185656_N05.11", "constellation": "Sentinel 2", "s2:datatake_type": "INS-NOBS", "s2:nodata_pixel_percentage": 0.0, "proj:code": "EPSG:32610", "s2:mgrs_tile": "10SFH", "s2:mean_solar_azimuth": 166.48490653242499, "s2:not_vegetated_percentage": 74.881774, "s2:generation_time": "2024-12-04T20:42:16.000000Z", "s2:saturated_defective_pixel_percentage": 0.0, "sat:orbit_state": "descending", "proj:bbox": "{600000.0, 4190220.0, 4300020.0, 709800.0}", "epsg": 32630, "spatial_ref": 0, "is_debris": 1.0, "nir_val": 0.11936910025092604, "re2_val": 0.16564417177914109, "swir1_val": 0.097940671733267939, "red_val": 0.12264150943396226, "FDI_val": 0.080534658716436225, "FDI": 0.080534658716436225, "longitude": -121.69354455136929, "latitude": 38.142908045510566, "location": "<a href=\"https://www.google.com/maps?q=38.142908045510566,-121.69354455136929\" target=\"_blank\">click me</a>" }, "geometry": { "type": "Point", "coordinates": [ -121.693544551369286, 38.142908045510566 ] } },
{ "type": "Feature", "properties": { "y": 13496258.406327784, "x": -4912116.550124987, "time": "2024-12-04T18:56:59.024", "id": "S2B_MSIL2A_20241204T185659_R113_T10SFH_20241204T204216", "s2:product_type": "S2MSI2A", "s2:unclassified_percentage": 0.011178, "s2:medium_proba_clouds_percentage": 0.000269, "s2:processing_baseline": "05.11", "s2:snow_ice_percentage": 0.000163, "s2:degraded_msi_data_percentage": 0.0027, "instruments": "msi", "s2:vegetation_percentage": 19.817396, "s2:product_uri": "S2B_MSIL2A_20241204T185659_N0511_R113_T10SFH_20241204T204216.SAFE", "s2:water_percentage": 4.010833, "s2:cloud_shadow_percentage": 0.0, "s2:high_proba_clouds_percentage": 0.0, "s2:datatake_id": "GS2B_20241204T185659_040465_N05.11", "s2:thin_cirrus_percentage": 0.00074, "s2:mean_solar_zenith": 61.909361329797797, "s2:granule_id": "S2B_OPER_MSI_L2A_TL_2BPS_20241204T204216_A040465_T10SFH_N05.11", "platform": "Sentinel-2B", "sat:relative_orbit": 113, "eo:cloud_cover": 0.001009, "s2:reflectance_conversion_factor": 1.02871767058948, "s2:datastrip_id": "S2B_OPER_MSI_L2A_DS_2BPS_20241204T204216_S20241204T185656_N05.11", "constellation": "Sentinel 2", "s2:datatake_type": "INS-NOBS", "s2:nodata_pixel_percentage": 0.0, "proj:code": "EPSG:32610", "s2:mgrs_tile": "10SFH", "s2:mean_solar_azimuth": 166.48490653242499, "s2:not_vegetated_percentage": 74.881774, "s2:generation_time": "2024-12-04T20:42:16.000000Z", "s2:saturated_defective_pixel_percentage": 0.0, "sat:orbit_state": "descending", "proj:bbox": "{600000.0, 4190220.0, 4300020.0, 709800.0}", "epsg": 32630, "spatial_ref": 0, "is_debris": 1.0, "nir_val": 0.11303620504241846, "re2_val": 0.10178471834913555, "swir1_val": 0.054302525128707993, "red_val": 0.054888507718696411, "FDI_val": 0.10018638828075038, "FDI": 0.10018638828075038, "longitude": -121.6866693273705, "latitude": 38.137149028920511, "location": "<a href=\"https://www.google.com/maps?q=38.13714902892051,-121.6866693273705\" target=\"_blank\">click me</a>" }, "geometry": { "type": "Point", "coordinates": [ -121.686669327370495, 38.137149028920511 ] } },
{ "type": "Feature", "properties": { "y": 13496159.053855531, "x": -4910804.8663684847, "time": "2024-12-04T18:56:59.024", "id": "S2B_MSIL2A_20241204T185659_R113_T10SFH_20241204T204216", "s2:product_type": "S2MSI2A", "s2:unclassified_percentage": 0.011178, "s2:medium_proba_clouds_percentage": 0.000269, "s2:processing_baseline": "05.11", "s2:snow_ice_percentage": 0.000163, "s2:degraded_msi_data_percentage": 0.0027, "instruments": "msi", "s2:vegetation_percentage": 19.817396, "s2:product_uri": "S2B_MSIL2A_20241204T185659_N0511_R113_T10SFH_20241204T204216.SAFE", "s2:water_percentage": 4.010833, "s2:cloud_shadow_percentage": 0.0, "s2:high_proba_clouds_percentage": 0.0, "s2:datatake_id": "GS2B_20241204T185659_040465_N05.11", "s2:thin_cirrus_percentage": 0.00074, "s2:mean_solar_zenith": 61.909361329797797, "s2:granule_id": "S2B_OPER_MSI_L2A_TL_2BPS_20241204T204216_A040465_T10SFH_N05.11", "platform": "Sentinel-2B", "sat:relative_orbit": 113, "eo:cloud_cover": 0.001009, "s2:reflectance_conversion_factor": 1.02871767058948, "s2:datastrip_id": "S2B_OPER_MSI_L2A_DS_2BPS_20241204T204216_S20241204T185656_N05.11", "constellation": "Sentinel 2", "s2:datatake_type": "INS-NOBS", "s2:nodata_pixel_percentage": 0.0, "proj:code": "EPSG:32610", "s2:mgrs_tile": "10SFH", "s2:mean_solar_azimuth": 166.48490653242499, "s2:not_vegetated_percentage": 74.881774, "s2:generation_time": "2024-12-04T20:42:16.000000Z", "s2:saturated_defective_pixel_percentage": 0.0, "sat:orbit_state": "descending", "proj:bbox": "{600000.0, 4190220.0, 4300020.0, 709800.0}", "epsg": 32630, "spatial_ref": 0, "is_debris": 1.0, "nir_val": 0.15856135739036922, "re2_val": 0.15713887339654214, "swir1_val": 0.067295905859279234, "red_val": 0.0645368782161235, "FDI_val": 0.16969978826997029, "FDI": 0.16969978826997029, "longitude": -121.69322636105872, "latitude": 38.143994939258221, "location": "<a href=\"https://www.google.com/maps?q=38.14399493925822,-121.69322636105872\" target=\"_blank\">click me</a>" }, "geometry": { "type": "Point", "coordinates": [ -121.69322636105872, 38.143994939258221 ] } },
{ "type": "Feature", "properties": { "y": 13495721.902977617, "x": -4911738.9441950852, "time": "2024-12-04T18:56:59.024", "id": "S2B_MSIL2A_20241204T185659_R113_T10SFH_20241204T204216", "s2:product_type": "S2MSI2A", "s2:unclassified_percentage": 0.011178, "s2:medium_proba_clouds_percentage": 0.000269, "s2:processing_baseline": "05.11", "s2:snow_ice_percentage": 0.000163, "s2:degraded_msi_data_percentage": 0.0027, "instruments": "msi", "s2:vegetation_percentage": 19.817396, "s2:product_uri": "S2B_MSIL2A_20241204T185659_N0511_R113_T10SFH_20241204T204216.SAFE", "s2:water_percentage": 4.010833, "s2:cloud_shadow_percentage": 0.0, "s2:high_proba_clouds_percentage": 0.0, "s2:datatake_id": "GS2B_20241204T185659_040465_N05.11", "s2:thin_cirrus_percentage": 0.00074, "s2:mean_solar_zenith": 61.909361329797797, "s2:granule_id": "S2B_OPER_MSI_L2A_TL_2BPS_20241204T204216_A040465_T10SFH_N05.11", "platform": "Sentinel-2B", "sat:relative_orbit": 113, "eo:cloud_cover": 0.001009, "s2:reflectance_conversion_factor": 1.02871767058948, "s2:datastrip_id": "S2B_OPER_MSI_L2A_DS_2BPS_20241204T204216_S20241204T185656_N05.11", "constellation": "Sentinel 2", "s2:datatake_type": "INS-NOBS", "s2:nodata_pixel_percentage": 0.0, "proj:code": "EPSG:32610", "s2:mgrs_tile": "10SFH", "s2:mean_solar_azimuth": 166.48490653242499, "s2:not_vegetated_percentage": 74.881774, "s2:generation_time": "2024-12-04T20:42:16.000000Z", "s2:saturated_defective_pixel_percentage": 0.0, "sat:orbit_state": "descending", "proj:bbox": "{600000.0, 4190220.0, 4300020.0, 709800.0}", "epsg": 32630, "spatial_ref": 0, "is_debris": 1.0, "nir_val": 0.10013143744772374, "re2_val": 0.12367540435025098, "swir1_val": 0.036528560921794559, "red_val": 0.03741423670668953, "FDI_val": 0.13968345412220062, "FDI": 0.13968345412220062, "longitude": -121.68541062893259, "latitude": 38.141312970020188, "location": "<a href=\"https://www.google.com/maps?q=38.14131297002019,-121.68541062893259\" target=\"_blank\">click me</a>" }, "geometry": { "type": "Point", "coordinates": [ -121.685410628932587, 38.141312970020188 ] } },
{ "type": "Feature", "properties": { "y": 13495344.363583054, "x": -4911540.2042319784, "time": "2024-12-04T18:56:59.024", "id": "S2B_MSIL2A_20241204T185659_R113_T10SFH_20241204T204216", "s2:product_type": "S2MSI2A", "s2:unclassified_percentage": 0.011178, "s2:medium_proba_clouds_percentage": 0.000269, "s2:processing_baseline": "05.11", "s2:snow_ice_percentage": 0.000163, "s2:degraded_msi_data_percentage": 0.0027, "instruments": "msi", "s2:vegetation_percentage": 19.817396, "s2:product_uri": "S2B_MSIL2A_20241204T185659_N0511_R113_T10SFH_20241204T204216.SAFE", "s2:water_percentage": 4.010833, "s2:cloud_shadow_percentage": 0.0, "s2:high_proba_clouds_percentage": 0.0, "s2:datatake_id": "GS2B_20241204T185659_040465_N05.11", "s2:thin_cirrus_percentage": 0.00074, "s2:mean_solar_zenith": 61.909361329797797, "s2:granule_id": "S2B_OPER_MSI_L2A_TL_2BPS_20241204T204216_A040465_T10SFH_N05.11", "platform": "Sentinel-2B", "sat:relative_orbit": 113, "eo:cloud_cover": 0.001009, "s2:reflectance_conversion_factor": 1.02871767058948, "s2:datastrip_id": "S2B_OPER_MSI_L2A_DS_2BPS_20241204T204216_S20241204T185656_N05.11", "constellation": "Sentinel 2", "s2:datatake_type": "INS-NOBS", "s2:nodata_pixel_percentage": 0.0, "proj:code": "EPSG:32610", "s2:mgrs_tile": "10SFH", "s2:mean_solar_azimuth": 166.48490653242499, "s2:not_vegetated_percentage": 74.881774, "s2:generation_time": "2024-12-04T20:42:16.000000Z", "s2:saturated_defective_pixel_percentage": 0.0, "sat:orbit_state": "descending", "proj:bbox": "{600000.0, 4190220.0, 4300020.0, 709800.0}", "epsg": 32630, "spatial_ref": 0, "is_debris": 1.0, "nir_val": 0.2723144939658263, "re2_val": 0.4230340211935304, "swir1_val": 0.25692571708752143, "red_val": 0.24463979416809603, "FDI_val": 0.16040396300259835, "FDI": 0.16040396300259835, "longitude": -121.6841583571789, "latitude": 38.143915482239187, "location": "<a href=\"https://www.google.com/maps?q=38.14391548223919,-121.6841583571789\" target=\"_blank\">click me</a>" }, "geometry": { "type": "Point", "coordinates": [ -121.684158357178902, 38.143915482239187 ] } },
{ "type": "Feature", "properties": { "y": 13495264.881605253, "x": -4911401.0862578042, "time": "2024-12-04T18:56:59.024", "id": "S2B_MSIL2A_20241204T185659_R113_T10SFH_20241204T204216", "s2:product_type": "S2MSI2A", "s2:unclassified_percentage": 0.011178, "s2:medium_proba_clouds_percentage": 0.000269, "s2:processing_baseline": "05.11", "s2:snow_ice_percentage": 0.000163, "s2:degraded_msi_data_percentage": 0.0027, "instruments": "msi", "s2:vegetation_percentage": 19.817396, "s2:product_uri": "S2B_MSIL2A_20241204T185659_N0511_R113_T10SFH_20241204T204216.SAFE", "s2:water_percentage": 4.010833, "s2:cloud_shadow_percentage": 0.0, "s2:high_proba_clouds_percentage": 0.0, "s2:datatake_id": "GS2B_20241204T185659_040465_N05.11", "s2:thin_cirrus_percentage": 0.00074, "s2:mean_solar_zenith": 61.909361329797797, "s2:granule_id": "S2B_OPER_MSI_L2A_TL_2BPS_20241204T204216_A040465_T10SFH_N05.11", "platform": "Sentinel-2B", "sat:relative_orbit": 113, "eo:cloud_cover": 0.001009, "s2:reflectance_conversion_factor": 1.02871767058948, "s2:datastrip_id": "S2B_OPER_MSI_L2A_DS_2BPS_20241204T204216_S20241204T185656_N05.11", "constellation": "Sentinel 2", "s2:datatake_type": "INS-NOBS", "s2:nodata_pixel_percentage": 0.0, "proj:code": "EPSG:32610", "s2:mgrs_tile": "10SFH", "s2:mean_solar_azimuth": 166.48490653242499, "s2:not_vegetated_percentage": 74.881774, "s2:generation_time": "2024-12-04T20:42:16.000000Z", "s2:saturated_defective_pixel_percentage": 0.0, "sat:orbit_state": "descending", "proj:bbox": "{600000.0, 4190220.0, 4300020.0, 709800.0}", "epsg": 32630, "spatial_ref": 0, "is_debris": 1.0, "nir_val": 0.080057354522643093, "re2_val": 0.098020078081427792, "swir1_val": 0.036528560921794559, "red_val": 0.036878216123499147, "FDI_val": 0.097211864137036252, "FDI": 0.097211864137036252, "longitude": -121.68442654896039, "latitude": 38.144939339894712, "location": "<a href=\"https://www.google.com/maps?q=38.14493933989471,-121.68442654896039\" target=\"_blank\">click me</a>" }, "geometry": { "type": "Point", "coordinates": [ -121.684426548960388, 38.144939339894712 ] } },
{ "type": "Feature", "properties": { "y": 13495026.435671844, "x": -4911222.2202910082, "time": "2024-12-04T18:56:59.024", "id": "S2B_MSIL2A_20241204T185659_R113_T10SFH_20241204T204216", "s2:product_type": "S2MSI2A", "s2:unclassified_percentage": 0.011178, "s2:medium_proba_clouds_percentage": 0.000269, "s2:processing_baseline": "05.11", "s2:snow_ice_percentage": 0.000163, "s2:degraded_msi_data_percentage": 0.0027, "instruments": "msi", "s2:vegetation_percentage": 19.817396, "s2:product_uri": "S2B_MSIL2A_20241204T185659_N0511_R113_T10SFH_20241204T204216.SAFE", "s2:water_percentage": 4.010833, "s2:cloud_shadow_percentage": 0.0, "s2:high_proba_clouds_percentage": 0.0, "s2:datatake_id": "GS2B_20241204T185659_040465_N05.11", "s2:thin_cirrus_percentage": 0.00074, "s2:mean_solar_zenith": 61.909361329797797, "s2:granule_id": "S2B_OPER_MSI_L2A_TL_2BPS_20241204T204216_A040465_T10SFH_N05.11", "platform": "Sentinel-2B", "sat:relative_orbit": 113, "eo:cloud_cover": 0.001009, "s2:reflectance_conversion_factor": 1.02871767058948, "s2:datastrip_id": "S2B_OPER_MSI_L2A_DS_2BPS_20241204T204216_S20241204T185656_N05.11", "constellation": "Sentinel 2", "s2:datatake_type": "INS-NOBS", "s2:nodata_pixel_percentage": 0.0, "proj:code": "EPSG:32610", "s2:mgrs_tile": "10SFH", "s2:mean_solar_azimuth": 166.48490653242499, "s2:not_vegetated_percentage": 74.881774, "s2:generation_time": "2024-12-04T20:42:16.000000Z", "s2:saturated_defective_pixel_percentage": 0.0, "sat:orbit_state": "descending", "proj:bbox": "{600000.0, 4190220.0, 4300020.0, 709800.0}", "epsg": 32630, "spatial_ref": 0, "is_debris": 1.0, "nir_val": 0.075636276735571772, "re2_val": 0.10819854991634134, "swir1_val": 0.037754351556754093, "red_val": 0.034198113207547176, "FDI_val": 0.099380828508616043, "FDI": 0.099380828508616043, "longitude": -121.68392714660131, "latitude": 38.146844076575718, "location": "<a href=\"https://www.google.com/maps?q=38.14684407657572,-121.6839271466013\" target=\"_blank\">click me</a>" }, "geometry": { "type": "Point", "coordinates": [ -121.683927146601306, 38.146844076575718 ] } },
{ "type": "Feature", "properties": { "y": 13495026.435671844, "x": -4911202.3462946974, "time": "2024-12-04T18:56:59.024", "id": "S2B_MSIL2A_20241204T185659_R113_T10SFH_20241204T204216", "s2:product_type": "S2MSI2A", "s2:unclassified_percentage": 0.011178, "s2:medium_proba_clouds_percentage": 0.000269, "s2:processing_baseline": "05.11", "s2:snow_ice_percentage": 0.000163, "s2:degraded_msi_data_percentage": 0.0027, "instruments": "msi", "s2:vegetation_percentage": 19.817396, "s2:product_uri": "S2B_MSIL2A_20241204T185659_N0511_R113_T10SFH_20241204T204216.SAFE", "s2:water_percentage": 4.010833, "s2:cloud_shadow_percentage": 0.0, "s2:high_proba_clouds_percentage": 0.0, "s2:datatake_id": "GS2B_20241204T185659_040465_N05.11", "s2:thin_cirrus_percentage": 0.00074, "s2:mean_solar_zenith": 61.909361329797797, "s2:granule_id": "S2B_OPER_MSI_L2A_TL_2BPS_20241204T204216_A040465_T10SFH_N05.11", "platform": "Sentinel-2B", "sat:relative_orbit": 113, "eo:cloud_cover": 0.001009, "s2:reflectance_conversion_factor": 1.02871767058948, "s2:datastrip_id": "S2B_OPER_MSI_L2A_DS_2BPS_20241204T204216_S20241204T185656_N05.11", "constellation": "Sentinel 2", "s2:datatake_type": "INS-NOBS", "s2:nodata_pixel_percentage": 0.0, "proj:code": "EPSG:32610", "s2:mgrs_tile": "10SFH", "s2:mean_solar_azimuth": 166.48490653242499, "s2:not_vegetated_percentage": 74.881774, "s2:generation_time": "2024-12-04T20:42:16.000000Z", "s2:saturated_defective_pixel_percentage": 0.0, "sat:orbit_state": "descending", "proj:bbox": "{600000.0, 4190220.0, 4300020.0, 709800.0}", "epsg": 32630, "spatial_ref": 0, "is_debris": 1.0, "nir_val": 0.086031783964631375, "re2_val": 0.090490797546012275, "swir1_val": 0.029051238048541303, "red_val": 0.037628644939965705, "FDI_val": 0.11061825658848534, "FDI": 0.11061825658848534, "longitude": -121.68403580879573, "latitude": 38.146941320573994, "location": "<a href=\"https://www.google.com/maps?q=38.146941320573994,-121.68403580879573\" target=\"_blank\">click me</a>" }, "geometry": { "type": "Point", "coordinates": [ -121.684035808795727, 38.146941320573994 ] } },
{ "type": "Feature", "properties": { "y": 13494688.637266183, "x": -4911003.6063315915, "time": "2024-12-04T18:56:59.024", "id": "S2B_MSIL2A_20241204T185659_R113_T10SFH_20241204T204216", "s2:product_type": "S2MSI2A", "s2:unclassified_percentage": 0.011178, "s2:medium_proba_clouds_percentage": 0.000269, "s2:processing_baseline": "05.11", "s2:snow_ice_percentage": 0.000163, "s2:degraded_msi_data_percentage": 0.0027, "instruments": "msi", "s2:vegetation_percentage": 19.817396, "s2:product_uri": "S2B_MSIL2A_20241204T185659_N0511_R113_T10SFH_20241204T204216.SAFE", "s2:water_percentage": 4.010833, "s2:cloud_shadow_percentage": 0.0, "s2:high_proba_clouds_percentage": 0.0, "s2:datatake_id": "GS2B_20241204T185659_040465_N05.11", "s2:thin_cirrus_percentage": 0.00074, "s2:mean_solar_zenith": 61.909361329797797, "s2:granule_id": "S2B_OPER_MSI_L2A_TL_2BPS_20241204T204216_A040465_T10SFH_N05.11", "platform": "Sentinel-2B", "sat:relative_orbit": 113, "eo:cloud_cover": 0.001009, "s2:reflectance_conversion_factor": 1.02871767058948, "s2:datastrip_id": "S2B_OPER_MSI_L2A_DS_2BPS_20241204T204216_S20241204T185656_N05.11", "constellation": "Sentinel 2", "s2:datatake_type": "INS-NOBS", "s2:nodata_pixel_percentage": 0.0, "proj:code": "EPSG:32610", "s2:mgrs_tile": "10SFH", "s2:mean_solar_azimuth": 166.48490653242499, "s2:not_vegetated_percentage": 74.881774, "s2:generation_time": "2024-12-04T20:42:16.000000Z", "s2:saturated_defective_pixel_percentage": 0.0, "sat:orbit_state": "descending", "proj:bbox": "{600000.0, 4190220.0, 4300020.0, 709800.0}", "epsg": 32630, "spatial_ref": 0, "is_debris": 1.0, "nir_val": 0.15808340303501014, "re2_val": 0.12228109313998886, "swir1_val": 0.057612159843098795, "red_val": 0.046526586620926236, "FDI_val": 0.15692824845110107, "FDI": 0.15692824845110107, "longitude": -121.68302933261567, "latitude": 38.149372307061192, "location": "<a href=\"https://www.google.com/maps?q=38.14937230706119,-121.68302933261567\" target=\"_blank\">click me</a>" }, "geometry": { "type": "Point", "coordinates": [ -121.683029332615675, 38.149372307061192 ] } },
{ "type": "Feature", "properties": { "y": 13494569.414299479, "x": -4910924.110346349, "time": "2024-12-04T18:56:59.024", "id": "S2B_MSIL2A_20241204T185659_R113_T10SFH_20241204T204216", "s2:product_type": "S2MSI2A", "s2:unclassified_percentage": 0.011178, "s2:medium_proba_clouds_percentage": 0.000269, "s2:processing_baseline": "05.11", "s2:snow_ice_percentage": 0.000163, "s2:degraded_msi_data_percentage": 0.0027, "instruments": "msi", "s2:vegetation_percentage": 19.817396, "s2:product_uri": "S2B_MSIL2A_20241204T185659_N0511_R113_T10SFH_20241204T204216.SAFE", "s2:water_percentage": 4.010833, "s2:cloud_shadow_percentage": 0.0, "s2:high_proba_clouds_percentage": 0.0, "s2:datatake_id": "GS2B_20241204T185659_040465_N05.11", "s2:thin_cirrus_percentage": 0.00074, "s2:mean_solar_zenith": 61.909361329797797, "s2:granule_id": "S2B_OPER_MSI_L2A_TL_2BPS_20241204T204216_A040465_T10SFH_N05.11", "platform": "Sentinel-2B", "sat:relative_orbit": 113, "eo:cloud_cover": 0.001009, "s2:reflectance_conversion_factor": 1.02871767058948, "s2:datastrip_id": "S2B_OPER_MSI_L2A_DS_2BPS_20241204T204216_S20241204T185656_N05.11", "constellation": "Sentinel 2", "s2:datatake_type": "INS-NOBS", "s2:nodata_pixel_percentage": 0.0, "proj:code": "EPSG:32610", "s2:mgrs_tile": "10SFH", "s2:mean_solar_azimuth": 166.48490653242499, "s2:not_vegetated_percentage": 74.881774, "s2:generation_time": "2024-12-04T20:42:16.000000Z", "s2:saturated_defective_pixel_percentage": 0.0, "sat:orbit_state": "descending", "proj:bbox": "{600000.0, 4190220.0, 4300020.0, 709800.0}", "epsg": 32630, "spatial_ref": 0, "is_debris": 1.0, "nir_val": 0.070378778826622052, "re2_val": 0.092024539877300637, "swir1_val": 0.022186810492767814, "red_val": 0.029802744425385941, "FDI_val": 0.10916141462193843, "FDI": 0.10916141462193843, "longitude": -121.68272519327732, "latitude": 38.150276071489998, "location": "<a href=\"https://www.google.com/maps?q=38.15027607149,-121.68272519327732\" target=\"_blank\">click me</a>" }, "geometry": { "type": "Point", "coordinates": [ -121.682725193277321, 38.150276071489998 ] } },
{ "type": "Feature", "properties": { "y": 13494489.932321675, "x": -4910864.4883574173, "time": "2024-12-04T18:56:59.024", "id": "S2B_MSIL2A_20241204T185659_R113_T10SFH_20241204T204216", "s2:product_type": "S2MSI2A", "s2:unclassified_percentage": 0.011178, "s2:medium_proba_clouds_percentage": 0.000269, "s2:processing_baseline": "05.11", "s2:snow_ice_percentage": 0.000163, "s2:degraded_msi_data_percentage": 0.0027, "instruments": "msi", "s2:vegetation_percentage": 19.817396, "s2:product_uri": "S2B_MSIL2A_20241204T185659_N0511_R113_T10SFH_20241204T204216.SAFE", "s2:water_percentage": 4.010833, "s2:cloud_shadow_percentage": 0.0, "s2:high_proba_clouds_percentage": 0.0, "s2:datatake_id": "GS2B_20241204T185659_040465_N05.11", "s2:thin_cirrus_percentage": 0.00074, "s2:mean_solar_zenith": 61.909361329797797, "s2:granule_id": "S2B_OPER_MSI_L2A_TL_2BPS_20241204T204216_A040465_T10SFH_N05.11", "platform": "Sentinel-2B", "sat:relative_orbit": 113, "eo:cloud_cover": 0.001009, "s2:reflectance_conversion_factor": 1.02871767058948, "s2:datastrip_id": "S2B_OPER_MSI_L2A_DS_2BPS_20241204T204216_S20241204T185656_N05.11", "constellation": "Sentinel 2", "s2:datatake_type": "INS-NOBS", "s2:nodata_pixel_percentage": 0.0, "proj:code": "EPSG:32610", "s2:mgrs_tile": "10SFH", "s2:mean_solar_azimuth": 166.48490653242499, "s2:not_vegetated_percentage": 74.881774, "s2:generation_time": "2024-12-04T20:42:16.000000Z", "s2:saturated_defective_pixel_percentage": 0.0, "sat:orbit_state": "descending", "proj:bbox": "{600000.0, 4190220.0, 4300020.0, 709800.0}", "epsg": 32630, "spatial_ref": 0, "is_debris": 1.0, "nir_val": 0.13753136575457045, "re2_val": 0.11084774121583937, "swir1_val": 0.031502819318460398, "red_val": 0.032911663807890235, "FDI_val": 0.17529792269572658, "FDI": 0.17529792269572658, "longitude": -121.68255864099542, "latitude": 38.150911001188206, "location": "<a href=\"https://www.google.com/maps?q=38.150911001188206,-121.68255864099542\" target=\"_blank\">click me</a>" }, "geometry": { "type": "Point", "coordinates": [ -121.682558640995424, 38.150911001188206 ] } },
{ "type": "Feature", "properties": { "y": 13494390.579849422, "x": -4910566.3784127571, "time": "2024-12-04T18:56:59.024", "id": "S2B_MSIL2A_20241204T185659_R113_T10SFH_20241204T204216", "s2:product_type": "S2MSI2A", "s2:unclassified_percentage": 0.011178, "s2:medium_proba_clouds_percentage": 0.000269, "s2:processing_baseline": "05.11", "s2:snow_ice_percentage": 0.000163, "s2:degraded_msi_data_percentage": 0.0027, "instruments": "msi", "s2:vegetation_percentage": 19.817396, "s2:product_uri": "S2B_MSIL2A_20241204T185659_N0511_R113_T10SFH_20241204T204216.SAFE", "s2:water_percentage": 4.010833, "s2:cloud_shadow_percentage": 0.0, "s2:high_proba_clouds_percentage": 0.0, "s2:datatake_id": "GS2B_20241204T185659_040465_N05.11", "s2:thin_cirrus_percentage": 0.00074, "s2:mean_solar_zenith": 61.909361329797797, "s2:granule_id": "S2B_OPER_MSI_L2A_TL_2BPS_20241204T204216_A040465_T10SFH_N05.11", "platform": "Sentinel-2B", "sat:relative_orbit": 113, "eo:cloud_cover": 0.001009, "s2:reflectance_conversion_factor": 1.02871767058948, "s2:datastrip_id": "S2B_OPER_MSI_L2A_DS_2BPS_20241204T204216_S20241204T185656_N05.11", "constellation": "Sentinel 2", "s2:datatake_type": "INS-NOBS", "s2:nodata_pixel_percentage": 0.0, "proj:code": "EPSG:32610", "s2:mgrs_tile": "10SFH", "s2:mean_solar_azimuth": 166.48490653242499, "s2:not_vegetated_percentage": 74.881774, "s2:generation_time": "2024-12-04T20:42:16.000000Z", "s2:saturated_defective_pixel_percentage": 0.0, "sat:orbit_state": "descending", "proj:bbox": "{600000.0, 4190220.0, 4300020.0, 709800.0}", "epsg": 32630, "spatial_ref": 0, "is_debris": 1.0, "nir_val": 0.038355837017564842, "re2_val": 0.077523703290574453, "swir1_val": 0.010786957587644017, "red_val": 0.042024013722126941, "FDI_val": 0.085831117742002944, "FDI": 0.085831117742002944, "longitude": -121.68357293565607, "latitude": 38.152798801193128, "location": "<a href=\"https://www.google.com/maps?q=38.15279880119313,-121.68357293565607\" target=\"_blank\">click me</a>" }, "geometry": { "type": "Point", "coordinates": [ -121.683572935656073, 38.152798801193128 ] } },
{ "type": "Feature", "properties": { "y": 13493854.076499255, "x": -4909771.4185603317, "time": "2024-12-04T18:56:59.024", "id": "S2B_MSIL2A_20241204T185659_R113_T10SFH_20241204T204216", "s2:product_type": "S2MSI2A", "s2:unclassified_percentage": 0.011178, "s2:medium_proba_clouds_percentage": 0.000269, "s2:processing_baseline": "05.11", "s2:snow_ice_percentage": 0.000163, "s2:degraded_msi_data_percentage": 0.0027, "instruments": "msi", "s2:vegetation_percentage": 19.817396, "s2:product_uri": "S2B_MSIL2A_20241204T185659_N0511_R113_T10SFH_20241204T204216.SAFE", "s2:water_percentage": 4.010833, "s2:cloud_shadow_percentage": 0.0, "s2:high_proba_clouds_percentage": 0.0, "s2:datatake_id": "GS2B_20241204T185659_040465_N05.11", "s2:thin_cirrus_percentage": 0.00074, "s2:mean_solar_zenith": 61.909361329797797, "s2:granule_id": "S2B_OPER_MSI_L2A_TL_2BPS_20241204T204216_A040465_T10SFH_N05.11", "platform": "Sentinel-2B", "sat:relative_orbit": 113, "eo:cloud_cover": 0.001009, "s2:reflectance_conversion_factor": 1.02871767058948, "s2:datastrip_id": "S2B_OPER_MSI_L2A_DS_2BPS_20241204T204216_S20241204T185656_N05.11", "constellation": "Sentinel 2", "s2:datatake_type": "INS-NOBS", "s2:nodata_pixel_percentage": 0.0, "proj:code": "EPSG:32610", "s2:mgrs_tile": "10SFH", "s2:mean_solar_azimuth": 166.48490653242499, "s2:not_vegetated_percentage": 74.881774, "s2:generation_time": "2024-12-04T20:42:16.000000Z", "s2:saturated_defective_pixel_percentage": 0.0, "sat:orbit_state": "descending", "proj:bbox": "{600000.0, 4190220.0, 4300020.0, 709800.0}", "epsg": 32630, "spatial_ref": 0, "is_debris": 1.0, "nir_val": 0.17313896522882063, "re2_val": 0.13148354712771892, "swir1_val": 0.10603088992400096, "red_val": 0.15887650085763291, "FDI_val": 0.089328649054097251, "FDI": 0.089328649054097251, "longitude": -121.684594738332, "latitude": 38.159005830763704, "location": "<a href=\"https://www.google.com/maps?q=38.159005830763704,-121.684594738332\" target=\"_blank\">click me</a>" }, "geometry": { "type": "Point", "coordinates": [ -121.684594738331995, 38.159005830763704 ] } },
{ "type": "Feature", "properties": { "y": 13493834.206004804, "x": -4909831.0405492643, "time": "2024-12-04T18:56:59.024", "id": "S2B_MSIL2A_20241204T185659_R113_T10SFH_20241204T204216", "s2:product_type": "S2MSI2A", "s2:unclassified_percentage": 0.011178, "s2:medium_proba_clouds_percentage": 0.000269, "s2:processing_baseline": "05.11", "s2:snow_ice_percentage": 0.000163, "s2:degraded_msi_data_percentage": 0.0027, "instruments": "msi", "s2:vegetation_percentage": 19.817396, "s2:product_uri": "S2B_MSIL2A_20241204T185659_N0511_R113_T10SFH_20241204T204216.SAFE", "s2:water_percentage": 4.010833, "s2:cloud_shadow_percentage": 0.0, "s2:high_proba_clouds_percentage": 0.0, "s2:datatake_id": "GS2B_20241204T185659_040465_N05.11", "s2:thin_cirrus_percentage": 0.00074, "s2:mean_solar_zenith": 61.909361329797797, "s2:granule_id": "S2B_OPER_MSI_L2A_TL_2BPS_20241204T204216_A040465_T10SFH_N05.11", "platform": "Sentinel-2B", "sat:relative_orbit": 113, "eo:cloud_cover": 0.001009, "s2:reflectance_conversion_factor": 1.02871767058948, "s2:datastrip_id": "S2B_OPER_MSI_L2A_DS_2BPS_20241204T204216_S20241204T185656_N05.11", "constellation": "Sentinel 2", "s2:datatake_type": "INS-NOBS", "s2:nodata_pixel_percentage": 0.0, "proj:code": "EPSG:32610", "s2:mgrs_tile": "10SFH", "s2:mean_solar_azimuth": 166.48490653242499, "s2:not_vegetated_percentage": 74.881774, "s2:generation_time": "2024-12-04T20:42:16.000000Z", "s2:saturated_defective_pixel_percentage": 0.0, "sat:orbit_state": "descending", "proj:bbox": "{600000.0, 4190220.0, 4300020.0, 709800.0}", "epsg": 32630, "spatial_ref": 0, "is_debris": 1.0, "nir_val": 0.097144222726729595, "re2_val": 0.12534857780256556, "swir1_val": 0.062270164255945074, "red_val": 0.087478559176672382, "FDI_val": 0.089942514741643664, "FDI": 0.089942514741643664, "longitude": -121.68414552375582, "latitude": 38.158799820436684, "location": "<a href=\"https://www.google.com/maps?q=38.158799820436684,-121.68414552375582\" target=\"_blank\">click me</a>" }, "geometry": { "type": "Point", "coordinates": [ -121.684145523755816, 38.158799820436684 ] } },
{ "type": "Feature", "properties": { "y": 13493774.594521452, "x": -4903868.8416560739, "time": "2024-12-04T18:56:59.024", "id": "S2B_MSIL2A_20241204T185659_R113_T10SFH_20241204T204216", "s2:product_type": "S2MSI2A", "s2:unclassified_percentage": 0.011178, "s2:medium_proba_clouds_percentage": 0.000269, "s2:processing_baseline": "05.11", "s2:snow_ice_percentage": 0.000163, "s2:degraded_msi_data_percentage": 0.0027, "instruments": "msi", "s2:vegetation_percentage": 19.817396, "s2:product_uri": "S2B_MSIL2A_20241204T185659_N0511_R113_T10SFH_20241204T204216.SAFE", "s2:water_percentage": 4.010833, "s2:cloud_shadow_percentage": 0.0, "s2:high_proba_clouds_percentage": 0.0, "s2:datatake_id": "GS2B_20241204T185659_040465_N05.11", "s2:thin_cirrus_percentage": 0.00074, "s2:mean_solar_zenith": 61.909361329797797, "s2:granule_id": "S2B_OPER_MSI_L2A_TL_2BPS_20241204T204216_A040465_T10SFH_N05.11", "platform": "Sentinel-2B", "sat:relative_orbit": 113, "eo:cloud_cover": 0.001009, "s2:reflectance_conversion_factor": 1.02871767058948, "s2:datastrip_id": "S2B_OPER_MSI_L2A_DS_2BPS_20241204T204216_S20241204T185656_N05.11", "constellation": "Sentinel 2", "s2:datatake_type": "INS-NOBS", "s2:nodata_pixel_percentage": 0.0, "proj:code": "EPSG:32610", "s2:mgrs_tile": "10SFH", "s2:mean_solar_azimuth": 166.48490653242499, "s2:not_vegetated_percentage": 74.881774, "s2:generation_time": "2024-12-04T20:42:16.000000Z", "s2:saturated_defective_pixel_percentage": 0.0, "sat:orbit_state": "descending", "proj:bbox": "{600000.0, 4190220.0, 4300020.0, 709800.0}", "epsg": 32630, "spatial_ref": 0, "is_debris": 1.0, "nir_val": 0.2598876807264906, "re2_val": 0.28123257110987177, "swir1_val": 0.17761706300563862, "red_val": 0.16638078902229844, "FDI_val": 0.17272860098645232, "FDI": 0.17272860098645232, "longitude": -121.71640350476221, "latitude": 38.188242976084247, "location": "<a href=\"https://www.google.com/maps?q=38.18824297608425,-121.71640350476221\" target=\"_blank\">click me</a>" }, "geometry": { "type": "Point", "coordinates": [ -121.716403504762212, 38.188242976084247 ] } },
{ "type": "Feature", "properties": { "y": 13493695.11254365, "x": -4910288.1424644087, "time": "2024-12-04T18:56:59.024", "id": "S2B_MSIL2A_20241204T185659_R113_T10SFH_20241204T204216", "s2:product_type": "S2MSI2A", "s2:unclassified_percentage": 0.011178, "s2:medium_proba_clouds_percentage": 0.000269, "s2:processing_baseline": "05.11", "s2:snow_ice_percentage": 0.000163, "s2:degraded_msi_data_percentage": 0.0027, "instruments": "msi", "s2:vegetation_percentage": 19.817396, "s2:product_uri": "S2B_MSIL2A_20241204T185659_N0511_R113_T10SFH_20241204T204216.SAFE", "s2:water_percentage": 4.010833, "s2:cloud_shadow_percentage": 0.0, "s2:high_proba_clouds_percentage": 0.0, "s2:datatake_id": "GS2B_20241204T185659_040465_N05.11", "s2:thin_cirrus_percentage": 0.00074, "s2:mean_solar_zenith": 61.909361329797797, "s2:granule_id": "S2B_OPER_MSI_L2A_TL_2BPS_20241204T204216_A040465_T10SFH_N05.11", "platform": "Sentinel-2B", "sat:relative_orbit": 113, "eo:cloud_cover": 0.001009, "s2:reflectance_conversion_factor": 1.02871767058948, "s2:datastrip_id": "S2B_OPER_MSI_L2A_DS_2BPS_20241204T204216_S20241204T185656_N05.11", "constellation": "Sentinel 2", "s2:datatake_type": "INS-NOBS", "s2:nodata_pixel_percentage": 0.0, "proj:code": "EPSG:32610", "s2:mgrs_tile": "10SFH", "s2:mean_solar_azimuth": 166.48490653242499, "s2:not_vegetated_percentage": 74.881774, "s2:generation_time": "2024-12-04T20:42:16.000000Z", "s2:saturated_defective_pixel_percentage": 0.0, "sat:orbit_state": "descending", "proj:bbox": "{600000.0, 4190220.0, 4300020.0, 709800.0}", "epsg": 32630, "spatial_ref": 0, "is_debris": 1.0, "nir_val": 0.10025092603656352, "re2_val": 0.14361405465699945, "swir1_val": 0.076366756557979878, "red_val": 0.096698113207547176, "FDI_val": 0.08259212813645786, "FDI": 0.08259212813645786, "longitude": -121.68078385523124, "latitude": 38.157163177281618, "location": "<a href=\"https://www.google.com/maps?q=38.15716317728162,-121.68078385523124\" target=\"_blank\">click me</a>" }, "geometry": { "type": "Point", "coordinates": [ -121.68078385523124, 38.157163177281618 ] } },
{ "type": "Feature", "properties": { "y": 13493198.350182382, "x": -4909373.9386341199, "time": "2024-12-04T18:56:59.024", "id": "S2B_MSIL2A_20241204T185659_R113_T10SFH_20241204T204216", "s2:product_type": "S2MSI2A", "s2:unclassified_percentage": 0.011178, "s2:medium_proba_clouds_percentage": 0.000269, "s2:processing_baseline": "05.11", "s2:snow_ice_percentage": 0.000163, "s2:degraded_msi_data_percentage": 0.0027, "instruments": "msi", "s2:vegetation_percentage": 19.817396, "s2:product_uri": "S2B_MSIL2A_20241204T185659_N0511_R113_T10SFH_20241204T204216.SAFE", "s2:water_percentage": 4.010833, "s2:cloud_shadow_percentage": 0.0, "s2:high_proba_clouds_percentage": 0.0, "s2:datatake_id": "GS2B_20241204T185659_040465_N05.11", "s2:thin_cirrus_percentage": 0.00074, "s2:mean_solar_zenith": 61.909361329797797, "s2:granule_id": "S2B_OPER_MSI_L2A_TL_2BPS_20241204T204216_A040465_T10SFH_N05.11", "platform": "Sentinel-2B", "sat:relative_orbit": 113, "eo:cloud_cover": 0.001009, "s2:reflectance_conversion_factor": 1.02871767058948, "s2:datastrip_id": "S2B_OPER_MSI_L2A_DS_2BPS_20241204T204216_S20241204T185656_N05.11", "constellation": "Sentinel 2", "s2:datatake_type": "INS-NOBS", "s2:nodata_pixel_percentage": 0.0, "proj:code": "EPSG:32610", "s2:mgrs_tile": "10SFH", "s2:mean_solar_azimuth": 166.48490653242499, "s2:not_vegetated_percentage": 74.881774, "s2:generation_time": "2024-12-04T20:42:16.000000Z", "s2:saturated_defective_pixel_percentage": 0.0, "sat:orbit_state": "descending", "proj:bbox": "{600000.0, 4190220.0, 4300020.0, 709800.0}", "epsg": 32630, "spatial_ref": 0, "is_debris": 1.0, "nir_val": 0.15880033456804873, "re2_val": 0.15407138873396542, "swir1_val": 0.089727874479038974, "red_val": 0.10270154373927959, "FDI_val": 0.12524536935918362, "FDI": 0.12524536935918362, "longitude": -121.68270339782293, "latitude": 38.163782580029185, "location": "<a href=\"https://www.google.com/maps?q=38.163782580029185,-121.68270339782293\" target=\"_blank\">click me</a>" }, "geometry": { "type": "Point", "coordinates": [ -121.682703397822934, 38.163782580029185 ] } },
{ "type": "Feature", "properties": { "y": 13493158.609193482, "x": -4909373.9386341199, "time": "2024-12-04T18:56:59.024", "id": "S2B_MSIL2A_20241204T185659_R113_T10SFH_20241204T204216", "s2:product_type": "S2MSI2A", "s2:unclassified_percentage": 0.011178, "s2:medium_proba_clouds_percentage": 0.000269, "s2:processing_baseline": "05.11", "s2:snow_ice_percentage": 0.000163, "s2:degraded_msi_data_percentage": 0.0027, "instruments": "msi", "s2:vegetation_percentage": 19.817396, "s2:product_uri": "S2B_MSIL2A_20241204T185659_N0511_R113_T10SFH_20241204T204216.SAFE", "s2:water_percentage": 4.010833, "s2:cloud_shadow_percentage": 0.0, "s2:high_proba_clouds_percentage": 0.0, "s2:datatake_id": "GS2B_20241204T185659_040465_N05.11", "s2:thin_cirrus_percentage": 0.00074, "s2:mean_solar_zenith": 61.909361329797797, "s2:granule_id": "S2B_OPER_MSI_L2A_TL_2BPS_20241204T204216_A040465_T10SFH_N05.11", "platform": "Sentinel-2B", "sat:relative_orbit": 113, "eo:cloud_cover": 0.001009, "s2:reflectance_conversion_factor": 1.02871767058948, "s2:datastrip_id": "S2B_OPER_MSI_L2A_DS_2BPS_20241204T204216_S20241204T185656_N05.11", "constellation": "Sentinel 2", "s2:datatake_type": "INS-NOBS", "s2:nodata_pixel_percentage": 0.0, "proj:code": "EPSG:32610", "s2:mgrs_tile": "10SFH", "s2:mean_solar_azimuth": 166.48490653242499, "s2:not_vegetated_percentage": 74.881774, "s2:generation_time": "2024-12-04T20:42:16.000000Z", "s2:saturated_defective_pixel_percentage": 0.0, "sat:orbit_state": "descending", "proj:bbox": "{600000.0, 4190220.0, 4300020.0, 709800.0}", "epsg": 32630, "spatial_ref": 0, "is_debris": 1.0, "nir_val": 0.11339467080893775, "re2_val": 0.11893474623535974, "swir1_val": 0.064476587398872257, "red_val": 0.072255574614065177, "FDI_val": 0.096460920489538679, "FDI": 0.096460920489538679, "longitude": -121.68245701010051, "latitude": 38.163954164793076, "location": "<a href=\"https://www.google.com/maps?q=38.163954164793076,-121.6824570101005\" target=\"_blank\">click me</a>" }, "geometry": { "type": "Point", "coordinates": [ -121.682457010100507, 38.163954164793076 ] } },
{ "type": "Feature", "properties": { "y": 13493118.868204581, "x": -4919171.8188152621, "time": "2024-12-04T18:56:59.024", "id": "S2B_MSIL2A_20241204T185659_R113_T10SFH_20241204T204216", "s2:product_type": "S2MSI2A", "s2:unclassified_percentage": 0.011178, "s2:medium_proba_clouds_percentage": 0.000269, "s2:processing_baseline": "05.11", "s2:snow_ice_percentage": 0.000163, "s2:degraded_msi_data_percentage": 0.0027, "instruments": "msi", "s2:vegetation_percentage": 19.817396, "s2:product_uri": "S2B_MSIL2A_20241204T185659_N0511_R113_T10SFH_20241204T204216.SAFE", "s2:water_percentage": 4.010833, "s2:cloud_shadow_percentage": 0.0, "s2:high_proba_clouds_percentage": 0.0, "s2:datatake_id": "GS2B_20241204T185659_040465_N05.11", "s2:thin_cirrus_percentage": 0.00074, "s2:mean_solar_zenith": 61.909361329797797, "s2:granule_id": "S2B_OPER_MSI_L2A_TL_2BPS_20241204T204216_A040465_T10SFH_N05.11", "platform": "Sentinel-2B", "sat:relative_orbit": 113, "eo:cloud_cover": 0.001009, "s2:reflectance_conversion_factor": 1.02871767058948, "s2:datastrip_id": "S2B_OPER_MSI_L2A_DS_2BPS_20241204T204216_S20241204T185656_N05.11", "constellation": "Sentinel 2", "s2:datatake_type": "INS-NOBS", "s2:nodata_pixel_percentage": 0.0, "proj:code": "EPSG:32610", "s2:mgrs_tile": "10SFH", "s2:mean_solar_azimuth": 166.48490653242499, "s2:not_vegetated_percentage": 74.881774, "s2:generation_time": "2024-12-04T20:42:16.000000Z", "s2:saturated_defective_pixel_percentage": 0.0, "sat:orbit_state": "descending", "proj:bbox": "{600000.0, 4190220.0, 4300020.0, 709800.0}", "epsg": 32630, "spatial_ref": 0, "is_debris": 1.0, "nir_val": 0.17815748596009082, "re2_val": 0.20844952593418853, "swir1_val": 0.10639862711448882, "red_val": 0.15994854202401373, "FDI_val": 0.16085091337073662, "FDI": 0.16085091337073662, "longitude": -121.62869401344794, "latitude": 38.116178390819698, "location": "<a href=\"https://www.google.com/maps?q=38.1161783908197,-121.62869401344794\" target=\"_blank\">click me</a>" }, "geometry": { "type": "Point", "coordinates": [ -121.628694013447941, 38.116178390819698 ] } },
{ "type": "Feature", "properties": { "y": 13493118.868204581, "x": -4919151.9448189512, "time": "2024-12-04T18:56:59.024", "id": "S2B_MSIL2A_20241204T185659_R113_T10SFH_20241204T204216", "s2:product_type": "S2MSI2A", "s2:unclassified_percentage": 0.011178, "s2:medium_proba_clouds_percentage": 0.000269, "s2:processing_baseline": "05.11", "s2:snow_ice_percentage": 0.000163, "s2:degraded_msi_data_percentage": 0.0027, "instruments": "msi", "s2:vegetation_percentage": 19.817396, "s2:product_uri": "S2B_MSIL2A_20241204T185659_N0511_R113_T10SFH_20241204T204216.SAFE", "s2:water_percentage": 4.010833, "s2:cloud_shadow_percentage": 0.0, "s2:high_proba_clouds_percentage": 0.0, "s2:datatake_id": "GS2B_20241204T185659_040465_N05.11", "s2:thin_cirrus_percentage": 0.00074, "s2:mean_solar_zenith": 61.909361329797797, "s2:granule_id": "S2B_OPER_MSI_L2A_TL_2BPS_20241204T204216_A040465_T10SFH_N05.11", "platform": "Sentinel-2B", "sat:relative_orbit": 113, "eo:cloud_cover": 0.001009, "s2:reflectance_conversion_factor": 1.02871767058948, "s2:datastrip_id": "S2B_OPER_MSI_L2A_DS_2BPS_20241204T204216_S20241204T185656_N05.11", "constellation": "Sentinel 2", "s2:datatake_type": "INS-NOBS", "s2:nodata_pixel_percentage": 0.0, "proj:code": "EPSG:32610", "s2:mgrs_tile": "10SFH", "s2:mean_solar_azimuth": 166.48490653242499, "s2:not_vegetated_percentage": 74.881774, "s2:generation_time": "2024-12-04T20:42:16.000000Z", "s2:saturated_defective_pixel_percentage": 0.0, "sat:orbit_state": "descending", "proj:bbox": "{600000.0, 4190220.0, 4300020.0, 709800.0}", "epsg": 32630, "spatial_ref": 0, "is_debris": 1.0, "nir_val": 0.1877165730672721, "re2_val": 0.20844952593418853, "swir1_val": 0.10639862711448882, "red_val": 0.16466552315608921, "FDI_val": 0.17041000047791791, "FDI": 0.17041000047791791, "longitude": -121.62880243785617, "latitude": 38.116275621075829, "location": "<a href=\"https://www.google.com/maps?q=38.11627562107583,-121.62880243785617\" target=\"_blank\">click me</a>" }, "geometry": { "type": "Point", "coordinates": [ -121.628802437856166, 38.116275621075829 ] } },
{ "type": "Feature", "properties": { "y": 13493079.12721568, "x": -4919211.5668078829, "time": "2024-12-04T18:56:59.024", "id": "S2B_MSIL2A_20241204T185659_R113_T10SFH_20241204T204216", "s2:product_type": "S2MSI2A", "s2:unclassified_percentage": 0.011178, "s2:medium_proba_clouds_percentage": 0.000269, "s2:processing_baseline": "05.11", "s2:snow_ice_percentage": 0.000163, "s2:degraded_msi_data_percentage": 0.0027, "instruments": "msi", "s2:vegetation_percentage": 19.817396, "s2:product_uri": "S2B_MSIL2A_20241204T185659_N0511_R113_T10SFH_20241204T204216.SAFE", "s2:water_percentage": 4.010833, "s2:cloud_shadow_percentage": 0.0, "s2:high_proba_clouds_percentage": 0.0, "s2:datatake_id": "GS2B_20241204T185659_040465_N05.11", "s2:thin_cirrus_percentage": 0.00074, "s2:mean_solar_zenith": 61.909361329797797, "s2:granule_id": "S2B_OPER_MSI_L2A_TL_2BPS_20241204T204216_A040465_T10SFH_N05.11", "platform": "Sentinel-2B", "sat:relative_orbit": 113, "eo:cloud_cover": 0.001009, "s2:reflectance_conversion_factor": 1.02871767058948, "s2:datastrip_id": "S2B_OPER_MSI_L2A_DS_2BPS_20241204T204216_S20241204T185656_N05.11", "constellation": "Sentinel 2", "s2:datatake_type": "INS-NOBS", "s2:nodata_pixel_percentage": 0.0, "proj:code": "EPSG:32610", "s2:mgrs_tile": "10SFH", "s2:mean_solar_azimuth": 166.48490653242499, "s2:not_vegetated_percentage": 74.881774, "s2:generation_time": "2024-12-04T20:42:16.000000Z", "s2:saturated_defective_pixel_percentage": 0.0, "sat:orbit_state": "descending", "proj:bbox": "{600000.0, 4190220.0, 4300020.0, 709800.0}", "epsg": 32630, "spatial_ref": 0, "is_debris": 1.0, "nir_val": 0.17074919345202536, "re2_val": 0.14445064138315675, "swir1_val": 0.090218190733022799, "red_val": 0.1487993138936535, "FDI_val": 0.12787679296911947, "FDI": 0.12787679296911947, "longitude": -121.6282310706721, "latitude": 38.116155218026563, "location": "<a href=\"https://www.google.com/maps?q=38.11615521802656,-121.6282310706721\" target=\"_blank\">click me</a>" }, "geometry": { "type": "Point", "coordinates": [ -121.628231070672101, 38.116155218026563 ] } },
{ "type": "Feature", "properties": { "y": 13493019.515732327, "x": -4919251.3148005046, "time": "2024-12-04T18:56:59.024", "id": "S2B_MSIL2A_20241204T185659_R113_T10SFH_20241204T204216", "s2:product_type": "S2MSI2A", "s2:unclassified_percentage": 0.011178, "s2:medium_proba_clouds_percentage": 0.000269, "s2:processing_baseline": "05.11", "s2:snow_ice_percentage": 0.000163, "s2:degraded_msi_data_percentage": 0.0027, "instruments": "msi", "s2:vegetation_percentage": 19.817396, "s2:product_uri": "S2B_MSIL2A_20241204T185659_N0511_R113_T10SFH_20241204T204216.SAFE", "s2:water_percentage": 4.010833, "s2:cloud_shadow_percentage": 0.0, "s2:high_proba_clouds_percentage": 0.0, "s2:datatake_id": "GS2B_20241204T185659_040465_N05.11", "s2:thin_cirrus_percentage": 0.00074, "s2:mean_solar_zenith": 61.909361329797797, "s2:granule_id": "S2B_OPER_MSI_L2A_TL_2BPS_20241204T204216_A040465_T10SFH_N05.11", "platform": "Sentinel-2B", "sat:relative_orbit": 113, "eo:cloud_cover": 0.001009, "s2:reflectance_conversion_factor": 1.02871767058948, "s2:datastrip_id": "S2B_OPER_MSI_L2A_DS_2BPS_20241204T204216_S20241204T185656_N05.11", "constellation": "Sentinel 2", "s2:datatake_type": "INS-NOBS", "s2:nodata_pixel_percentage": 0.0, "proj:code": "EPSG:32610", "s2:mgrs_tile": "10SFH", "s2:mean_solar_azimuth": 166.48490653242499, "s2:not_vegetated_percentage": 74.881774, "s2:generation_time": "2024-12-04T20:42:16.000000Z", "s2:saturated_defective_pixel_percentage": 0.0, "sat:orbit_state": "descending", "proj:bbox": "{600000.0, 4190220.0, 4300020.0, 709800.0}", "epsg": 32630, "spatial_ref": 0, "is_debris": 1.0, "nir_val": 0.087465647030708582, "re2_val": 0.11517010596765198, "swir1_val": 0.056999264525619001, "red_val": 0.075042881646655235, "FDI_val": 0.081250450430673915, "FDI": 0.081250450430673915, "longitude": -121.62764508130253, "latitude": 38.116217683851026, "location": "<a href=\"https://www.google.com/maps?q=38.116217683851026,-121.62764508130253\" target=\"_blank\">click me</a>" }, "geometry": { "type": "Point", "coordinates": [ -121.627645081302532, 38.116217683851026 ] } },
{ "type": "Feature", "properties": { "y": 13492959.904248975, "x": -4910228.520475477, "time": "2024-12-04T18:56:59.024", "id": "S2B_MSIL2A_20241204T185659_R113_T10SFH_20241204T204216", "s2:product_type": "S2MSI2A", "s2:unclassified_percentage": 0.011178, "s2:medium_proba_clouds_percentage": 0.000269, "s2:processing_baseline": "05.11", "s2:snow_ice_percentage": 0.000163, "s2:degraded_msi_data_percentage": 0.0027, "instruments": "msi", "s2:vegetation_percentage": 19.817396, "s2:product_uri": "S2B_MSIL2A_20241204T185659_N0511_R113_T10SFH_20241204T204216.SAFE", "s2:water_percentage": 4.010833, "s2:cloud_shadow_percentage": 0.0, "s2:high_proba_clouds_percentage": 0.0, "s2:datatake_id": "GS2B_20241204T185659_040465_N05.11", "s2:thin_cirrus_percentage": 0.00074, "s2:mean_solar_zenith": 61.909361329797797, "s2:granule_id": "S2B_OPER_MSI_L2A_TL_2BPS_20241204T204216_A040465_T10SFH_N05.11", "platform": "Sentinel-2B", "sat:relative_orbit": 113, "eo:cloud_cover": 0.001009, "s2:reflectance_conversion_factor": 1.02871767058948, "s2:datastrip_id": "S2B_OPER_MSI_L2A_DS_2BPS_20241204T204216_S20241204T185656_N05.11", "constellation": "Sentinel 2", "s2:datatake_type": "INS-NOBS", "s2:nodata_pixel_percentage": 0.0, "proj:code": "EPSG:32610", "s2:mgrs_tile": "10SFH", "s2:mean_solar_azimuth": 166.48490653242499, "s2:not_vegetated_percentage": 74.881774, "s2:generation_time": "2024-12-04T20:42:16.000000Z", "s2:saturated_defective_pixel_percentage": 0.0, "sat:orbit_state": "descending", "proj:bbox": "{600000.0, 4190220.0, 4300020.0, 709800.0}", "epsg": 32630, "spatial_ref": 0, "is_debris": 1.0, "nir_val": 0.062612020552037295, "re2_val": 0.094394868934746246, "swir1_val": 0.020470703603824456, "red_val": 0.032375643224699824, "FDI_val": 0.10667828668155724, "FDI": 0.10667828668155724, "longitude": -121.67655230558123, "latitude": 38.160628922324619, "location": "<a href=\"https://www.google.com/maps?q=38.16062892232462,-121.67655230558123\" target=\"_blank\">click me</a>" }, "geometry": { "type": "Point", "coordinates": [ -121.676552305581225, 38.160628922324619 ] } },
{ "type": "Feature", "properties": { "y": 13492940.033754524, "x": -4919330.8107857471, "time": "2024-12-04T18:56:59.024", "id": "S2B_MSIL2A_20241204T185659_R113_T10SFH_20241204T204216", "s2:product_type": "S2MSI2A", "s2:unclassified_percentage": 0.011178, "s2:medium_proba_clouds_percentage": 0.000269, "s2:processing_baseline": "05.11", "s2:snow_ice_percentage": 0.000163, "s2:degraded_msi_data_percentage": 0.0027, "instruments": "msi", "s2:vegetation_percentage": 19.817396, "s2:product_uri": "S2B_MSIL2A_20241204T185659_N0511_R113_T10SFH_20241204T204216.SAFE", "s2:water_percentage": 4.010833, "s2:cloud_shadow_percentage": 0.0, "s2:high_proba_clouds_percentage": 0.0, "s2:datatake_id": "GS2B_20241204T185659_040465_N05.11", "s2:thin_cirrus_percentage": 0.00074, "s2:mean_solar_zenith": 61.909361329797797, "s2:granule_id": "S2B_OPER_MSI_L2A_TL_2BPS_20241204T204216_A040465_T10SFH_N05.11", "platform": "Sentinel-2B", "sat:relative_orbit": 113, "eo:cloud_cover": 0.001009, "s2:reflectance_conversion_factor": 1.02871767058948, "s2:datastrip_id": "S2B_OPER_MSI_L2A_DS_2BPS_20241204T204216_S20241204T185656_N05.11", "constellation": "Sentinel 2", "s2:datatake_type": "INS-NOBS", "s2:nodata_pixel_percentage": 0.0, "proj:code": "EPSG:32610", "s2:mgrs_tile": "10SFH", "s2:mean_solar_azimuth": 166.48490653242499, "s2:not_vegetated_percentage": 74.881774, "s2:generation_time": "2024-12-04T20:42:16.000000Z", "s2:saturated_defective_pixel_percentage": 0.0, "sat:orbit_state": "descending", "proj:bbox": "{600000.0, 4190220.0, 4300020.0, 709800.0}", "epsg": 32630, "spatial_ref": 0, "is_debris": 1.0, "nir_val": 0.10574740112319275, "re2_val": 0.1215839375348578, "swir1_val": 0.066315273351311585, "red_val": 0.10184391080617497, "FDI_val": 0.087682548884500874, "FDI": 0.087682548884500874, "longitude": -121.62671920684389, "latitude": 38.116171319195516, "location": "<a href=\"https://www.google.com/maps?q=38.116171319195516,-121.62671920684389\" target=\"_blank\">click me</a>" }, "geometry": { "type": "Point", "coordinates": [ -121.626719206843887, 38.116171319195516 ] } },
{ "type": "Feature", "properties": { "y": 13492900.292765623, "x": -4919410.3067709897, "time": "2024-12-04T18:56:59.024", "id": "S2B_MSIL2A_20241204T185659_R113_T10SFH_20241204T204216", "s2:product_type": "S2MSI2A", "s2:unclassified_percentage": 0.011178, "s2:medium_proba_clouds_percentage": 0.000269, "s2:processing_baseline": "05.11", "s2:snow_ice_percentage": 0.000163, "s2:degraded_msi_data_percentage": 0.0027, "instruments": "msi", "s2:vegetation_percentage": 19.817396, "s2:product_uri": "S2B_MSIL2A_20241204T185659_N0511_R113_T10SFH_20241204T204216.SAFE", "s2:water_percentage": 4.010833, "s2:cloud_shadow_percentage": 0.0, "s2:high_proba_clouds_percentage": 0.0, "s2:datatake_id": "GS2B_20241204T185659_040465_N05.11", "s2:thin_cirrus_percentage": 0.00074, "s2:mean_solar_zenith": 61.909361329797797, "s2:granule_id": "S2B_OPER_MSI_L2A_TL_2BPS_20241204T204216_A040465_T10SFH_N05.11", "platform": "Sentinel-2B", "sat:relative_orbit": 113, "eo:cloud_cover": 0.001009, "s2:reflectance_conversion_factor": 1.02871767058948, "s2:datastrip_id": "S2B_OPER_MSI_L2A_DS_2BPS_20241204T204216_S20241204T185656_N05.11", "constellation": "Sentinel 2", "s2:datatake_type": "INS-NOBS", "s2:nodata_pixel_percentage": 0.0, "proj:code": "EPSG:32610", "s2:mgrs_tile": "10SFH", "s2:mean_solar_azimuth": 166.48490653242499, "s2:not_vegetated_percentage": 74.881774, "s2:generation_time": "2024-12-04T20:42:16.000000Z", "s2:saturated_defective_pixel_percentage": 0.0, "sat:orbit_state": "descending", "proj:bbox": "{600000.0, 4190220.0, 4300020.0, 709800.0}", "epsg": 32630, "spatial_ref": 0, "is_debris": 1.0, "nir_val": 0.19154020791014456, "re2_val": 0.21402677077523707, "swir1_val": 0.15322382936994355, "red_val": 0.18567753001715268, "FDI_val": 0.091398311513076286, "FDI": 0.091398311513076286, "longitude": -121.62603944298738, "latitude": 38.115953667295734, "location": "<a href=\"https://www.google.com/maps?q=38.115953667295734,-121.62603944298738\" target=\"_blank\">click me</a>" }, "geometry": { "type": "Point", "coordinates": [ -121.626039442987377, 38.115953667295734 ] } },
{ "type": "Feature", "properties": { "y": 13492880.422271172, "x": -4919231.4408041937, "time": "2024-12-04T18:56:59.024", "id": "S2B_MSIL2A_20241204T185659_R113_T10SFH_20241204T204216", "s2:product_type": "S2MSI2A", "s2:unclassified_percentage": 0.011178, "s2:medium_proba_clouds_percentage": 0.000269, "s2:processing_baseline": "05.11", "s2:snow_ice_percentage": 0.000163, "s2:degraded_msi_data_percentage": 0.0027, "instruments": "msi", "s2:vegetation_percentage": 19.817396, "s2:product_uri": "S2B_MSIL2A_20241204T185659_N0511_R113_T10SFH_20241204T204216.SAFE", "s2:water_percentage": 4.010833, "s2:cloud_shadow_percentage": 0.0, "s2:high_proba_clouds_percentage": 0.0, "s2:datatake_id": "GS2B_20241204T185659_040465_N05.11", "s2:thin_cirrus_percentage": 0.00074, "s2:mean_solar_zenith": 61.909361329797797, "s2:granule_id": "S2B_OPER_MSI_L2A_TL_2BPS_20241204T204216_A040465_T10SFH_N05.11", "platform": "Sentinel-2B", "sat:relative_orbit": 113, "eo:cloud_cover": 0.001009, "s2:reflectance_conversion_factor": 1.02871767058948, "s2:datastrip_id": "S2B_OPER_MSI_L2A_DS_2BPS_20241204T204216_S20241204T185656_N05.11", "constellation": "Sentinel 2", "s2:datatake_type": "INS-NOBS", "s2:nodata_pixel_percentage": 0.0, "proj:code": "EPSG:32610", "s2:mgrs_tile": "10SFH", "s2:mean_solar_azimuth": 166.48490653242499, "s2:not_vegetated_percentage": 74.881774, "s2:generation_time": "2024-12-04T20:42:16.000000Z", "s2:saturated_defective_pixel_percentage": 0.0, "sat:orbit_state": "descending", "proj:bbox": "{600000.0, 4190220.0, 4300020.0, 709800.0}", "epsg": 32630, "spatial_ref": 0, "is_debris": 1.0, "nir_val": 0.094993428127613827, "re2_val": 0.13552704963747911, "swir1_val": 0.045844569747487116, "red_val": 0.03741423670668953, "FDI_val": 0.12744308685551653, "FDI": 0.12744308685551653, "longitude": -121.62689214248716, "latitude": 38.116914401255357, "location": "<a href=\"https://www.google.com/maps?q=38.11691440125536,-121.62689214248716\" target=\"_blank\">click me</a>" }, "geometry": { "type": "Point", "coordinates": [ -121.626892142487165, 38.116914401255357 ] } },
{ "type": "Feature", "properties": { "y": 13492860.551776722, "x": -4919450.0547636105, "time": "2024-12-04T18:56:59.024", "id": "S2B_MSIL2A_20241204T185659_R113_T10SFH_20241204T204216", "s2:product_type": "S2MSI2A", "s2:unclassified_percentage": 0.011178, "s2:medium_proba_clouds_percentage": 0.000269, "s2:processing_baseline": "05.11", "s2:snow_ice_percentage": 0.000163, "s2:degraded_msi_data_percentage": 0.0027, "instruments": "msi", "s2:vegetation_percentage": 19.817396, "s2:product_uri": "S2B_MSIL2A_20241204T185659_N0511_R113_T10SFH_20241204T204216.SAFE", "s2:water_percentage": 4.010833, "s2:cloud_shadow_percentage": 0.0, "s2:high_proba_clouds_percentage": 0.0, "s2:datatake_id": "GS2B_20241204T185659_040465_N05.11", "s2:thin_cirrus_percentage": 0.00074, "s2:mean_solar_zenith": 61.909361329797797, "s2:granule_id": "S2B_OPER_MSI_L2A_TL_2BPS_20241204T204216_A040465_T10SFH_N05.11", "platform": "Sentinel-2B", "sat:relative_orbit": 113, "eo:cloud_cover": 0.001009, "s2:reflectance_conversion_factor": 1.02871767058948, "s2:datastrip_id": "S2B_OPER_MSI_L2A_DS_2BPS_20241204T204216_S20241204T185656_N05.11", "constellation": "Sentinel 2", "s2:datatake_type": "INS-NOBS", "s2:nodata_pixel_percentage": 0.0, "proj:code": "EPSG:32610", "s2:mgrs_tile": "10SFH", "s2:mean_solar_azimuth": 166.48490653242499, "s2:not_vegetated_percentage": 74.881774, "s2:generation_time": "2024-12-04T20:42:16.000000Z", "s2:saturated_defective_pixel_percentage": 0.0, "sat:orbit_state": "descending", "proj:bbox": "{600000.0, 4190220.0, 4300020.0, 709800.0}", "epsg": 32630, "spatial_ref": 0, "is_debris": 1.0, "nir_val": 0.16859839885290953, "re2_val": 0.16648075850529842, "swir1_val": 0.10223093895562636, "red_val": 0.13614922813036021, "FDI_val": 0.12245857220255241, "FDI": 0.12245857220255241, "longitude": -121.62557651503555, "latitude": 38.115930475939017, "location": "<a href=\"https://www.google.com/maps?q=38.11593047593902,-121.62557651503555\" target=\"_blank\">click me</a>" }, "geometry": { "type": "Point", "coordinates": [ -121.625576515035547, 38.115930475939017 ] } },
{ "type": "Feature", "properties": { "y": 13492860.551776722, "x": -4919430.1807672996, "time": "2024-12-04T18:56:59.024", "id": "S2B_MSIL2A_20241204T185659_R113_T10SFH_20241204T204216", "s2:product_type": "S2MSI2A", "s2:unclassified_percentage": 0.011178, "s2:medium_proba_clouds_percentage": 0.000269, "s2:processing_baseline": "05.11", "s2:snow_ice_percentage": 0.000163, "s2:degraded_msi_data_percentage": 0.0027, "instruments": "msi", "s2:vegetation_percentage": 19.817396, "s2:product_uri": "S2B_MSIL2A_20241204T185659_N0511_R113_T10SFH_20241204T204216.SAFE", "s2:water_percentage": 4.010833, "s2:cloud_shadow_percentage": 0.0, "s2:high_proba_clouds_percentage": 0.0, "s2:datatake_id": "GS2B_20241204T185659_040465_N05.11", "s2:thin_cirrus_percentage": 0.00074, "s2:mean_solar_zenith": 61.909361329797797, "s2:granule_id": "S2B_OPER_MSI_L2A_TL_2BPS_20241204T204216_A040465_T10SFH_N05.11", "platform": "Sentinel-2B", "sat:relative_orbit": 113, "eo:cloud_cover": 0.001009, "s2:reflectance_conversion_factor": 1.02871767058948, "s2:datastrip_id": "S2B_OPER_MSI_L2A_DS_2BPS_20241204T204216_S20241204T185656_N05.11", "constellation": "Sentinel 2", "s2:datatake_type": "INS-NOBS", "s2:nodata_pixel_percentage": 0.0, "proj:code": "EPSG:32610", "s2:mgrs_tile": "10SFH", "s2:mean_solar_azimuth": 166.48490653242499, "s2:not_vegetated_percentage": 74.881774, "s2:generation_time": "2024-12-04T20:42:16.000000Z", "s2:saturated_defective_pixel_percentage": 0.0, "sat:orbit_state": "descending", "proj:bbox": "{600000.0, 4190220.0, 4300020.0, 709800.0}", "epsg": 32630, "spatial_ref": 0, "is_debris": 1.0, "nir_val": 0.14948022463854702, "re2_val": 0.19799219185722255, "swir1_val": 0.099043883304731531, "red_val": 0.13014579759862779, "FDI_val": 0.1368197853082124, "FDI": 0.1368197853082124, "longitude": -121.62568492824269, "latitude": 38.116027708575153, "location": "<a href=\"https://www.google.com/maps?q=38.11602770857515,-121.62568492824269\" target=\"_blank\">click me</a>" }, "geometry": { "type": "Point", "coordinates": [ -121.625684928242691, 38.116027708575153 ] } },
{ "type": "Feature", "properties": { "y": 13492800.94029337, "x": -4909274.5686525665, "time": "2024-12-04T18:56:59.024", "id": "S2B_MSIL2A_20241204T185659_R113_T10SFH_20241204T204216", "s2:product_type": "S2MSI2A", "s2:unclassified_percentage": 0.011178, "s2:medium_proba_clouds_percentage": 0.000269, "s2:processing_baseline": "05.11", "s2:snow_ice_percentage": 0.000163, "s2:degraded_msi_data_percentage": 0.0027, "instruments": "msi", "s2:vegetation_percentage": 19.817396, "s2:product_uri": "S2B_MSIL2A_20241204T185659_N0511_R113_T10SFH_20241204T204216.SAFE", "s2:water_percentage": 4.010833, "s2:cloud_shadow_percentage": 0.0, "s2:high_proba_clouds_percentage": 0.0, "s2:datatake_id": "GS2B_20241204T185659_040465_N05.11", "s2:thin_cirrus_percentage": 0.00074, "s2:mean_solar_zenith": 61.909361329797797, "s2:granule_id": "S2B_OPER_MSI_L2A_TL_2BPS_20241204T204216_A040465_T10SFH_N05.11", "platform": "Sentinel-2B", "sat:relative_orbit": 113, "eo:cloud_cover": 0.001009, "s2:reflectance_conversion_factor": 1.02871767058948, "s2:datastrip_id": "S2B_OPER_MSI_L2A_DS_2BPS_20241204T204216_S20241204T185656_N05.11", "constellation": "Sentinel 2", "s2:datatake_type": "INS-NOBS", "s2:nodata_pixel_percentage": 0.0, "proj:code": "EPSG:32610", "s2:mgrs_tile": "10SFH", "s2:mean_solar_azimuth": 166.48490653242499, "s2:not_vegetated_percentage": 74.881774, "s2:generation_time": "2024-12-04T20:42:16.000000Z", "s2:saturated_defective_pixel_percentage": 0.0, "sat:orbit_state": "descending", "proj:bbox": "{600000.0, 4190220.0, 4300020.0, 709800.0}", "epsg": 32630, "spatial_ref": 0, "is_debris": 1.0, "nir_val": 0.10981001314374478, "re2_val": 0.12409369771332962, "swir1_val": 0.064966903652856081, "red_val": 0.11192109777015438, "FDI_val": 0.096461739226222726, "FDI": 0.096461739226222726, "longitude": -121.68078281845723, "latitude": 38.165984803717244, "location": "<a href=\"https://www.google.com/maps?q=38.165984803717244,-121.68078281845723\" target=\"_blank\">click me</a>" }, "geometry": { "type": "Point", "coordinates": [ -121.680782818457232, 38.165984803717244 ] } },
{ "type": "Feature", "properties": { "y": 13492403.530404357, "x": -4910149.0244902344, "time": "2024-12-04T18:56:59.024", "id": "S2B_MSIL2A_20241204T185659_R113_T10SFH_20241204T204216", "s2:product_type": "S2MSI2A", "s2:unclassified_percentage": 0.011178, "s2:medium_proba_clouds_percentage": 0.000269, "s2:processing_baseline": "05.11", "s2:snow_ice_percentage": 0.000163, "s2:degraded_msi_data_percentage": 0.0027, "instruments": "msi", "s2:vegetation_percentage": 19.817396, "s2:product_uri": "S2B_MSIL2A_20241204T185659_N0511_R113_T10SFH_20241204T204216.SAFE", "s2:water_percentage": 4.010833, "s2:cloud_shadow_percentage": 0.0, "s2:high_proba_clouds_percentage": 0.0, "s2:datatake_id": "GS2B_20241204T185659_040465_N05.11", "s2:thin_cirrus_percentage": 0.00074, "s2:mean_solar_zenith": 61.909361329797797, "s2:granule_id": "S2B_OPER_MSI_L2A_TL_2BPS_20241204T204216_A040465_T10SFH_N05.11", "platform": "Sentinel-2B", "sat:relative_orbit": 113, "eo:cloud_cover": 0.001009, "s2:reflectance_conversion_factor": 1.02871767058948, "s2:datastrip_id": "S2B_OPER_MSI_L2A_DS_2BPS_20241204T204216_S20241204T185656_N05.11", "constellation": "Sentinel 2", "s2:datatake_type": "INS-NOBS", "s2:nodata_pixel_percentage": 0.0, "proj:code": "EPSG:32610", "s2:mgrs_tile": "10SFH", "s2:mean_solar_azimuth": 166.48490653242499, "s2:not_vegetated_percentage": 74.881774, "s2:generation_time": "2024-12-04T20:42:16.000000Z", "s2:saturated_defective_pixel_percentage": 0.0, "sat:orbit_state": "descending", "proj:bbox": "{600000.0, 4190220.0, 4300020.0, 709800.0}", "epsg": 32630, "spatial_ref": 0, "is_debris": 1.0, "nir_val": 0.031425498864858403, "re2_val": 0.082822085889570574, "swir1_val": 0.01017406227016425, "red_val": 0.013293310463121794, "FDI_val": 0.084674314357667924, "FDI": 0.084674314357667924, "longitude": -121.67353747011245, "latitude": 38.163419668719364, "location": "<a href=\"https://www.google.com/maps?q=38.163419668719364,-121.67353747011245\" target=\"_blank\">click me</a>" }, "geometry": { "type": "Point", "coordinates": [ -121.67353747011245, 38.163419668719364 ] } },
{ "type": "Feature", "properties": { "y": 13492324.048426554, "x": -4910129.1504939236, "time": "2024-12-04T18:56:59.024", "id": "S2B_MSIL2A_20241204T185659_R113_T10SFH_20241204T204216", "s2:product_type": "S2MSI2A", "s2:unclassified_percentage": 0.011178, "s2:medium_proba_clouds_percentage": 0.000269, "s2:processing_baseline": "05.11", "s2:snow_ice_percentage": 0.000163, "s2:degraded_msi_data_percentage": 0.0027, "instruments": "msi", "s2:vegetation_percentage": 19.817396, "s2:product_uri": "S2B_MSIL2A_20241204T185659_N0511_R113_T10SFH_20241204T204216.SAFE", "s2:water_percentage": 4.010833, "s2:cloud_shadow_percentage": 0.0, "s2:high_proba_clouds_percentage": 0.0, "s2:datatake_id": "GS2B_20241204T185659_040465_N05.11", "s2:thin_cirrus_percentage": 0.00074, "s2:mean_solar_zenith": 61.909361329797797, "s2:granule_id": "S2B_OPER_MSI_L2A_TL_2BPS_20241204T204216_A040465_T10SFH_N05.11", "platform": "Sentinel-2B", "sat:relative_orbit": 113, "eo:cloud_cover": 0.001009, "s2:reflectance_conversion_factor": 1.02871767058948, "s2:datastrip_id": "S2B_OPER_MSI_L2A_DS_2BPS_20241204T204216_S20241204T185656_N05.11", "constellation": "Sentinel 2", "s2:datatake_type": "INS-NOBS", "s2:nodata_pixel_percentage": 0.0, "proj:code": "EPSG:32610", "s2:mgrs_tile": "10SFH", "s2:mean_solar_azimuth": 166.48490653242499, "s2:not_vegetated_percentage": 74.881774, "s2:generation_time": "2024-12-04T20:42:16.000000Z", "s2:saturated_defective_pixel_percentage": 0.0, "sat:orbit_state": "descending", "proj:bbox": "{600000.0, 4190220.0, 4300020.0, 709800.0}", "epsg": 32630, "spatial_ref": 0, "is_debris": 1.0, "nir_val": 0.029752658621101685, "re2_val": 0.083658672615727847, "swir1_val": 0.011154694778131899, "red_val": 0.015330188679245293, "FDI_val": 0.081895087351982115, "FDI": 0.081895087351982115, "longitude": -121.6731533052964, "latitude": 38.16386002653703, "location": "<a href=\"https://www.google.com/maps?q=38.16386002653703,-121.6731533052964\" target=\"_blank\">click me</a>" }, "geometry": { "type": "Point", "coordinates": [ -121.673153305296395, 38.16386002653703 ] } },
{ "type": "Feature", "properties": { "y": 13492224.6959543, "x": -4909373.9386341199, "time": "2024-12-04T18:56:59.024", "id": "S2B_MSIL2A_20241204T185659_R113_T10SFH_20241204T204216", "s2:product_type": "S2MSI2A", "s2:unclassified_percentage": 0.011178, "s2:medium_proba_clouds_percentage": 0.000269, "s2:processing_baseline": "05.11", "s2:snow_ice_percentage": 0.000163, "s2:degraded_msi_data_percentage": 0.0027, "instruments": "msi", "s2:vegetation_percentage": 19.817396, "s2:product_uri": "S2B_MSIL2A_20241204T185659_N0511_R113_T10SFH_20241204T204216.SAFE", "s2:water_percentage": 4.010833, "s2:cloud_shadow_percentage": 0.0, "s2:high_proba_clouds_percentage": 0.0, "s2:datatake_id": "GS2B_20241204T185659_040465_N05.11", "s2:thin_cirrus_percentage": 0.00074, "s2:mean_solar_zenith": 61.909361329797797, "s2:granule_id": "S2B_OPER_MSI_L2A_TL_2BPS_20241204T204216_A040465_T10SFH_N05.11", "platform": "Sentinel-2B", "sat:relative_orbit": 113, "eo:cloud_cover": 0.001009, "s2:reflectance_conversion_factor": 1.02871767058948, "s2:datastrip_id": "S2B_OPER_MSI_L2A_DS_2BPS_20241204T204216_S20241204T185656_N05.11", "constellation": "Sentinel 2", "s2:datatake_type": "INS-NOBS", "s2:nodata_pixel_percentage": 0.0, "proj:code": "EPSG:32610", "s2:mgrs_tile": "10SFH", "s2:mean_solar_azimuth": 166.48490653242499, "s2:not_vegetated_percentage": 74.881774, "s2:generation_time": "2024-12-04T20:42:16.000000Z", "s2:saturated_defective_pixel_percentage": 0.0, "sat:orbit_state": "descending", "proj:bbox": "{600000.0, 4190220.0, 4300020.0, 709800.0}", "epsg": 32630, "spatial_ref": 0, "is_debris": 1.0, "nir_val": 0.046003106703309843, "re2_val": 0.080033463469046301, "swir1_val": 0.014096592302034819, "red_val": 0.040308747855917676, "FDI_val": 0.089470449547078681, "FDI": 0.089470449547078681, "longitude": -121.67666629587724, "latitude": 38.167986017450964, "location": "<a href=\"https://www.google.com/maps?q=38.167986017450964,-121.67666629587724\" target=\"_blank\">click me</a>" }, "geometry": { "type": "Point", "coordinates": [ -121.67666629587724, 38.167986017450964 ] } },
{ "type": "Feature", "properties": { "y": 13492184.9549654, "x": -4910168.8984865444, "time": "2024-12-04T18:56:59.024", "id": "S2B_MSIL2A_20241204T185659_R113_T10SFH_20241204T204216", "s2:product_type": "S2MSI2A", "s2:unclassified_percentage": 0.011178, "s2:medium_proba_clouds_percentage": 0.000269, "s2:processing_baseline": "05.11", "s2:snow_ice_percentage": 0.000163, "s2:degraded_msi_data_percentage": 0.0027, "instruments": "msi", "s2:vegetation_percentage": 19.817396, "s2:product_uri": "S2B_MSIL2A_20241204T185659_N0511_R113_T10SFH_20241204T204216.SAFE", "s2:water_percentage": 4.010833, "s2:cloud_shadow_percentage": 0.0, "s2:high_proba_clouds_percentage": 0.0, "s2:datatake_id": "GS2B_20241204T185659_040465_N05.11", "s2:thin_cirrus_percentage": 0.00074, "s2:mean_solar_zenith": 61.909361329797797, "s2:granule_id": "S2B_OPER_MSI_L2A_TL_2BPS_20241204T204216_A040465_T10SFH_N05.11", "platform": "Sentinel-2B", "sat:relative_orbit": 113, "eo:cloud_cover": 0.001009, "s2:reflectance_conversion_factor": 1.02871767058948, "s2:datastrip_id": "S2B_OPER_MSI_L2A_DS_2BPS_20241204T204216_S20241204T185656_N05.11", "constellation": "Sentinel 2", "s2:datatake_type": "INS-NOBS", "s2:nodata_pixel_percentage": 0.0, "proj:code": "EPSG:32610", "s2:mgrs_tile": "10SFH", "s2:mean_solar_azimuth": 166.48490653242499, "s2:not_vegetated_percentage": 74.881774, "s2:generation_time": "2024-12-04T20:42:16.000000Z", "s2:saturated_defective_pixel_percentage": 0.0, "sat:orbit_state": "descending", "proj:bbox": "{600000.0, 4190220.0, 4300020.0, 709800.0}", "epsg": 32630, "spatial_ref": 0, "is_debris": 1.0, "nir_val": 0.084239455132034902, "re2_val": 0.1215839375348578, "swir1_val": 0.037141456239274326, "red_val": 0.032054030874785588, "FDI_val": 0.12081762542065089, "FDI": 0.12081762542065089, "longitude": -121.67207356272635, "latitude": 38.164265799459287, "location": "<a href=\"https://www.google.com/maps?q=38.16426579945929,-121.67207356272635\" target=\"_blank\">click me</a>" }, "geometry": { "type": "Point", "coordinates": [ -121.672073562726354, 38.164265799459287 ] } },
{ "type": "Feature", "properties": { "y": 13492184.9549654, "x": -4910149.0244902344, "time": "2024-12-04T18:56:59.024", "id": "S2B_MSIL2A_20241204T185659_R113_T10SFH_20241204T204216", "s2:product_type": "S2MSI2A", "s2:unclassified_percentage": 0.011178, "s2:medium_proba_clouds_percentage": 0.000269, "s2:processing_baseline": "05.11", "s2:snow_ice_percentage": 0.000163, "s2:degraded_msi_data_percentage": 0.0027, "instruments": "msi", "s2:vegetation_percentage": 19.817396, "s2:product_uri": "S2B_MSIL2A_20241204T185659_N0511_R113_T10SFH_20241204T204216.SAFE", "s2:water_percentage": 4.010833, "s2:cloud_shadow_percentage": 0.0, "s2:high_proba_clouds_percentage": 0.0, "s2:datatake_id": "GS2B_20241204T185659_040465_N05.11", "s2:thin_cirrus_percentage": 0.00074, "s2:mean_solar_zenith": 61.909361329797797, "s2:granule_id": "S2B_OPER_MSI_L2A_TL_2BPS_20241204T204216_A040465_T10SFH_N05.11", "platform": "Sentinel-2B", "sat:relative_orbit": 113, "eo:cloud_cover": 0.001009, "s2:reflectance_conversion_factor": 1.02871767058948, "s2:datastrip_id": "S2B_OPER_MSI_L2A_DS_2BPS_20241204T204216_S20241204T185656_N05.11", "constellation": "Sentinel 2", "s2:datatake_type": "INS-NOBS", "s2:nodata_pixel_percentage": 0.0, "proj:code": "EPSG:32610", "s2:mgrs_tile": "10SFH", "s2:mean_solar_azimuth": 166.48490653242499, "s2:not_vegetated_percentage": 74.881774, "s2:generation_time": "2024-12-04T20:42:16.000000Z", "s2:saturated_defective_pixel_percentage": 0.0, "sat:orbit_state": "descending", "proj:bbox": "{600000.0, 4190220.0, 4300020.0, 709800.0}", "epsg": 32630, "spatial_ref": 0, "is_debris": 1.0, "nir_val": 0.065718723861871192, "re2_val": 0.1215839375348578, "swir1_val": 0.037141456239274326, "red_val": 0.032482847341337912, "FDI_val": 0.10229689415048718, "FDI": 0.10229689415048718, "longitude": -121.67218220987031, "latitude": 38.164363091641881, "location": "<a href=\"https://www.google.com/maps?q=38.16436309164188,-121.67218220987031\" target=\"_blank\">click me</a>" }, "geometry": { "type": "Point", "coordinates": [ -121.672182209870314, 38.164363091641881 ] } },
{ "type": "Feature", "properties": { "y": 13492165.084470948, "x": -4910149.0244902344, "time": "2024-12-04T18:56:59.024", "id": "S2B_MSIL2A_20241204T185659_R113_T10SFH_20241204T204216", "s2:product_type": "S2MSI2A", "s2:unclassified_percentage": 0.011178, "s2:medium_proba_clouds_percentage": 0.000269, "s2:processing_baseline": "05.11", "s2:snow_ice_percentage": 0.000163, "s2:degraded_msi_data_percentage": 0.0027, "instruments": "msi", "s2:vegetation_percentage": 19.817396, "s2:product_uri": "S2B_MSIL2A_20241204T185659_N0511_R113_T10SFH_20241204T204216.SAFE", "s2:water_percentage": 4.010833, "s2:cloud_shadow_percentage": 0.0, "s2:high_proba_clouds_percentage": 0.0, "s2:datatake_id": "GS2B_20241204T185659_040465_N05.11", "s2:thin_cirrus_percentage": 0.00074, "s2:mean_solar_zenith": 61.909361329797797, "s2:granule_id": "S2B_OPER_MSI_L2A_TL_2BPS_20241204T204216_A040465_T10SFH_N05.11", "platform": "Sentinel-2B", "sat:relative_orbit": 113, "eo:cloud_cover": 0.001009, "s2:reflectance_conversion_factor": 1.02871767058948, "s2:datastrip_id": "S2B_OPER_MSI_L2A_DS_2BPS_20241204T204216_S20241204T185656_N05.11", "constellation": "Sentinel 2", "s2:datatake_type": "INS-NOBS", "s2:nodata_pixel_percentage": 0.0, "proj:code": "EPSG:32610", "s2:mgrs_tile": "10SFH", "s2:mean_solar_azimuth": 166.48490653242499, "s2:not_vegetated_percentage": 74.881774, "s2:generation_time": "2024-12-04T20:42:16.000000Z", "s2:saturated_defective_pixel_percentage": 0.0, "sat:orbit_state": "descending", "proj:bbox": "{600000.0, 4190220.0, 4300020.0, 709800.0}", "epsg": 32630, "spatial_ref": 0, "is_debris": 1.0, "nir_val": 0.052097024734137909, "re2_val": 0.099414389291689914, "swir1_val": 0.027335131159597945, "red_val": 0.031732418524871353, "FDI_val": 0.087688230039064674, "FDI": 0.087688230039064674, "longitude": -121.67205900125381, "latitude": 38.164448855333433, "location": "<a href=\"https://www.google.com/maps?q=38.16444885533343,-121.67205900125381\" target=\"_blank\">click me</a>" }, "geometry": { "type": "Point", "coordinates": [ -121.672059001253814, 38.164448855333433 ] } },
{ "type": "Feature", "properties": { "y": 13492125.343482047, "x": -4910149.0244902344, "time": "2024-12-04T18:56:59.024", "id": "S2B_MSIL2A_20241204T185659_R113_T10SFH_20241204T204216", "s2:product_type": "S2MSI2A", "s2:unclassified_percentage": 0.011178, "s2:medium_proba_clouds_percentage": 0.000269, "s2:processing_baseline": "05.11", "s2:snow_ice_percentage": 0.000163, "s2:degraded_msi_data_percentage": 0.0027, "instruments": "msi", "s2:vegetation_percentage": 19.817396, "s2:product_uri": "S2B_MSIL2A_20241204T185659_N0511_R113_T10SFH_20241204T204216.SAFE", "s2:water_percentage": 4.010833, "s2:cloud_shadow_percentage": 0.0, "s2:high_proba_clouds_percentage": 0.0, "s2:datatake_id": "GS2B_20241204T185659_040465_N05.11", "s2:thin_cirrus_percentage": 0.00074, "s2:mean_solar_zenith": 61.909361329797797, "s2:granule_id": "S2B_OPER_MSI_L2A_TL_2BPS_20241204T204216_A040465_T10SFH_N05.11", "platform": "Sentinel-2B", "sat:relative_orbit": 113, "eo:cloud_cover": 0.001009, "s2:reflectance_conversion_factor": 1.02871767058948, "s2:datastrip_id": "S2B_OPER_MSI_L2A_DS_2BPS_20241204T204216_S20241204T185656_N05.11", "constellation": "Sentinel 2", "s2:datatake_type": "INS-NOBS", "s2:nodata_pixel_percentage": 0.0, "proj:code": "EPSG:32610", "s2:mgrs_tile": "10SFH", "s2:mean_solar_azimuth": 166.48490653242499, "s2:not_vegetated_percentage": 74.881774, "s2:generation_time": "2024-12-04T20:42:16.000000Z", "s2:saturated_defective_pixel_percentage": 0.0, "sat:orbit_state": "descending", "proj:bbox": "{600000.0, 4190220.0, 4300020.0, 709800.0}", "epsg": 32630, "spatial_ref": 0, "is_debris": 1.0, "nir_val": 0.1258214840482734, "re2_val": 0.11544896820970441, "swir1_val": 0.03848982593772983, "red_val": 0.03945111492281303, "FDI_val": 0.15451821088766421, "FDI": 0.15451821088766421, "longitude": -121.67181258245081, "latitude": 38.164620381702164, "location": "<a href=\"https://www.google.com/maps?q=38.164620381702164,-121.67181258245081\" target=\"_blank\">click me</a>" }, "geometry": { "type": "Point", "coordinates": [ -121.671812582450812, 38.164620381702164 ] } },
{ "type": "Feature", "properties": { "y": 13492065.731998695, "x": -4909532.930604605, "time": "2024-12-04T18:56:59.024", "id": "S2B_MSIL2A_20241204T185659_R113_T10SFH_20241204T204216", "s2:product_type": "S2MSI2A", "s2:unclassified_percentage": 0.011178, "s2:medium_proba_clouds_percentage": 0.000269, "s2:processing_baseline": "05.11", "s2:snow_ice_percentage": 0.000163, "s2:degraded_msi_data_percentage": 0.0027, "instruments": "msi", "s2:vegetation_percentage": 19.817396, "s2:product_uri": "S2B_MSIL2A_20241204T185659_N0511_R113_T10SFH_20241204T204216.SAFE", "s2:water_percentage": 4.010833, "s2:cloud_shadow_percentage": 0.0, "s2:high_proba_clouds_percentage": 0.0, "s2:datatake_id": "GS2B_20241204T185659_040465_N05.11", "s2:thin_cirrus_percentage": 0.00074, "s2:mean_solar_zenith": 61.909361329797797, "s2:granule_id": "S2B_OPER_MSI_L2A_TL_2BPS_20241204T204216_A040465_T10SFH_N05.11", "platform": "Sentinel-2B", "sat:relative_orbit": 113, "eo:cloud_cover": 0.001009, "s2:reflectance_conversion_factor": 1.02871767058948, "s2:datastrip_id": "S2B_OPER_MSI_L2A_DS_2BPS_20241204T204216_S20241204T185656_N05.11", "constellation": "Sentinel 2", "s2:datatake_type": "INS-NOBS", "s2:nodata_pixel_percentage": 0.0, "proj:code": "EPSG:32610", "s2:mgrs_tile": "10SFH", "s2:mean_solar_azimuth": 166.48490653242499, "s2:not_vegetated_percentage": 74.881774, "s2:generation_time": "2024-12-04T20:42:16.000000Z", "s2:saturated_defective_pixel_percentage": 0.0, "sat:orbit_state": "descending", "proj:bbox": "{600000.0, 4190220.0, 4300020.0, 709800.0}", "epsg": 32630, "spatial_ref": 0, "is_debris": 1.0, "nir_val": 0.069183892938224412, "re2_val": 0.086865588399330729, "swir1_val": 0.014586908556018616, "red_val": 0.04406089193825044, "FDI_val": 0.11769741916604967, "FDI": 0.11769741916604967, "longitude": -121.67481121576202, "latitude": 38.167893834129821, "location": "<a href=\"https://www.google.com/maps?q=38.16789383412982,-121.67481121576202\" target=\"_blank\">click me</a>" }, "geometry": { "type": "Point", "coordinates": [ -121.67481121576202, 38.167893834129821 ] } },
{ "type": "Feature", "properties": { "y": 13491946.509031991, "x": -4910089.4025013018, "time": "2024-12-04T18:56:59.024", "id": "S2B_MSIL2A_20241204T185659_R113_T10SFH_20241204T204216", "s2:product_type": "S2MSI2A", "s2:unclassified_percentage": 0.011178, "s2:medium_proba_clouds_percentage": 0.000269, "s2:processing_baseline": "05.11", "s2:snow_ice_percentage": 0.000163, "s2:degraded_msi_data_percentage": 0.0027, "instruments": "msi", "s2:vegetation_percentage": 19.817396, "s2:product_uri": "S2B_MSIL2A_20241204T185659_N0511_R113_T10SFH_20241204T204216.SAFE", "s2:water_percentage": 4.010833, "s2:cloud_shadow_percentage": 0.0, "s2:high_proba_clouds_percentage": 0.0, "s2:datatake_id": "GS2B_20241204T185659_040465_N05.11", "s2:thin_cirrus_percentage": 0.00074, "s2:mean_solar_zenith": 61.909361329797797, "s2:granule_id": "S2B_OPER_MSI_L2A_TL_2BPS_20241204T204216_A040465_T10SFH_N05.11", "platform": "Sentinel-2B", "sat:relative_orbit": 113, "eo:cloud_cover": 0.001009, "s2:reflectance_conversion_factor": 1.02871767058948, "s2:datastrip_id": "S2B_OPER_MSI_L2A_DS_2BPS_20241204T204216_S20241204T185656_N05.11", "constellation": "Sentinel 2", "s2:datatake_type": "INS-NOBS", "s2:nodata_pixel_percentage": 0.0, "proj:code": "EPSG:32610", "s2:mgrs_tile": "10SFH", "s2:mean_solar_azimuth": 166.48490653242499, "s2:not_vegetated_percentage": 74.881774, "s2:generation_time": "2024-12-04T20:42:16.000000Z", "s2:saturated_defective_pixel_percentage": 0.0, "sat:orbit_state": "descending", "proj:bbox": "{600000.0, 4190220.0, 4300020.0, 709800.0}", "epsg": 32630, "spatial_ref": 0, "is_debris": 1.0, "nir_val": 0.079698888756123798, "re2_val": 0.1141940881204685, "swir1_val": 0.039102721255209597, "red_val": 0.039022298456260734, "FDI_val": 0.1061521227007434, "FDI": 0.1061521227007434, "longitude": -121.67102960572416, "latitude": 38.165684121527654, "location": "<a href=\"https://www.google.com/maps?q=38.165684121527654,-121.67102960572416\" target=\"_blank\">click me</a>" }, "geometry": { "type": "Point", "coordinates": [ -121.671029605724158, 38.165684121527654 ] } },
{ "type": "Feature", "properties": { "y": 13491946.509031991, "x": -4910069.5285049919, "time": "2024-12-04T18:56:59.024", "id": "S2B_MSIL2A_20241204T185659_R113_T10SFH_20241204T204216", "s2:product_type": "S2MSI2A", "s2:unclassified_percentage": 0.011178, "s2:medium_proba_clouds_percentage": 0.000269, "s2:processing_baseline": "05.11", "s2:snow_ice_percentage": 0.000163, "s2:degraded_msi_data_percentage": 0.0027, "instruments": "msi", "s2:vegetation_percentage": 19.817396, "s2:product_uri": "S2B_MSIL2A_20241204T185659_N0511_R113_T10SFH_20241204T204216.SAFE", "s2:water_percentage": 4.010833, "s2:cloud_shadow_percentage": 0.0, "s2:high_proba_clouds_percentage": 0.0, "s2:datatake_id": "GS2B_20241204T185659_040465_N05.11", "s2:thin_cirrus_percentage": 0.00074, "s2:mean_solar_zenith": 61.909361329797797, "s2:granule_id": "S2B_OPER_MSI_L2A_TL_2BPS_20241204T204216_A040465_T10SFH_N05.11", "platform": "Sentinel-2B", "sat:relative_orbit": 113, "eo:cloud_cover": 0.001009, "s2:reflectance_conversion_factor": 1.02871767058948, "s2:datastrip_id": "S2B_OPER_MSI_L2A_DS_2BPS_20241204T204216_S20241204T185656_N05.11", "constellation": "Sentinel 2", "s2:datatake_type": "INS-NOBS", "s2:nodata_pixel_percentage": 0.0, "proj:code": "EPSG:32610", "s2:mgrs_tile": "10SFH", "s2:mean_solar_azimuth": 166.48490653242499, "s2:not_vegetated_percentage": 74.881774, "s2:generation_time": "2024-12-04T20:42:16.000000Z", "s2:saturated_defective_pixel_percentage": 0.0, "sat:orbit_state": "descending", "proj:bbox": "{600000.0, 4190220.0, 4300020.0, 709800.0}", "epsg": 32630, "spatial_ref": 0, "is_debris": 1.0, "nir_val": 0.14995817899390609, "re2_val": 0.1141940881204685, "swir1_val": 0.039102721255209597, "red_val": 0.03537735849056603, "FDI_val": 0.17641141293852569, "FDI": 0.17641141293852569, "longitude": -121.67113825136843, "latitude": 38.165781417706583, "location": "<a href=\"https://www.google.com/maps?q=38.16578141770658,-121.67113825136843\" target=\"_blank\">click me</a>" }, "geometry": { "type": "Point", "coordinates": [ -121.671138251368433, 38.165781417706583 ] } },
{ "type": "Feature", "properties": { "y": 13491886.89754864, "x": -4909930.4105308168, "time": "2024-12-04T18:56:59.024", "id": "S2B_MSIL2A_20241204T185659_R113_T10SFH_20241204T204216", "s2:product_type": "S2MSI2A", "s2:unclassified_percentage": 0.011178, "s2:medium_proba_clouds_percentage": 0.000269, "s2:processing_baseline": "05.11", "s2:snow_ice_percentage": 0.000163, "s2:degraded_msi_data_percentage": 0.0027, "instruments": "msi", "s2:vegetation_percentage": 19.817396, "s2:product_uri": "S2B_MSIL2A_20241204T185659_N0511_R113_T10SFH_20241204T204216.SAFE", "s2:water_percentage": 4.010833, "s2:cloud_shadow_percentage": 0.0, "s2:high_proba_clouds_percentage": 0.0, "s2:datatake_id": "GS2B_20241204T185659_040465_N05.11", "s2:thin_cirrus_percentage": 0.00074, "s2:mean_solar_zenith": 61.909361329797797, "s2:granule_id": "S2B_OPER_MSI_L2A_TL_2BPS_20241204T204216_A040465_T10SFH_N05.11", "platform": "Sentinel-2B", "sat:relative_orbit": 113, "eo:cloud_cover": 0.001009, "s2:reflectance_conversion_factor": 1.02871767058948, "s2:datastrip_id": "S2B_OPER_MSI_L2A_DS_2BPS_20241204T204216_S20241204T185656_N05.11", "constellation": "Sentinel 2", "s2:datatake_type": "INS-NOBS", "s2:nodata_pixel_percentage": 0.0, "proj:code": "EPSG:32610", "s2:mgrs_tile": "10SFH", "s2:mean_solar_azimuth": 166.48490653242499, "s2:not_vegetated_percentage": 74.881774, "s2:generation_time": "2024-12-04T20:42:16.000000Z", "s2:saturated_defective_pixel_percentage": 0.0, "sat:orbit_state": "descending", "proj:bbox": "{600000.0, 4190220.0, 4300020.0, 709800.0}", "epsg": 32630, "spatial_ref": 0, "is_debris": 1.0, "nir_val": 0.10861512725534711, "re2_val": 0.12186279977691022, "swir1_val": 0.024638391762686937, "red_val": 0.021762435677530029, "FDI_val": 0.16885518693364873, "FDI": 0.16885518693364873, "longitude": -121.67152912939441, "latitude": 38.166719781631215, "location": "<a href=\"https://www.google.com/maps?q=38.166719781631215,-121.67152912939441\" target=\"_blank\">click me</a>" }, "geometry": { "type": "Point", "coordinates": [ -121.671529129394415, 38.166719781631215 ] } },
{ "type": "Feature", "properties": { "y": 13491886.89754864, "x": -4909910.5365345068, "time": "2024-12-04T18:56:59.024", "id": "S2B_MSIL2A_20241204T185659_R113_T10SFH_20241204T204216", "s2:product_type": "S2MSI2A", "s2:unclassified_percentage": 0.011178, "s2:medium_proba_clouds_percentage": 0.000269, "s2:processing_baseline": "05.11", "s2:snow_ice_percentage": 0.000163, "s2:degraded_msi_data_percentage": 0.0027, "instruments": "msi", "s2:vegetation_percentage": 19.817396, "s2:product_uri": "S2B_MSIL2A_20241204T185659_N0511_R113_T10SFH_20241204T204216.SAFE", "s2:water_percentage": 4.010833, "s2:cloud_shadow_percentage": 0.0, "s2:high_proba_clouds_percentage": 0.0, "s2:datatake_id": "GS2B_20241204T185659_040465_N05.11", "s2:thin_cirrus_percentage": 0.00074, "s2:mean_solar_zenith": 61.909361329797797, "s2:granule_id": "S2B_OPER_MSI_L2A_TL_2BPS_20241204T204216_A040465_T10SFH_N05.11", "platform": "Sentinel-2B", "sat:relative_orbit": 113, "eo:cloud_cover": 0.001009, "s2:reflectance_conversion_factor": 1.02871767058948, "s2:datastrip_id": "S2B_OPER_MSI_L2A_DS_2BPS_20241204T204216_S20241204T185656_N05.11", "constellation": "Sentinel 2", "s2:datatake_type": "INS-NOBS", "s2:nodata_pixel_percentage": 0.0, "proj:code": "EPSG:32610", "s2:mgrs_tile": "10SFH", "s2:mean_solar_azimuth": 166.48490653242499, "s2:not_vegetated_percentage": 74.881774, "s2:generation_time": "2024-12-04T20:42:16.000000Z", "s2:saturated_defective_pixel_percentage": 0.0, "sat:orbit_state": "descending", "proj:bbox": "{600000.0, 4190220.0, 4300020.0, 709800.0}", "epsg": 32630, "spatial_ref": 0, "is_debris": 1.0, "nir_val": 0.054725773688612755, "re2_val": 0.11279977691020637, "swir1_val": 0.028560921794557478, "red_val": 0.022298456260720412, "FDI_val": 0.099706709534701093, "FDI": 0.099706709534701093, "longitude": -121.6716377783285, "latitude": 38.16681707954816, "location": "<a href=\"https://www.google.com/maps?q=38.16681707954816,-121.6716377783285\" target=\"_blank\">click me</a>" }, "geometry": { "type": "Point", "coordinates": [ -121.671637778328503, 38.16681707954816 ] } },
{ "type": "Feature", "properties": { "y": 13491886.89754864, "x": -4909771.4185603317, "time": "2024-12-04T18:56:59.024", "id": "S2B_MSIL2A_20241204T185659_R113_T10SFH_20241204T204216", "s2:product_type": "S2MSI2A", "s2:unclassified_percentage": 0.011178, "s2:medium_proba_clouds_percentage": 0.000269, "s2:processing_baseline": "05.11", "s2:snow_ice_percentage": 0.000163, "s2:degraded_msi_data_percentage": 0.0027, "instruments": "msi", "s2:vegetation_percentage": 19.817396, "s2:product_uri": "S2B_MSIL2A_20241204T185659_N0511_R113_T10SFH_20241204T204216.SAFE", "s2:water_percentage": 4.010833, "s2:cloud_shadow_percentage": 0.0, "s2:high_proba_clouds_percentage": 0.0, "s2:datatake_id": "GS2B_20241204T185659_040465_N05.11", "s2:thin_cirrus_percentage": 0.00074, "s2:mean_solar_zenith": 61.909361329797797, "s2:granule_id": "S2B_OPER_MSI_L2A_TL_2BPS_20241204T204216_A040465_T10SFH_N05.11", "platform": "Sentinel-2B", "sat:relative_orbit": 113, "eo:cloud_cover": 0.001009, "s2:reflectance_conversion_factor": 1.02871767058948, "s2:datastrip_id": "S2B_OPER_MSI_L2A_DS_2BPS_20241204T204216_S20241204T185656_N05.11", "constellation": "Sentinel 2", "s2:datatake_type": "INS-NOBS", "s2:nodata_pixel_percentage": 0.0, "proj:code": "EPSG:32610", "s2:mgrs_tile": "10SFH", "s2:mean_solar_azimuth": 166.48490653242499, "s2:not_vegetated_percentage": 74.881774, "s2:generation_time": "2024-12-04T20:42:16.000000Z", "s2:saturated_defective_pixel_percentage": 0.0, "sat:orbit_state": "descending", "proj:bbox": "{600000.0, 4190220.0, 4300020.0, 709800.0}", "epsg": 32630, "spatial_ref": 0, "is_debris": 1.0, "nir_val": 0.050065718723861868, "re2_val": 0.08770217512548803, "swir1_val": 0.014464329492522673, "red_val": 0.022191252144082352, "FDI_val": 0.099539190974404168, "FDI": 0.099539190974404168, "longitude": -121.67239833552699, "latitude": 38.167498167922247, "location": "<a href=\"https://www.google.com/maps?q=38.16749816792225,-121.67239833552699\" target=\"_blank\">click me</a>" }, "geometry": { "type": "Point", "coordinates": [ -121.672398335526992, 38.167498167922247 ] } },
{ "type": "Feature", "properties": { "y": 13491867.027054189, "x": -4909930.4105308168, "time": "2024-12-04T18:56:59.024", "id": "S2B_MSIL2A_20241204T185659_R113_T10SFH_20241204T204216", "s2:product_type": "S2MSI2A", "s2:unclassified_percentage": 0.011178, "s2:medium_proba_clouds_percentage": 0.000269, "s2:processing_baseline": "05.11", "s2:snow_ice_percentage": 0.000163, "s2:degraded_msi_data_percentage": 0.0027, "instruments": "msi", "s2:vegetation_percentage": 19.817396, "s2:product_uri": "S2B_MSIL2A_20241204T185659_N0511_R113_T10SFH_20241204T204216.SAFE", "s2:water_percentage": 4.010833, "s2:cloud_shadow_percentage": 0.0, "s2:high_proba_clouds_percentage": 0.0, "s2:datatake_id": "GS2B_20241204T185659_040465_N05.11", "s2:thin_cirrus_percentage": 0.00074, "s2:mean_solar_zenith": 61.909361329797797, "s2:granule_id": "S2B_OPER_MSI_L2A_TL_2BPS_20241204T204216_A040465_T10SFH_N05.11", "platform": "Sentinel-2B", "sat:relative_orbit": 113, "eo:cloud_cover": 0.001009, "s2:reflectance_conversion_factor": 1.02871767058948, "s2:datastrip_id": "S2B_OPER_MSI_L2A_DS_2BPS_20241204T204216_S20241204T185656_N05.11", "constellation": "Sentinel 2", "s2:datatake_type": "INS-NOBS", "s2:nodata_pixel_percentage": 0.0, "proj:code": "EPSG:32610", "s2:mgrs_tile": "10SFH", "s2:mean_solar_azimuth": 166.48490653242499, "s2:not_vegetated_percentage": 74.881774, "s2:generation_time": "2024-12-04T20:42:16.000000Z", "s2:saturated_defective_pixel_percentage": 0.0, "sat:orbit_state": "descending", "proj:bbox": "{600000.0, 4190220.0, 4300020.0, 709800.0}", "epsg": 32630, "spatial_ref": 0, "is_debris": 1.0, "nir_val": 0.085314852431592786, "re2_val": 0.087981037367540454, "swir1_val": 0.019980387349840631, "red_val": 0.021869639794168089, "FDI_val": 0.12470011192260119, "FDI": 0.12470011192260119, "longitude": -121.67140590963329, "latitude": 38.166805543527055, "location": "<a href=\"https://www.google.com/maps?q=38.166805543527055,-121.6714059096333\" target=\"_blank\">click me</a>" }, "geometry": { "type": "Point", "coordinates": [ -121.671405909633293, 38.166805543527055 ] } },
{ "type": "Feature", "properties": { "y": 13491807.415570837, "x": -4909850.9145455742, "time": "2024-12-04T18:56:59.024", "id": "S2B_MSIL2A_20241204T185659_R113_T10SFH_20241204T204216", "s2:product_type": "S2MSI2A", "s2:unclassified_percentage": 0.011178, "s2:medium_proba_clouds_percentage": 0.000269, "s2:processing_baseline": "05.11", "s2:snow_ice_percentage": 0.000163, "s2:degraded_msi_data_percentage": 0.0027, "instruments": "msi", "s2:vegetation_percentage": 19.817396, "s2:product_uri": "S2B_MSIL2A_20241204T185659_N0511_R113_T10SFH_20241204T204216.SAFE", "s2:water_percentage": 4.010833, "s2:cloud_shadow_percentage": 0.0, "s2:high_proba_clouds_percentage": 0.0, "s2:datatake_id": "GS2B_20241204T185659_040465_N05.11", "s2:thin_cirrus_percentage": 0.00074, "s2:mean_solar_zenith": 61.909361329797797, "s2:granule_id": "S2B_OPER_MSI_L2A_TL_2BPS_20241204T204216_A040465_T10SFH_N05.11", "platform": "Sentinel-2B", "sat:relative_orbit": 113, "eo:cloud_cover": 0.001009, "s2:reflectance_conversion_factor": 1.02871767058948, "s2:datastrip_id": "S2B_OPER_MSI_L2A_DS_2BPS_20241204T204216_S20241204T185656_N05.11", "constellation": "Sentinel 2", "s2:datatake_type": "INS-NOBS", "s2:nodata_pixel_percentage": 0.0, "proj:code": "EPSG:32610", "s2:mgrs_tile": "10SFH", "s2:mean_solar_azimuth": 166.48490653242499, "s2:not_vegetated_percentage": 74.881774, "s2:generation_time": "2024-12-04T20:42:16.000000Z", "s2:saturated_defective_pixel_percentage": 0.0, "sat:orbit_state": "descending", "proj:bbox": "{600000.0, 4190220.0, 4300020.0, 709800.0}", "epsg": 32630, "spatial_ref": 0, "is_debris": 1.0, "nir_val": 0.053411399211375332, "re2_val": 0.088678192972671516, "swir1_val": 0.016915910762441769, "red_val": 0.022084048027444264, "FDI_val": 0.099145099902308714, "FDI": 0.099145099902308714, "longitude": -121.67147084129545, "latitude": 38.167452024252313, "location": "<a href=\"https://www.google.com/maps?q=38.16745202425231,-121.67147084129545\" target=\"_blank\">click me</a>" }, "geometry": { "type": "Point", "coordinates": [ -121.671470841295445, 38.167452024252313 ] } },
{ "type": "Feature", "properties": { "y": 13491807.415570837, "x": -4909075.8286894597, "time": "2024-12-04T18:56:59.024", "id": "S2B_MSIL2A_20241204T185659_R113_T10SFH_20241204T204216", "s2:product_type": "S2MSI2A", "s2:unclassified_percentage": 0.011178, "s2:medium_proba_clouds_percentage": 0.000269, "s2:processing_baseline": "05.11", "s2:snow_ice_percentage": 0.000163, "s2:degraded_msi_data_percentage": 0.0027, "instruments": "msi", "s2:vegetation_percentage": 19.817396, "s2:product_uri": "S2B_MSIL2A_20241204T185659_N0511_R113_T10SFH_20241204T204216.SAFE", "s2:water_percentage": 4.010833, "s2:cloud_shadow_percentage": 0.0, "s2:high_proba_clouds_percentage": 0.0, "s2:datatake_id": "GS2B_20241204T185659_040465_N05.11", "s2:thin_cirrus_percentage": 0.00074, "s2:mean_solar_zenith": 61.909361329797797, "s2:granule_id": "S2B_OPER_MSI_L2A_TL_2BPS_20241204T204216_A040465_T10SFH_N05.11", "platform": "Sentinel-2B", "sat:relative_orbit": 113, "eo:cloud_cover": 0.001009, "s2:reflectance_conversion_factor": 1.02871767058948, "s2:datastrip_id": "S2B_OPER_MSI_L2A_DS_2BPS_20241204T204216_S20241204T185656_N05.11", "constellation": "Sentinel 2", "s2:datatake_type": "INS-NOBS", "s2:nodata_pixel_percentage": 0.0, "proj:code": "EPSG:32610", "s2:mgrs_tile": "10SFH", "s2:mean_solar_azimuth": 166.48490653242499, "s2:not_vegetated_percentage": 74.881774, "s2:generation_time": "2024-12-04T20:42:16.000000Z", "s2:saturated_defective_pixel_percentage": 0.0, "sat:orbit_state": "descending", "proj:bbox": "{600000.0, 4190220.0, 4300020.0, 709800.0}", "epsg": 32630, "spatial_ref": 0, "is_debris": 1.0, "nir_val": 0.19679770581909425, "re2_val": 0.16313441160066927, "swir1_val": 0.099779357685707268, "red_val": 0.17817324185248715, "FDI_val": 0.15232831583692522, "FDI": 0.15232831583692522, "longitude": -121.67570857267316, "latitude": 38.171246784147613, "location": "<a href=\"https://www.google.com/maps?q=38.17124678414761,-121.67570857267316\" target=\"_blank\">click me</a>" }, "geometry": { "type": "Point", "coordinates": [ -121.675708572673159, 38.171246784147613 ] } },
{ "type": "Feature", "properties": { "y": 13491648.451615231, "x": -4909850.9145455742, "time": "2024-12-04T18:56:59.024", "id": "S2B_MSIL2A_20241204T185659_R113_T10SFH_20241204T204216", "s2:product_type": "S2MSI2A", "s2:unclassified_percentage": 0.011178, "s2:medium_proba_clouds_percentage": 0.000269, "s2:processing_baseline": "05.11", "s2:snow_ice_percentage": 0.000163, "s2:degraded_msi_data_percentage": 0.0027, "instruments": "msi", "s2:vegetation_percentage": 19.817396, "s2:product_uri": "S2B_MSIL2A_20241204T185659_N0511_R113_T10SFH_20241204T204216.SAFE", "s2:water_percentage": 4.010833, "s2:cloud_shadow_percentage": 0.0, "s2:high_proba_clouds_percentage": 0.0, "s2:datatake_id": "GS2B_20241204T185659_040465_N05.11", "s2:thin_cirrus_percentage": 0.00074, "s2:mean_solar_zenith": 61.909361329797797, "s2:granule_id": "S2B_OPER_MSI_L2A_TL_2BPS_20241204T204216_A040465_T10SFH_N05.11", "platform": "Sentinel-2B", "sat:relative_orbit": 113, "eo:cloud_cover": 0.001009, "s2:reflectance_conversion_factor": 1.02871767058948, "s2:datastrip_id": "S2B_OPER_MSI_L2A_DS_2BPS_20241204T204216_S20241204T185656_N05.11", "constellation": "Sentinel 2", "s2:datatake_type": "INS-NOBS", "s2:nodata_pixel_percentage": 0.0, "proj:code": "EPSG:32610", "s2:mgrs_tile": "10SFH", "s2:mean_solar_azimuth": 166.48490653242499, "s2:not_vegetated_percentage": 74.881774, "s2:generation_time": "2024-12-04T20:42:16.000000Z", "s2:saturated_defective_pixel_percentage": 0.0, "sat:orbit_state": "descending", "proj:bbox": "{600000.0, 4190220.0, 4300020.0, 709800.0}", "epsg": 32630, "spatial_ref": 0, "is_debris": 1.0, "nir_val": 0.21424303978970008, "re2_val": 0.20064138315672059, "swir1_val": 0.1143662662417259, "red_val": 0.10055746140651803, "FDI_val": 0.17519632006106475, "FDI": 0.17519632006106475, "longitude": -121.67048504221957, "latitude": 38.168138108660472, "location": "<a href=\"https://www.google.com/maps?q=38.16813810866047,-121.67048504221957\" target=\"_blank\">click me</a>" }, "geometry": { "type": "Point", "coordinates": [ -121.670485042219568, 38.168138108660472 ] } },
{ "type": "Feature", "properties": { "y": 13491648.451615231, "x": -4909632.3005861575, "time": "2024-12-04T18:56:59.024", "id": "S2B_MSIL2A_20241204T185659_R113_T10SFH_20241204T204216", "s2:product_type": "S2MSI2A", "s2:unclassified_percentage": 0.011178, "s2:medium_proba_clouds_percentage": 0.000269, "s2:processing_baseline": "05.11", "s2:snow_ice_percentage": 0.000163, "s2:degraded_msi_data_percentage": 0.0027, "instruments": "msi", "s2:vegetation_percentage": 19.817396, "s2:product_uri": "S2B_MSIL2A_20241204T185659_N0511_R113_T10SFH_20241204T204216.SAFE", "s2:water_percentage": 4.010833, "s2:cloud_shadow_percentage": 0.0, "s2:high_proba_clouds_percentage": 0.0, "s2:datatake_id": "GS2B_20241204T185659_040465_N05.11", "s2:thin_cirrus_percentage": 0.00074, "s2:mean_solar_zenith": 61.909361329797797, "s2:granule_id": "S2B_OPER_MSI_L2A_TL_2BPS_20241204T204216_A040465_T10SFH_N05.11", "platform": "Sentinel-2B", "sat:relative_orbit": 113, "eo:cloud_cover": 0.001009, "s2:reflectance_conversion_factor": 1.02871767058948, "s2:datastrip_id": "S2B_OPER_MSI_L2A_DS_2BPS_20241204T204216_S20241204T185656_N05.11", "constellation": "Sentinel 2", "s2:datatake_type": "INS-NOBS", "s2:nodata_pixel_percentage": 0.0, "proj:code": "EPSG:32610", "s2:mgrs_tile": "10SFH", "s2:mean_solar_azimuth": 166.48490653242499, "s2:not_vegetated_percentage": 74.881774, "s2:generation_time": "2024-12-04T20:42:16.000000Z", "s2:saturated_defective_pixel_percentage": 0.0, "sat:orbit_state": "descending", "proj:bbox": "{600000.0, 4190220.0, 4300020.0, 709800.0}", "epsg": 32630, "spatial_ref": 0, "is_debris": 1.0, "nir_val": 0.044091289281873586, "re2_val": 0.089793641940881214, "swir1_val": 0.018509438587889185, "red_val": 0.023799313893653529, "FDI_val": 0.087814091716437725, "FDI": 0.087814091716437725, "longitude": -121.67168019279117, "latitude": 38.169208435513255, "location": "<a href=\"https://www.google.com/maps?q=38.169208435513255,-121.67168019279117\" target=\"_blank\">click me</a>" }, "geometry": { "type": "Point", "coordinates": [ -121.671680192791172, 38.169208435513255 ] } },
{ "type": "Feature", "properties": { "y": 13491628.58112078, "x": -4909652.1745824683, "time": "2024-12-04T18:56:59.024", "id": "S2B_MSIL2A_20241204T185659_R113_T10SFH_20241204T204216", "s2:product_type": "S2MSI2A", "s2:unclassified_percentage": 0.011178, "s2:medium_proba_clouds_percentage": 0.000269, "s2:processing_baseline": "05.11", "s2:snow_ice_percentage": 0.000163, "s2:degraded_msi_data_percentage": 0.0027, "instruments": "msi", "s2:vegetation_percentage": 19.817396, "s2:product_uri": "S2B_MSIL2A_20241204T185659_N0511_R113_T10SFH_20241204T204216.SAFE", "s2:water_percentage": 4.010833, "s2:cloud_shadow_percentage": 0.0, "s2:high_proba_clouds_percentage": 0.0, "s2:datatake_id": "GS2B_20241204T185659_040465_N05.11", "s2:thin_cirrus_percentage": 0.00074, "s2:mean_solar_zenith": 61.909361329797797, "s2:granule_id": "S2B_OPER_MSI_L2A_TL_2BPS_20241204T204216_A040465_T10SFH_N05.11", "platform": "Sentinel-2B", "sat:relative_orbit": 113, "eo:cloud_cover": 0.001009, "s2:reflectance_conversion_factor": 1.02871767058948, "s2:datastrip_id": "S2B_OPER_MSI_L2A_DS_2BPS_20241204T204216_S20241204T185656_N05.11", "constellation": "Sentinel 2", "s2:datatake_type": "INS-NOBS", "s2:nodata_pixel_percentage": 0.0, "proj:code": "EPSG:32610", "s2:mgrs_tile": "10SFH", "s2:mean_solar_azimuth": 166.48490653242499, "s2:not_vegetated_percentage": 74.881774, "s2:generation_time": "2024-12-04T20:42:16.000000Z", "s2:saturated_defective_pixel_percentage": 0.0, "sat:orbit_state": "descending", "proj:bbox": "{600000.0, 4190220.0, 4300020.0, 709800.0}", "epsg": 32630, "spatial_ref": 0, "is_debris": 1.0, "nir_val": 0.046720038236348432, "re2_val": 0.10973229224762968, "swir1_val": 0.026354498651630295, "red_val": 0.024871355060034323, "FDI_val": 0.093155676851066793, "FDI": 0.093155676851066793, "longitude": -121.67144830988609, "latitude": 38.169196894552094, "location": "<a href=\"https://www.google.com/maps?q=38.169196894552094,-121.67144830988609\" target=\"_blank\">click me</a>" }, "geometry": { "type": "Point", "coordinates": [ -121.671448309886088, 38.169196894552094 ] } },
{ "type": "Feature", "properties": { "y": 13491628.58112078, "x": -4909612.4265898475, "time": "2024-12-04T18:56:59.024", "id": "S2B_MSIL2A_20241204T185659_R113_T10SFH_20241204T204216", "s2:product_type": "S2MSI2A", "s2:unclassified_percentage": 0.011178, "s2:medium_proba_clouds_percentage": 0.000269, "s2:processing_baseline": "05.11", "s2:snow_ice_percentage": 0.000163, "s2:degraded_msi_data_percentage": 0.0027, "instruments": "msi", "s2:vegetation_percentage": 19.817396, "s2:product_uri": "S2B_MSIL2A_20241204T185659_N0511_R113_T10SFH_20241204T204216.SAFE", "s2:water_percentage": 4.010833, "s2:cloud_shadow_percentage": 0.0, "s2:high_proba_clouds_percentage": 0.0, "s2:datatake_id": "GS2B_20241204T185659_040465_N05.11", "s2:thin_cirrus_percentage": 0.00074, "s2:mean_solar_zenith": 61.909361329797797, "s2:granule_id": "S2B_OPER_MSI_L2A_TL_2BPS_20241204T204216_A040465_T10SFH_N05.11", "platform": "Sentinel-2B", "sat:relative_orbit": 113, "eo:cloud_cover": 0.001009, "s2:reflectance_conversion_factor": 1.02871767058948, "s2:datastrip_id": "S2B_OPER_MSI_L2A_DS_2BPS_20241204T204216_S20241204T185656_N05.11", "constellation": "Sentinel 2", "s2:datatake_type": "INS-NOBS", "s2:nodata_pixel_percentage": 0.0, "proj:code": "EPSG:32610", "s2:mgrs_tile": "10SFH", "s2:mean_solar_azimuth": 166.48490653242499, "s2:not_vegetated_percentage": 74.881774, "s2:generation_time": "2024-12-04T20:42:16.000000Z", "s2:saturated_defective_pixel_percentage": 0.0, "sat:orbit_state": "descending", "proj:bbox": "{600000.0, 4190220.0, 4300020.0, 709800.0}", "epsg": 32630, "spatial_ref": 0, "is_debris": 1.0, "nir_val": 0.078742980045405669, "re2_val": 0.1257668711656442, "swir1_val": 0.034935033096347143, "red_val": 0.028945111492281322, "FDI_val": 0.12310558335876226, "FDI": 0.12310558335876226, "longitude": -121.67166561515047, "latitude": 38.169391501191228, "location": "<a href=\"https://www.google.com/maps?q=38.16939150119123,-121.67166561515047\" target=\"_blank\">click me</a>" }, "geometry": { "type": "Point", "coordinates": [ -121.671665615150474, 38.169391501191228 ] } },
{ "type": "Feature", "properties": { "y": 13491588.840131879, "x": -4909592.5525935367, "time": "2024-12-04T18:56:59.024", "id": "S2B_MSIL2A_20241204T185659_R113_T10SFH_20241204T204216", "s2:product_type": "S2MSI2A", "s2:unclassified_percentage": 0.011178, "s2:medium_proba_clouds_percentage": 0.000269, "s2:processing_baseline": "05.11", "s2:snow_ice_percentage": 0.000163, "s2:degraded_msi_data_percentage": 0.0027, "instruments": "msi", "s2:vegetation_percentage": 19.817396, "s2:product_uri": "S2B_MSIL2A_20241204T185659_N0511_R113_T10SFH_20241204T204216.SAFE", "s2:water_percentage": 4.010833, "s2:cloud_shadow_percentage": 0.0, "s2:high_proba_clouds_percentage": 0.0, "s2:datatake_id": "GS2B_20241204T185659_040465_N05.11", "s2:thin_cirrus_percentage": 0.00074, "s2:mean_solar_zenith": 61.909361329797797, "s2:granule_id": "S2B_OPER_MSI_L2A_TL_2BPS_20241204T204216_A040465_T10SFH_N05.11", "platform": "Sentinel-2B", "sat:relative_orbit": 113, "eo:cloud_cover": 0.001009, "s2:reflectance_conversion_factor": 1.02871767058948, "s2:datastrip_id": "S2B_OPER_MSI_L2A_DS_2BPS_20241204T204216_S20241204T185656_N05.11", "constellation": "Sentinel 2", "s2:datatake_type": "INS-NOBS", "s2:nodata_pixel_percentage": 0.0, "proj:code": "EPSG:32610", "s2:mgrs_tile": "10SFH", "s2:mean_solar_azimuth": 166.48490653242499, "s2:not_vegetated_percentage": 74.881774, "s2:generation_time": "2024-12-04T20:42:16.000000Z", "s2:saturated_defective_pixel_percentage": 0.0, "sat:orbit_state": "descending", "proj:bbox": "{600000.0, 4190220.0, 4300020.0, 709800.0}", "epsg": 32630, "spatial_ref": 0, "is_debris": 1.0, "nir_val": 0.063687417851595179, "re2_val": 0.091745677635248185, "swir1_val": 0.026477077715126238, "red_val": 0.024120926243567764, "FDI_val": 0.094190863876257913, "FDI": 0.094190863876257913, "longitude": -121.6715278047302, "latitude": 38.169660329457294, "location": "<a href=\"https://www.google.com/maps?q=38.169660329457294,-121.6715278047302\" target=\"_blank\">click me</a>" }, "geometry": { "type": "Point", "coordinates": [ -121.671527804730204, 38.169660329457294 ] } },
{ "type": "Feature", "properties": { "y": 13491390.135187373, "x": -4909592.5525935367, "time": "2024-12-04T18:56:59.024", "id": "S2B_MSIL2A_20241204T185659_R113_T10SFH_20241204T204216", "s2:product_type": "S2MSI2A", "s2:unclassified_percentage": 0.011178, "s2:medium_proba_clouds_percentage": 0.000269, "s2:processing_baseline": "05.11", "s2:snow_ice_percentage": 0.000163, "s2:degraded_msi_data_percentage": 0.0027, "instruments": "msi", "s2:vegetation_percentage": 19.817396, "s2:product_uri": "S2B_MSIL2A_20241204T185659_N0511_R113_T10SFH_20241204T204216.SAFE", "s2:water_percentage": 4.010833, "s2:cloud_shadow_percentage": 0.0, "s2:high_proba_clouds_percentage": 0.0, "s2:datatake_id": "GS2B_20241204T185659_040465_N05.11", "s2:thin_cirrus_percentage": 0.00074, "s2:mean_solar_zenith": 61.909361329797797, "s2:granule_id": "S2B_OPER_MSI_L2A_TL_2BPS_20241204T204216_A040465_T10SFH_N05.11", "platform": "Sentinel-2B", "sat:relative_orbit": 113, "eo:cloud_cover": 0.001009, "s2:reflectance_conversion_factor": 1.02871767058948, "s2:datastrip_id": "S2B_OPER_MSI_L2A_DS_2BPS_20241204T204216_S20241204T185656_N05.11", "constellation": "Sentinel 2", "s2:datatake_type": "INS-NOBS", "s2:nodata_pixel_percentage": 0.0, "proj:code": "EPSG:32610", "s2:mgrs_tile": "10SFH", "s2:mean_solar_azimuth": 166.48490653242499, "s2:not_vegetated_percentage": 74.881774, "s2:generation_time": "2024-12-04T20:42:16.000000Z", "s2:saturated_defective_pixel_percentage": 0.0, "sat:orbit_state": "descending", "proj:bbox": "{600000.0, 4190220.0, 4300020.0, 709800.0}", "epsg": 32630, "spatial_ref": 0, "is_debris": 1.0, "nir_val": 0.06416537220695423, "re2_val": 0.083658672615727847, "swir1_val": 0.024270654572199055, "red_val": 0.019511149228130353, "FDI_val": 0.091741400053708871, "FDI": 0.091741400053708871, "longitude": -121.67029545413506, "latitude": 38.170517933106673, "location": "<a href=\"https://www.google.com/maps?q=38.17051793310667,-121.67029545413506\" target=\"_blank\">click me</a>" }, "geometry": { "type": "Point", "coordinates": [ -121.670295454135058, 38.170517933106673 ] } },
{ "type": "Feature", "properties": { "y": 13491370.264692921, "x": -4909532.930604605, "time": "2024-12-04T18:56:59.024", "id": "S2B_MSIL2A_20241204T185659_R113_T10SFH_20241204T204216", "s2:product_type": "S2MSI2A", "s2:unclassified_percentage": 0.011178, "s2:medium_proba_clouds_percentage": 0.000269, "s2:processing_baseline": "05.11", "s2:snow_ice_percentage": 0.000163, "s2:degraded_msi_data_percentage": 0.0027, "instruments": "msi", "s2:vegetation_percentage": 19.817396, "s2:product_uri": "S2B_MSIL2A_20241204T185659_N0511_R113_T10SFH_20241204T204216.SAFE", "s2:water_percentage": 4.010833, "s2:cloud_shadow_percentage": 0.0, "s2:high_proba_clouds_percentage": 0.0, "s2:datatake_id": "GS2B_20241204T185659_040465_N05.11", "s2:thin_cirrus_percentage": 0.00074, "s2:mean_solar_zenith": 61.909361329797797, "s2:granule_id": "S2B_OPER_MSI_L2A_TL_2BPS_20241204T204216_A040465_T10SFH_N05.11", "platform": "Sentinel-2B", "sat:relative_orbit": 113, "eo:cloud_cover": 0.001009, "s2:reflectance_conversion_factor": 1.02871767058948, "s2:datastrip_id": "S2B_OPER_MSI_L2A_DS_2BPS_20241204T204216_S20241204T185656_N05.11", "constellation": "Sentinel 2", "s2:datatake_type": "INS-NOBS", "s2:nodata_pixel_percentage": 0.0, "proj:code": "EPSG:32610", "s2:mgrs_tile": "10SFH", "s2:mean_solar_azimuth": 166.48490653242499, "s2:not_vegetated_percentage": 74.881774, "s2:generation_time": "2024-12-04T20:42:16.000000Z", "s2:saturated_defective_pixel_percentage": 0.0, "sat:orbit_state": "descending", "proj:bbox": "{600000.0, 4190220.0, 4300020.0, 709800.0}", "epsg": 32630, "spatial_ref": 0, "is_debris": 1.0, "nir_val": 0.035727088063089996, "re2_val": 0.09216397099832685, "swir1_val": 0.015690120127482207, "red_val": 0.017045454545454558, "FDI_val": 0.086799853616503886, "FDI": 0.086799853616503886, "longitude": -121.67049816790815, "latitude": 38.170895614294999, "location": "<a href=\"https://www.google.com/maps?q=38.170895614295,-121.67049816790815\" target=\"_blank\">click me</a>" }, "geometry": { "type": "Point", "coordinates": [ -121.67049816790815, 38.170895614294999 ] } },
{ "type": "Feature", "properties": { "y": 13491370.264692921, "x": -4909513.0566082941, "time": "2024-12-04T18:56:59.024", "id": "S2B_MSIL2A_20241204T185659_R113_T10SFH_20241204T204216", "s2:product_type": "S2MSI2A", "s2:unclassified_percentage": 0.011178, "s2:medium_proba_clouds_percentage": 0.000269, "s2:processing_baseline": "05.11", "s2:snow_ice_percentage": 0.000163, "s2:degraded_msi_data_percentage": 0.0027, "instruments": "msi", "s2:vegetation_percentage": 19.817396, "s2:product_uri": "S2B_MSIL2A_20241204T185659_N0511_R113_T10SFH_20241204T204216.SAFE", "s2:water_percentage": 4.010833, "s2:cloud_shadow_percentage": 0.0, "s2:high_proba_clouds_percentage": 0.0, "s2:datatake_id": "GS2B_20241204T185659_040465_N05.11", "s2:thin_cirrus_percentage": 0.00074, "s2:mean_solar_zenith": 61.909361329797797, "s2:granule_id": "S2B_OPER_MSI_L2A_TL_2BPS_20241204T204216_A040465_T10SFH_N05.11", "platform": "Sentinel-2B", "sat:relative_orbit": 113, "eo:cloud_cover": 0.001009, "s2:reflectance_conversion_factor": 1.02871767058948, "s2:datastrip_id": "S2B_OPER_MSI_L2A_DS_2BPS_20241204T204216_S20241204T185656_N05.11", "constellation": "Sentinel 2", "s2:datatake_type": "INS-NOBS", "s2:nodata_pixel_percentage": 0.0, "proj:code": "EPSG:32610", "s2:mgrs_tile": "10SFH", "s2:mean_solar_azimuth": 166.48490653242499, "s2:not_vegetated_percentage": 74.881774, "s2:generation_time": "2024-12-04T20:42:16.000000Z", "s2:saturated_defective_pixel_percentage": 0.0, "sat:orbit_state": "descending", "proj:bbox": "{600000.0, 4190220.0, 4300020.0, 709800.0}", "epsg": 32630, "spatial_ref": 0, "is_debris": 1.0, "nir_val": 0.039431234317122726, "re2_val": 0.09216397099832685, "swir1_val": 0.015690120127482207, "red_val": 0.012650085763293323, "FDI_val": 0.090503999870536617, "FDI": 0.090503999870536617, "longitude": -121.67060681952591, "latitude": 38.170992922067278, "location": "<a href=\"https://www.google.com/maps?q=38.17099292206728,-121.67060681952591\" target=\"_blank\">click me</a>" }, "geometry": { "type": "Point", "coordinates": [ -121.670606819525915, 38.170992922067278 ] } },
{ "type": "Feature", "properties": { "y": 13491350.394198472, "x": -4909493.1826119833, "time": "2024-12-04T18:56:59.024", "id": "S2B_MSIL2A_20241204T185659_R113_T10SFH_20241204T204216", "s2:product_type": "S2MSI2A", "s2:unclassified_percentage": 0.011178, "s2:medium_proba_clouds_percentage": 0.000269, "s2:processing_baseline": "05.11", "s2:snow_ice_percentage": 0.000163, "s2:degraded_msi_data_percentage": 0.0027, "instruments": "msi", "s2:vegetation_percentage": 19.817396, "s2:product_uri": "S2B_MSIL2A_20241204T185659_N0511_R113_T10SFH_20241204T204216.SAFE", "s2:water_percentage": 4.010833, "s2:cloud_shadow_percentage": 0.0, "s2:high_proba_clouds_percentage": 0.0, "s2:datatake_id": "GS2B_20241204T185659_040465_N05.11", "s2:thin_cirrus_percentage": 0.00074, "s2:mean_solar_zenith": 61.909361329797797, "s2:granule_id": "S2B_OPER_MSI_L2A_TL_2BPS_20241204T204216_A040465_T10SFH_N05.11", "platform": "Sentinel-2B", "sat:relative_orbit": 113, "eo:cloud_cover": 0.001009, "s2:reflectance_conversion_factor": 1.02871767058948, "s2:datastrip_id": "S2B_OPER_MSI_L2A_DS_2BPS_20241204T204216_S20241204T185656_N05.11", "constellation": "Sentinel 2", "s2:datatake_type": "INS-NOBS", "s2:nodata_pixel_percentage": 0.0, "proj:code": "EPSG:32610", "s2:mgrs_tile": "10SFH", "s2:mean_solar_azimuth": 166.48490653242499, "s2:not_vegetated_percentage": 74.881774, "s2:generation_time": "2024-12-04T20:42:16.000000Z", "s2:saturated_defective_pixel_percentage": 0.0, "sat:orbit_state": "descending", "proj:bbox": "{600000.0, 4190220.0, 4300020.0, 709800.0}", "epsg": 32630, "spatial_ref": 0, "is_debris": 1.0, "nir_val": 0.031664476042537942, "re2_val": 0.099832682654768551, "swir1_val": 0.018877175778377039, "red_val": 0.014365351629502587, "FDI_val": 0.083462742775296334, "FDI": 0.083462742775296334, "longitude": -121.67059223170752, "latitude": 38.171175989601053, "location": "<a href=\"https://www.google.com/maps?q=38.17117598960105,-121.67059223170752\" target=\"_blank\">click me</a>" }, "geometry": { "type": "Point", "coordinates": [ -121.670592231707516, 38.171175989601053 ] } },
{ "type": "Feature", "properties": { "y": 13491231.171231767, "x": -4909453.4346193625, "time": "2024-12-04T18:56:59.024", "id": "S2B_MSIL2A_20241204T185659_R113_T10SFH_20241204T204216", "s2:product_type": "S2MSI2A", "s2:unclassified_percentage": 0.011178, "s2:medium_proba_clouds_percentage": 0.000269, "s2:processing_baseline": "05.11", "s2:snow_ice_percentage": 0.000163, "s2:degraded_msi_data_percentage": 0.0027, "instruments": "msi", "s2:vegetation_percentage": 19.817396, "s2:product_uri": "S2B_MSIL2A_20241204T185659_N0511_R113_T10SFH_20241204T204216.SAFE", "s2:water_percentage": 4.010833, "s2:cloud_shadow_percentage": 0.0, "s2:high_proba_clouds_percentage": 0.0, "s2:datatake_id": "GS2B_20241204T185659_040465_N05.11", "s2:thin_cirrus_percentage": 0.00074, "s2:mean_solar_zenith": 61.909361329797797, "s2:granule_id": "S2B_OPER_MSI_L2A_TL_2BPS_20241204T204216_A040465_T10SFH_N05.11", "platform": "Sentinel-2B", "sat:relative_orbit": 113, "eo:cloud_cover": 0.001009, "s2:reflectance_conversion_factor": 1.02871767058948, "s2:datastrip_id": "S2B_OPER_MSI_L2A_DS_2BPS_20241204T204216_S20241204T185656_N05.11", "constellation": "Sentinel 2", "s2:datatake_type": "INS-NOBS", "s2:nodata_pixel_percentage": 0.0, "proj:code": "EPSG:32610", "s2:mgrs_tile": "10SFH", "s2:mean_solar_azimuth": 166.48490653242499, "s2:not_vegetated_percentage": 74.881774, "s2:generation_time": "2024-12-04T20:42:16.000000Z", "s2:saturated_defective_pixel_percentage": 0.0, "sat:orbit_state": "descending", "proj:bbox": "{600000.0, 4190220.0, 4300020.0, 709800.0}", "epsg": 32630, "spatial_ref": 0, "is_debris": 1.0, "nir_val": 0.035488110885410457, "re2_val": 0.093279419966536548, "swir1_val": 0.01801912233390536, "red_val": 0.013614922813036029, "FDI_val": 0.083172422992691036, "FDI": 0.083172422992691036, "longitude": -121.67007008261581, "latitude": 38.171885160676489, "location": "<a href=\"https://www.google.com/maps?q=38.17188516067649,-121.67007008261581\" target=\"_blank\">click me</a>" }, "geometry": { "type": "Point", "coordinates": [ -121.670070082615808, 38.171885160676489 ] } },
{ "type": "Feature", "properties": { "y": 13491032.466287261, "x": -4909473.3086156724, "time": "2024-12-04T18:56:59.024", "id": "S2B_MSIL2A_20241204T185659_R113_T10SFH_20241204T204216", "s2:product_type": "S2MSI2A", "s2:unclassified_percentage": 0.011178, "s2:medium_proba_clouds_percentage": 0.000269, "s2:processing_baseline": "05.11", "s2:snow_ice_percentage": 0.000163, "s2:degraded_msi_data_percentage": 0.0027, "instruments": "msi", "s2:vegetation_percentage": 19.817396, "s2:product_uri": "S2B_MSIL2A_20241204T185659_N0511_R113_T10SFH_20241204T204216.SAFE", "s2:water_percentage": 4.010833, "s2:cloud_shadow_percentage": 0.0, "s2:high_proba_clouds_percentage": 0.0, "s2:datatake_id": "GS2B_20241204T185659_040465_N05.11", "s2:thin_cirrus_percentage": 0.00074, "s2:mean_solar_zenith": 61.909361329797797, "s2:granule_id": "S2B_OPER_MSI_L2A_TL_2BPS_20241204T204216_A040465_T10SFH_N05.11", "platform": "Sentinel-2B", "sat:relative_orbit": 113, "eo:cloud_cover": 0.001009, "s2:reflectance_conversion_factor": 1.02871767058948, "s2:datastrip_id": "S2B_OPER_MSI_L2A_DS_2BPS_20241204T204216_S20241204T185656_N05.11", "constellation": "Sentinel 2", "s2:datatake_type": "INS-NOBS", "s2:nodata_pixel_percentage": 0.0, "proj:code": "EPSG:32610", "s2:mgrs_tile": "10SFH", "s2:mean_solar_azimuth": 166.48490653242499, "s2:not_vegetated_percentage": 74.881774, "s2:generation_time": "2024-12-04T20:42:16.000000Z", "s2:saturated_defective_pixel_percentage": 0.0, "sat:orbit_state": "descending", "proj:bbox": "{600000.0, 4190220.0, 4300020.0, 709800.0}", "epsg": 32630, "spatial_ref": 0, "is_debris": 1.0, "nir_val": 0.089735930218664134, "re2_val": 0.10150585610708313, "swir1_val": 0.018999754841873009, "red_val": 0.027229845626072058, "FDI_val": 0.14276531140197454, "FDI": 0.14276531140197454, "longitude": -121.6687289687336, "latitude": 38.172645411144885, "location": "<a href=\"https://www.google.com/maps?q=38.172645411144885,-121.6687289687336\" target=\"_blank\">click me</a>" }, "geometry": { "type": "Point", "coordinates": [ -121.668728968733603, 38.172645411144885 ] } },
{ "type": "Feature", "properties": { "y": 13490972.854803909, "x": -4909453.4346193625, "time": "2024-12-04T18:56:59.024", "id": "S2B_MSIL2A_20241204T185659_R113_T10SFH_20241204T204216", "s2:product_type": "S2MSI2A", "s2:unclassified_percentage": 0.011178, "s2:medium_proba_clouds_percentage": 0.000269, "s2:processing_baseline": "05.11", "s2:snow_ice_percentage": 0.000163, "s2:degraded_msi_data_percentage": 0.0027, "instruments": "msi", "s2:vegetation_percentage": 19.817396, "s2:product_uri": "S2B_MSIL2A_20241204T185659_N0511_R113_T10SFH_20241204T204216.SAFE", "s2:water_percentage": 4.010833, "s2:cloud_shadow_percentage": 0.0, "s2:high_proba_clouds_percentage": 0.0, "s2:datatake_id": "GS2B_20241204T185659_040465_N05.11", "s2:thin_cirrus_percentage": 0.00074, "s2:mean_solar_zenith": 61.909361329797797, "s2:granule_id": "S2B_OPER_MSI_L2A_TL_2BPS_20241204T204216_A040465_T10SFH_N05.11", "platform": "Sentinel-2B", "sat:relative_orbit": 113, "eo:cloud_cover": 0.001009, "s2:reflectance_conversion_factor": 1.02871767058948, "s2:datastrip_id": "S2B_OPER_MSI_L2A_DS_2BPS_20241204T204216_S20241204T185656_N05.11", "constellation": "Sentinel 2", "s2:datatake_type": "INS-NOBS", "s2:nodata_pixel_percentage": 0.0, "proj:code": "EPSG:32610", "s2:mgrs_tile": "10SFH", "s2:mean_solar_azimuth": 166.48490653242499, "s2:not_vegetated_percentage": 74.881774, "s2:generation_time": "2024-12-04T20:42:16.000000Z", "s2:saturated_defective_pixel_percentage": 0.0, "sat:orbit_state": "descending", "proj:bbox": "{600000.0, 4190220.0, 4300020.0, 709800.0}", "epsg": 32630, "spatial_ref": 0, "is_debris": 1.0, "nir_val": 0.045405663759111009, "re2_val": 0.085889570552147243, "swir1_val": 0.018264280460897273, "red_val": 0.019725557461406529, "FDI_val": 0.086179334965177989, "FDI": 0.086179334965177989, "longitude": -121.66846786688525, "latitude": 38.172999986788099, "location": "<a href=\"https://www.google.com/maps?q=38.1729999867881,-121.66846786688525\" target=\"_blank\">click me</a>" }, "geometry": { "type": "Point", "coordinates": [ -121.668467866885251, 38.172999986788099 ] } },
{ "type": "Feature", "properties": { "y": 13490615.185903797, "x": -4909513.0566082941, "time": "2024-12-04T18:56:59.024", "id": "S2B_MSIL2A_20241204T185659_R113_T10SFH_20241204T204216", "s2:product_type": "S2MSI2A", "s2:unclassified_percentage": 0.011178, "s2:medium_proba_clouds_percentage": 0.000269, "s2:processing_baseline": "05.11", "s2:snow_ice_percentage": 0.000163, "s2:degraded_msi_data_percentage": 0.0027, "instruments": "msi", "s2:vegetation_percentage": 19.817396, "s2:product_uri": "S2B_MSIL2A_20241204T185659_N0511_R113_T10SFH_20241204T204216.SAFE", "s2:water_percentage": 4.010833, "s2:cloud_shadow_percentage": 0.0, "s2:high_proba_clouds_percentage": 0.0, "s2:datatake_id": "GS2B_20241204T185659_040465_N05.11", "s2:thin_cirrus_percentage": 0.00074, "s2:mean_solar_zenith": 61.909361329797797, "s2:granule_id": "S2B_OPER_MSI_L2A_TL_2BPS_20241204T204216_A040465_T10SFH_N05.11", "platform": "Sentinel-2B", "sat:relative_orbit": 113, "eo:cloud_cover": 0.001009, "s2:reflectance_conversion_factor": 1.02871767058948, "s2:datastrip_id": "S2B_OPER_MSI_L2A_DS_2BPS_20241204T204216_S20241204T185656_N05.11", "constellation": "Sentinel 2", "s2:datatake_type": "INS-NOBS", "s2:nodata_pixel_percentage": 0.0, "proj:code": "EPSG:32610", "s2:mgrs_tile": "10SFH", "s2:mean_solar_azimuth": 166.48490653242499, "s2:not_vegetated_percentage": 74.881774, "s2:generation_time": "2024-12-04T20:42:16.000000Z", "s2:saturated_defective_pixel_percentage": 0.0, "sat:orbit_state": "descending", "proj:bbox": "{600000.0, 4190220.0, 4300020.0, 709800.0}", "epsg": 32630, "spatial_ref": 0, "is_debris": 1.0, "nir_val": 0.042537937626956623, "re2_val": 0.072783045175683209, "swir1_val": 0.012870801667075257, "red_val": 0.02101200686106347, "FDI_val": 0.08197147553088828, "FDI": 0.08197147553088828, "longitude": -121.66592334445374, "latitude": 38.174251539896581, "location": "<a href=\"https://www.google.com/maps?q=38.17425153989658,-121.66592334445374\" target=\"_blank\">click me</a>" }, "geometry": { "type": "Point", "coordinates": [ -121.665923344453745, 38.174251539896581 ] } },
{ "type": "Feature", "properties": { "y": 13490535.703925995, "x": -4909373.9386341199, "time": "2024-12-04T18:56:59.024", "id": "S2B_MSIL2A_20241204T185659_R113_T10SFH_20241204T204216", "s2:product_type": "S2MSI2A", "s2:unclassified_percentage": 0.011178, "s2:medium_proba_clouds_percentage": 0.000269, "s2:processing_baseline": "05.11", "s2:snow_ice_percentage": 0.000163, "s2:degraded_msi_data_percentage": 0.0027, "instruments": "msi", "s2:vegetation_percentage": 19.817396, "s2:product_uri": "S2B_MSIL2A_20241204T185659_N0511_R113_T10SFH_20241204T204216.SAFE", "s2:water_percentage": 4.010833, "s2:cloud_shadow_percentage": 0.0, "s2:high_proba_clouds_percentage": 0.0, "s2:datatake_id": "GS2B_20241204T185659_040465_N05.11", "s2:thin_cirrus_percentage": 0.00074, "s2:mean_solar_zenith": 61.909361329797797, "s2:granule_id": "S2B_OPER_MSI_L2A_TL_2BPS_20241204T204216_A040465_T10SFH_N05.11", "platform": "Sentinel-2B", "sat:relative_orbit": 113, "eo:cloud_cover": 0.001009, "s2:reflectance_conversion_factor": 1.02871767058948, "s2:datastrip_id": "S2B_OPER_MSI_L2A_DS_2BPS_20241204T204216_S20241204T185656_N05.11", "constellation": "Sentinel 2", "s2:datatake_type": "INS-NOBS", "s2:nodata_pixel_percentage": 0.0, "proj:code": "EPSG:32610", "s2:mgrs_tile": "10SFH", "s2:mean_solar_azimuth": 166.48490653242499, "s2:not_vegetated_percentage": 74.881774, "s2:generation_time": "2024-12-04T20:42:16.000000Z", "s2:saturated_defective_pixel_percentage": 0.0, "sat:orbit_state": "descending", "proj:bbox": "{600000.0, 4190220.0, 4300020.0, 709800.0}", "epsg": 32630, "spatial_ref": 0, "is_debris": 1.0, "nir_val": 0.023658740590273647, "re2_val": 0.085610708310094819, "swir1_val": 0.0094385878891885128, "red_val": 0.01490137221269297, "FDI_val": 0.080719622909812855, "FDI": 0.080719622909812855, "longitude": -121.66619079099567, "latitude": 38.175275768816405, "location": "<a href=\"https://www.google.com/maps?q=38.175275768816405,-121.66619079099567\" target=\"_blank\">click me</a>" }, "geometry": { "type": "Point", "coordinates": [ -121.666190790995671, 38.175275768816405 ] } },
{ "type": "Feature", "properties": { "y": 13490038.941564728, "x": -4909294.4426488774, "time": "2024-12-04T18:56:59.024", "id": "S2B_MSIL2A_20241204T185659_R113_T10SFH_20241204T204216", "s2:product_type": "S2MSI2A", "s2:unclassified_percentage": 0.011178, "s2:medium_proba_clouds_percentage": 0.000269, "s2:processing_baseline": "05.11", "s2:snow_ice_percentage": 0.000163, "s2:degraded_msi_data_percentage": 0.0027, "instruments": "msi", "s2:vegetation_percentage": 19.817396, "s2:product_uri": "S2B_MSIL2A_20241204T185659_N0511_R113_T10SFH_20241204T204216.SAFE", "s2:water_percentage": 4.010833, "s2:cloud_shadow_percentage": 0.0, "s2:high_proba_clouds_percentage": 0.0, "s2:datatake_id": "GS2B_20241204T185659_040465_N05.11", "s2:thin_cirrus_percentage": 0.00074, "s2:mean_solar_zenith": 61.909361329797797, "s2:granule_id": "S2B_OPER_MSI_L2A_TL_2BPS_20241204T204216_A040465_T10SFH_N05.11", "platform": "Sentinel-2B", "sat:relative_orbit": 113, "eo:cloud_cover": 0.001009, "s2:reflectance_conversion_factor": 1.02871767058948, "s2:datastrip_id": "S2B_OPER_MSI_L2A_DS_2BPS_20241204T204216_S20241204T185656_N05.11", "constellation": "Sentinel 2", "s2:datatake_type": "INS-NOBS", "s2:nodata_pixel_percentage": 0.0, "proj:code": "EPSG:32610", "s2:mgrs_tile": "10SFH", "s2:mean_solar_azimuth": 166.48490653242499, "s2:not_vegetated_percentage": 74.881774, "s2:generation_time": "2024-12-04T20:42:16.000000Z", "s2:saturated_defective_pixel_percentage": 0.0, "sat:orbit_state": "descending", "proj:bbox": "{600000.0, 4190220.0, 4300020.0, 709800.0}", "epsg": 32630, "spatial_ref": 0, "is_debris": 1.0, "nir_val": 0.10945154737722548, "re2_val": 0.12660345789180147, "swir1_val": 0.035670507477322852, "red_val": 0.037092624356775294, "FDI_val": 0.15316694899190775, "FDI": 0.15316694899190775, "longitude": -121.66354358642019, "latitude": 38.177808663164178, "location": "<a href=\"https://www.google.com/maps?q=38.17780866316418,-121.66354358642019\" target=\"_blank\">click me</a>" }, "geometry": { "type": "Point", "coordinates": [ -121.66354358642019, 38.177808663164178 ] } },
{ "type": "Feature", "properties": { "y": 13490038.941564728, "x": -4909254.6946562557, "time": "2024-12-04T18:56:59.024", "id": "S2B_MSIL2A_20241204T185659_R113_T10SFH_20241204T204216", "s2:product_type": "S2MSI2A", "s2:unclassified_percentage": 0.011178, "s2:medium_proba_clouds_percentage": 0.000269, "s2:processing_baseline": "05.11", "s2:snow_ice_percentage": 0.000163, "s2:degraded_msi_data_percentage": 0.0027, "instruments": "msi", "s2:vegetation_percentage": 19.817396, "s2:product_uri": "S2B_MSIL2A_20241204T185659_N0511_R113_T10SFH_20241204T204216.SAFE", "s2:water_percentage": 4.010833, "s2:cloud_shadow_percentage": 0.0, "s2:high_proba_clouds_percentage": 0.0, "s2:datatake_id": "GS2B_20241204T185659_040465_N05.11", "s2:thin_cirrus_percentage": 0.00074, "s2:mean_solar_zenith": 61.909361329797797, "s2:granule_id": "S2B_OPER_MSI_L2A_TL_2BPS_20241204T204216_A040465_T10SFH_N05.11", "platform": "Sentinel-2B", "sat:relative_orbit": 113, "eo:cloud_cover": 0.001009, "s2:reflectance_conversion_factor": 1.02871767058948, "s2:datastrip_id": "S2B_OPER_MSI_L2A_DS_2BPS_20241204T204216_S20241204T185656_N05.11", "constellation": "Sentinel 2", "s2:datatake_type": "INS-NOBS", "s2:nodata_pixel_percentage": 0.0, "proj:code": "EPSG:32610", "s2:mgrs_tile": "10SFH", "s2:mean_solar_azimuth": 166.48490653242499, "s2:not_vegetated_percentage": 74.881774, "s2:generation_time": "2024-12-04T20:42:16.000000Z", "s2:saturated_defective_pixel_percentage": 0.0, "sat:orbit_state": "descending", "proj:bbox": "{600000.0, 4190220.0, 4300020.0, 709800.0}", "epsg": 32630, "spatial_ref": 0, "is_debris": 1.0, "nir_val": 0.23264428247102401, "re2_val": 0.15295593976575572, "swir1_val": 0.043760725668055875, "red_val": 0.029695540308747853, "FDI_val": 0.28421271196762671, "FDI": 0.28421271196762671, "longitude": -121.66376086258829, "latitude": 38.17800332126027, "location": "<a href=\"https://www.google.com/maps?q=38.17800332126027,-121.66376086258829\" target=\"_blank\">click me</a>" }, "geometry": { "type": "Point", "coordinates": [ -121.66376086258829, 38.17800332126027 ] } },
{ "type": "Feature", "properties": { "y": 13489641.531675715, "x": -4909135.4506783923, "time": "2024-12-04T18:56:59.024", "id": "S2B_MSIL2A_20241204T185659_R113_T10SFH_20241204T204216", "s2:product_type": "S2MSI2A", "s2:unclassified_percentage": 0.011178, "s2:medium_proba_clouds_percentage": 0.000269, "s2:processing_baseline": "05.11", "s2:snow_ice_percentage": 0.000163, "s2:degraded_msi_data_percentage": 0.0027, "instruments": "msi", "s2:vegetation_percentage": 19.817396, "s2:product_uri": "S2B_MSIL2A_20241204T185659_N0511_R113_T10SFH_20241204T204216.SAFE", "s2:water_percentage": 4.010833, "s2:cloud_shadow_percentage": 0.0, "s2:high_proba_clouds_percentage": 0.0, "s2:datatake_id": "GS2B_20241204T185659_040465_N05.11", "s2:thin_cirrus_percentage": 0.00074, "s2:mean_solar_zenith": 61.909361329797797, "s2:granule_id": "S2B_OPER_MSI_L2A_TL_2BPS_20241204T204216_A040465_T10SFH_N05.11", "platform": "Sentinel-2B", "sat:relative_orbit": 113, "eo:cloud_cover": 0.001009, "s2:reflectance_conversion_factor": 1.02871767058948, "s2:datastrip_id": "S2B_OPER_MSI_L2A_DS_2BPS_20241204T204216_S20241204T185656_N05.11", "constellation": "Sentinel 2", "s2:datatake_type": "INS-NOBS", "s2:nodata_pixel_percentage": 0.0, "proj:code": "EPSG:32610", "s2:mgrs_tile": "10SFH", "s2:mean_solar_azimuth": 166.48490653242499, "s2:not_vegetated_percentage": 74.881774, "s2:generation_time": "2024-12-04T20:42:16.000000Z", "s2:saturated_defective_pixel_percentage": 0.0, "sat:orbit_state": "descending", "proj:bbox": "{600000.0, 4190220.0, 4300020.0, 709800.0}", "epsg": 32630, "spatial_ref": 0, "is_debris": 1.0, "nir_val": 0.046481061058668893, "re2_val": 0.089235917456776365, "swir1_val": 0.022309389556263784, "red_val": 0.026050600343053176, "FDI_val": 0.08259959268539227, "FDI": 0.08259959268539227, "longitude": -121.66194699562865, "latitude": 38.180302080853643, "location": "<a href=\"https://www.google.com/maps?q=38.18030208085364,-121.66194699562865\" target=\"_blank\">click me</a>" }, "geometry": { "type": "Point", "coordinates": [ -121.661946995628654, 38.180302080853643 ] } },
{ "type": "Feature", "properties": { "y": 13489542.179203462, "x": -4910486.8824275145, "time": "2024-12-04T18:56:59.024", "id": "S2B_MSIL2A_20241204T185659_R113_T10SFH_20241204T204216", "s2:product_type": "S2MSI2A", "s2:unclassified_percentage": 0.011178, "s2:medium_proba_clouds_percentage": 0.000269, "s2:processing_baseline": "05.11", "s2:snow_ice_percentage": 0.000163, "s2:degraded_msi_data_percentage": 0.0027, "instruments": "msi", "s2:vegetation_percentage": 19.817396, "s2:product_uri": "S2B_MSIL2A_20241204T185659_N0511_R113_T10SFH_20241204T204216.SAFE", "s2:water_percentage": 4.010833, "s2:cloud_shadow_percentage": 0.0, "s2:high_proba_clouds_percentage": 0.0, "s2:datatake_id": "GS2B_20241204T185659_040465_N05.11", "s2:thin_cirrus_percentage": 0.00074, "s2:mean_solar_zenith": 61.909361329797797, "s2:granule_id": "S2B_OPER_MSI_L2A_TL_2BPS_20241204T204216_A040465_T10SFH_N05.11", "platform": "Sentinel-2B", "sat:relative_orbit": 113, "eo:cloud_cover": 0.001009, "s2:reflectance_conversion_factor": 1.02871767058948, "s2:datastrip_id": "S2B_OPER_MSI_L2A_DS_2BPS_20241204T204216_S20241204T185656_N05.11", "constellation": "Sentinel 2", "s2:datatake_type": "INS-NOBS", "s2:nodata_pixel_percentage": 0.0, "proj:code": "EPSG:32610", "s2:mgrs_tile": "10SFH", "s2:mean_solar_azimuth": 166.48490653242499, "s2:not_vegetated_percentage": 74.881774, "s2:generation_time": "2024-12-04T20:42:16.000000Z", "s2:saturated_defective_pixel_percentage": 0.0, "sat:orbit_state": "descending", "proj:bbox": "{600000.0, 4190220.0, 4300020.0, 709800.0}", "epsg": 32630, "spatial_ref": 0, "is_debris": 1.0, "nir_val": 0.06344844067391564, "re2_val": 0.075571667596207481, "swir1_val": 0.016915910762441769, "red_val": 0.063464837049742706, "FDI_val": 0.097739936671110583, "FDI": 0.097739936671110583, "longitude": -121.65394461730466, "latitude": 38.174112067823302, "location": "<a href=\"https://www.google.com/maps?q=38.1741120678233,-121.65394461730466\" target=\"_blank\">click me</a>" }, "geometry": { "type": "Point", "coordinates": [ -121.65394461730466, 38.174112067823302 ] } },
{ "type": "Feature", "properties": { "y": 13489542.179203462, "x": -4910308.0164607195, "time": "2024-12-04T18:56:59.024", "id": "S2B_MSIL2A_20241204T185659_R113_T10SFH_20241204T204216", "s2:product_type": "S2MSI2A", "s2:unclassified_percentage": 0.011178, "s2:medium_proba_clouds_percentage": 0.000269, "s2:processing_baseline": "05.11", "s2:snow_ice_percentage": 0.000163, "s2:degraded_msi_data_percentage": 0.0027, "instruments": "msi", "s2:vegetation_percentage": 19.817396, "s2:product_uri": "S2B_MSIL2A_20241204T185659_N0511_R113_T10SFH_20241204T204216.SAFE", "s2:water_percentage": 4.010833, "s2:cloud_shadow_percentage": 0.0, "s2:high_proba_clouds_percentage": 0.0, "s2:datatake_id": "GS2B_20241204T185659_040465_N05.11", "s2:thin_cirrus_percentage": 0.00074, "s2:mean_solar_zenith": 61.909361329797797, "s2:granule_id": "S2B_OPER_MSI_L2A_TL_2BPS_20241204T204216_A040465_T10SFH_N05.11", "platform": "Sentinel-2B", "sat:relative_orbit": 113, "eo:cloud_cover": 0.001009, "s2:reflectance_conversion_factor": 1.02871767058948, "s2:datastrip_id": "S2B_OPER_MSI_L2A_DS_2BPS_20241204T204216_S20241204T185656_N05.11", "constellation": "Sentinel 2", "s2:datatake_type": "INS-NOBS", "s2:nodata_pixel_percentage": 0.0, "proj:code": "EPSG:32610", "s2:mgrs_tile": "10SFH", "s2:mean_solar_azimuth": 166.48490653242499, "s2:not_vegetated_percentage": 74.881774, "s2:generation_time": "2024-12-04T20:42:16.000000Z", "s2:saturated_defective_pixel_percentage": 0.0, "sat:orbit_state": "descending", "proj:bbox": "{600000.0, 4190220.0, 4300020.0, 709800.0}", "epsg": 32630, "spatial_ref": 0, "is_debris": 1.0, "nir_val": 0.14732943003943125, "re2_val": 0.13259899609592862, "swir1_val": 0.036896298112282414, "red_val": 0.041166380789022294, "FDI_val": 0.19398310635731614, "FDI": 0.19398310635731614, "longitude": -121.6549220263424, "latitude": 38.174988042529996, "location": "<a href=\"https://www.google.com/maps?q=38.174988042529996,-121.6549220263424\" target=\"_blank\">click me</a>" }, "geometry": { "type": "Point", "coordinates": [ -121.654922026342405, 38.174988042529996 ] } },
{ "type": "Feature", "properties": { "y": 13489522.30870901, "x": -4908539.2307890728, "time": "2024-12-04T18:56:59.024", "id": "S2B_MSIL2A_20241204T185659_R113_T10SFH_20241204T204216", "s2:product_type": "S2MSI2A", "s2:unclassified_percentage": 0.011178, "s2:medium_proba_clouds_percentage": 0.000269, "s2:processing_baseline": "05.11", "s2:snow_ice_percentage": 0.000163, "s2:degraded_msi_data_percentage": 0.0027, "instruments": "msi", "s2:vegetation_percentage": 19.817396, "s2:product_uri": "S2B_MSIL2A_20241204T185659_N0511_R113_T10SFH_20241204T204216.SAFE", "s2:water_percentage": 4.010833, "s2:cloud_shadow_percentage": 0.0, "s2:high_proba_clouds_percentage": 0.0, "s2:datatake_id": "GS2B_20241204T185659_040465_N05.11", "s2:thin_cirrus_percentage": 0.00074, "s2:mean_solar_zenith": 61.909361329797797, "s2:granule_id": "S2B_OPER_MSI_L2A_TL_2BPS_20241204T204216_A040465_T10SFH_N05.11", "platform": "Sentinel-2B", "sat:relative_orbit": 113, "eo:cloud_cover": 0.001009, "s2:reflectance_conversion_factor": 1.02871767058948, "s2:datastrip_id": "S2B_OPER_MSI_L2A_DS_2BPS_20241204T204216_S20241204T185656_N05.11", "constellation": "Sentinel 2", "s2:datatake_type": "INS-NOBS", "s2:nodata_pixel_percentage": 0.0, "proj:code": "EPSG:32610", "s2:mgrs_tile": "10SFH", "s2:mean_solar_azimuth": 166.48490653242499, "s2:not_vegetated_percentage": 74.881774, "s2:generation_time": "2024-12-04T20:42:16.000000Z", "s2:saturated_defective_pixel_percentage": 0.0, "sat:orbit_state": "descending", "proj:bbox": "{600000.0, 4190220.0, 4300020.0, 709800.0}", "epsg": 32630, "spatial_ref": 0, "is_debris": 1.0, "nir_val": 0.056996056876568307, "re2_val": 0.10443390964863358, "swir1_val": 0.029418975239029158, "red_val": 0.041595197255574617, "FDI_val": 0.093066310090368393, "FDI": 0.093066310090368393, "longitude": -121.66446649669638, "latitude": 38.1837366627582, "location": "<a href=\"https://www.google.com/maps?q=38.1837366627582,-121.66446649669638\" target=\"_blank\">click me</a>" }, "geometry": { "type": "Point", "coordinates": [ -121.664466496696377, 38.1837366627582 ] } },
{ "type": "Feature", "properties": { "y": 13489502.438214559, "x": -4910347.7644533403, "time": "2024-12-04T18:56:59.024", "id": "S2B_MSIL2A_20241204T185659_R113_T10SFH_20241204T204216", "s2:product_type": "S2MSI2A", "s2:unclassified_percentage": 0.011178, "s2:medium_proba_clouds_percentage": 0.000269, "s2:processing_baseline": "05.11", "s2:snow_ice_percentage": 0.000163, "s2:degraded_msi_data_percentage": 0.0027, "instruments": "msi", "s2:vegetation_percentage": 19.817396, "s2:product_uri": "S2B_MSIL2A_20241204T185659_N0511_R113_T10SFH_20241204T204216.SAFE", "s2:water_percentage": 4.010833, "s2:cloud_shadow_percentage": 0.0, "s2:high_proba_clouds_percentage": 0.0, "s2:datatake_id": "GS2B_20241204T185659_040465_N05.11", "s2:thin_cirrus_percentage": 0.00074, "s2:mean_solar_zenith": 61.909361329797797, "s2:granule_id": "S2B_OPER_MSI_L2A_TL_2BPS_20241204T204216_A040465_T10SFH_N05.11", "platform": "Sentinel-2B", "sat:relative_orbit": 113, "eo:cloud_cover": 0.001009, "s2:reflectance_conversion_factor": 1.02871767058948, "s2:datastrip_id": "S2B_OPER_MSI_L2A_DS_2BPS_20241204T204216_S20241204T185656_N05.11", "constellation": "Sentinel 2", "s2:datatake_type": "INS-NOBS", "s2:nodata_pixel_percentage": 0.0, "proj:code": "EPSG:32610", "s2:mgrs_tile": "10SFH", "s2:mean_solar_azimuth": 166.48490653242499, "s2:not_vegetated_percentage": 74.881774, "s2:generation_time": "2024-12-04T20:42:16.000000Z", "s2:saturated_defective_pixel_percentage": 0.0, "sat:orbit_state": "descending", "proj:bbox": "{600000.0, 4190220.0, 4300020.0, 709800.0}", "epsg": 32630, "spatial_ref": 0, "is_debris": 1.0, "nir_val": 0.060341737364081743, "re2_val": 0.090769659788064699, "swir1_val": 0.02966413336602107, "red_val": 0.036020583190394528, "FDI_val": 0.084023698493495572, "FDI": 0.084023698493495572, "longitude": -121.65445826970009, "latitude": 38.174964811861422, "location": "<a href=\"https://www.google.com/maps?q=38.17496481186142,-121.65445826970009\" target=\"_blank\">click me</a>" }, "geometry": { "type": "Point", "coordinates": [ -121.654458269700086, 38.174964811861422 ] } },
{ "type": "Feature", "properties": { "y": 13489462.697225658, "x": -4910447.1344348937, "time": "2024-12-04T18:56:59.024", "id": "S2B_MSIL2A_20241204T185659_R113_T10SFH_20241204T204216", "s2:product_type": "S2MSI2A", "s2:unclassified_percentage": 0.011178, "s2:medium_proba_clouds_percentage": 0.000269, "s2:processing_baseline": "05.11", "s2:snow_ice_percentage": 0.000163, "s2:degraded_msi_data_percentage": 0.0027, "instruments": "msi", "s2:vegetation_percentage": 19.817396, "s2:product_uri": "S2B_MSIL2A_20241204T185659_N0511_R113_T10SFH_20241204T204216.SAFE", "s2:water_percentage": 4.010833, "s2:cloud_shadow_percentage": 0.0, "s2:high_proba_clouds_percentage": 0.0, "s2:datatake_id": "GS2B_20241204T185659_040465_N05.11", "s2:thin_cirrus_percentage": 0.00074, "s2:mean_solar_zenith": 61.909361329797797, "s2:granule_id": "S2B_OPER_MSI_L2A_TL_2BPS_20241204T204216_A040465_T10SFH_N05.11", "platform": "Sentinel-2B", "sat:relative_orbit": 113, "eo:cloud_cover": 0.001009, "s2:reflectance_conversion_factor": 1.02871767058948, "s2:datastrip_id": "S2B_OPER_MSI_L2A_DS_2BPS_20241204T204216_S20241204T185656_N05.11", "constellation": "Sentinel 2", "s2:datatake_type": "INS-NOBS", "s2:nodata_pixel_percentage": 0.0, "proj:code": "EPSG:32610", "s2:mgrs_tile": "10SFH", "s2:mean_solar_azimuth": 166.48490653242499, "s2:not_vegetated_percentage": 74.881774, "s2:generation_time": "2024-12-04T20:42:16.000000Z", "s2:saturated_defective_pixel_percentage": 0.0, "sat:orbit_state": "descending", "proj:bbox": "{600000.0, 4190220.0, 4300020.0, 709800.0}", "epsg": 32630, "spatial_ref": 0, "is_debris": 1.0, "nir_val": 0.062731509140877051, "re2_val": 0.13608477412158396, "swir1_val": 0.04143172346163275, "red_val": 0.038379073756432264, "FDI_val": 0.10393340133475723, "FDI": 0.10393340133475723, "longitude": -121.65366871761465, "latitude": 38.174649583055192, "location": "<a href=\"https://www.google.com/maps?q=38.17464958305519,-121.65366871761465\" target=\"_blank\">click me</a>" }, "geometry": { "type": "Point", "coordinates": [ -121.65366871761465, 38.174649583055192 ] } },
{ "type": "Feature", "properties": { "y": 13489462.697225658, "x": -4908519.3567927619, "time": "2024-12-04T18:56:59.024", "id": "S2B_MSIL2A_20241204T185659_R113_T10SFH_20241204T204216", "s2:product_type": "S2MSI2A", "s2:unclassified_percentage": 0.011178, "s2:medium_proba_clouds_percentage": 0.000269, "s2:processing_baseline": "05.11", "s2:snow_ice_percentage": 0.000163, "s2:degraded_msi_data_percentage": 0.0027, "instruments": "msi", "s2:vegetation_percentage": 19.817396, "s2:product_uri": "S2B_MSIL2A_20241204T185659_N0511_R113_T10SFH_20241204T204216.SAFE", "s2:water_percentage": 4.010833, "s2:cloud_shadow_percentage": 0.0, "s2:high_proba_clouds_percentage": 0.0, "s2:datatake_id": "GS2B_20241204T185659_040465_N05.11", "s2:thin_cirrus_percentage": 0.00074, "s2:mean_solar_zenith": 61.909361329797797, "s2:granule_id": "S2B_OPER_MSI_L2A_TL_2BPS_20241204T204216_A040465_T10SFH_N05.11", "platform": "Sentinel-2B", "sat:relative_orbit": 113, "eo:cloud_cover": 0.001009, "s2:reflectance_conversion_factor": 1.02871767058948, "s2:datastrip_id": "S2B_OPER_MSI_L2A_DS_2BPS_20241204T204216_S20241204T185656_N05.11", "constellation": "Sentinel 2", "s2:datatake_type": "INS-NOBS", "s2:nodata_pixel_percentage": 0.0, "proj:code": "EPSG:32610", "s2:mgrs_tile": "10SFH", "s2:mean_solar_azimuth": 166.48490653242499, "s2:not_vegetated_percentage": 74.881774, "s2:generation_time": "2024-12-04T20:42:16.000000Z", "s2:saturated_defective_pixel_percentage": 0.0, "sat:orbit_state": "descending", "proj:bbox": "{600000.0, 4190220.0, 4300020.0, 709800.0}", "epsg": 32630, "spatial_ref": 0, "is_debris": 1.0, "nir_val": 0.12343171227147809, "re2_val": 0.12255995538204129, "swir1_val": 0.035915665604314764, "red_val": 0.039022298456260734, "FDI_val": 0.1631578869493055, "FDI": 0.1631578869493055, "longitude": -121.66420523504574, "latitude": 38.184091230861938, "location": "<a href=\"https://www.google.com/maps?q=38.18409123086194,-121.66420523504574\" target=\"_blank\">click me</a>" }, "geometry": { "type": "Point", "coordinates": [ -121.664205235045742, 38.184091230861938 ] } },
{ "type": "Feature", "properties": { "y": 13489403.085742306, "x": -4910506.7564238254, "time": "2024-12-04T18:56:59.024", "id": "S2B_MSIL2A_20241204T185659_R113_T10SFH_20241204T204216", "s2:product_type": "S2MSI2A", "s2:unclassified_percentage": 0.011178, "s2:medium_proba_clouds_percentage": 0.000269, "s2:processing_baseline": "05.11", "s2:snow_ice_percentage": 0.000163, "s2:degraded_msi_data_percentage": 0.0027, "instruments": "msi", "s2:vegetation_percentage": 19.817396, "s2:product_uri": "S2B_MSIL2A_20241204T185659_N0511_R113_T10SFH_20241204T204216.SAFE", "s2:water_percentage": 4.010833, "s2:cloud_shadow_percentage": 0.0, "s2:high_proba_clouds_percentage": 0.0, "s2:datatake_id": "GS2B_20241204T185659_040465_N05.11", "s2:thin_cirrus_percentage": 0.00074, "s2:mean_solar_zenith": 61.909361329797797, "s2:granule_id": "S2B_OPER_MSI_L2A_TL_2BPS_20241204T204216_A040465_T10SFH_N05.11", "platform": "Sentinel-2B", "sat:relative_orbit": 113, "eo:cloud_cover": 0.001009, "s2:reflectance_conversion_factor": 1.02871767058948, "s2:datastrip_id": "S2B_OPER_MSI_L2A_DS_2BPS_20241204T204216_S20241204T185656_N05.11", "constellation": "Sentinel 2", "s2:datatake_type": "INS-NOBS", "s2:nodata_pixel_percentage": 0.0, "proj:code": "EPSG:32610", "s2:mgrs_tile": "10SFH", "s2:mean_solar_azimuth": 166.48490653242499, "s2:not_vegetated_percentage": 74.881774, "s2:generation_time": "2024-12-04T20:42:16.000000Z", "s2:saturated_defective_pixel_percentage": 0.0, "sat:orbit_state": "descending", "proj:bbox": "{600000.0, 4190220.0, 4300020.0, 709800.0}", "epsg": 32630, "spatial_ref": 0, "is_debris": 1.0, "nir_val": 0.068705938582865334, "re2_val": 0.098577802565532641, "swir1_val": 0.036896298112282414, "red_val": 0.037950257289879941, "FDI_val": 0.085658572929769611, "FDI": 0.085658572929769611, "longitude": -121.65297309816211, "latitude": 38.174614724143694, "location": "<a href=\"https://www.google.com/maps?q=38.174614724143694,-121.65297309816211\" target=\"_blank\">click me</a>" }, "geometry": { "type": "Point", "coordinates": [ -121.652973098162107, 38.174614724143694 ] } },
{ "type": "Feature", "properties": { "y": 13489303.733270053, "x": -4908479.6088001411, "time": "2024-12-04T18:56:59.024", "id": "S2B_MSIL2A_20241204T185659_R113_T10SFH_20241204T204216", "s2:product_type": "S2MSI2A", "s2:unclassified_percentage": 0.011178, "s2:medium_proba_clouds_percentage": 0.000269, "s2:processing_baseline": "05.11", "s2:snow_ice_percentage": 0.000163, "s2:degraded_msi_data_percentage": 0.0027, "instruments": "msi", "s2:vegetation_percentage": 19.817396, "s2:product_uri": "S2B_MSIL2A_20241204T185659_N0511_R113_T10SFH_20241204T204216.SAFE", "s2:water_percentage": 4.010833, "s2:cloud_shadow_percentage": 0.0, "s2:high_proba_clouds_percentage": 0.0, "s2:datatake_id": "GS2B_20241204T185659_040465_N05.11", "s2:thin_cirrus_percentage": 0.00074, "s2:mean_solar_zenith": 61.909361329797797, "s2:granule_id": "S2B_OPER_MSI_L2A_TL_2BPS_20241204T204216_A040465_T10SFH_N05.11", "platform": "Sentinel-2B", "sat:relative_orbit": 113, "eo:cloud_cover": 0.001009, "s2:reflectance_conversion_factor": 1.02871767058948, "s2:datastrip_id": "S2B_OPER_MSI_L2A_DS_2BPS_20241204T204216_S20241204T185656_N05.11", "constellation": "Sentinel 2", "s2:datatake_type": "INS-NOBS", "s2:nodata_pixel_percentage": 0.0, "proj:code": "EPSG:32610", "s2:mgrs_tile": "10SFH", "s2:mean_solar_azimuth": 166.48490653242499, "s2:not_vegetated_percentage": 74.881774, "s2:generation_time": "2024-12-04T20:42:16.000000Z", "s2:saturated_defective_pixel_percentage": 0.0, "sat:orbit_state": "descending", "proj:bbox": "{600000.0, 4190220.0, 4300020.0, 709800.0}", "epsg": 32630, "spatial_ref": 0, "is_debris": 1.0, "nir_val": 0.060102760186402204, "re2_val": 0.1353876185164529, "swir1_val": 0.046825202255454765, "red_val": 0.042024013722126941, "FDI_val": 0.090593953079437878, "FDI": 0.090593953079437878, "longitude": -121.66343607595823, "latitude": 38.184971843950137, "location": "<a href=\"https://www.google.com/maps?q=38.18497184395014,-121.66343607595823\" target=\"_blank\">click me</a>" }, "geometry": { "type": "Point", "coordinates": [ -121.663436075958231, 38.184971843950137 ] } },
{ "type": "Feature", "properties": { "y": 13489283.862775603, "x": -4910685.6223906213, "time": "2024-12-04T18:56:59.024", "id": "S2B_MSIL2A_20241204T185659_R113_T10SFH_20241204T204216", "s2:product_type": "S2MSI2A", "s2:unclassified_percentage": 0.011178, "s2:medium_proba_clouds_percentage": 0.000269, "s2:processing_baseline": "05.11", "s2:snow_ice_percentage": 0.000163, "s2:degraded_msi_data_percentage": 0.0027, "instruments": "msi", "s2:vegetation_percentage": 19.817396, "s2:product_uri": "S2B_MSIL2A_20241204T185659_N0511_R113_T10SFH_20241204T204216.SAFE", "s2:water_percentage": 4.010833, "s2:cloud_shadow_percentage": 0.0, "s2:high_proba_clouds_percentage": 0.0, "s2:datatake_id": "GS2B_20241204T185659_040465_N05.11", "s2:thin_cirrus_percentage": 0.00074, "s2:mean_solar_zenith": 61.909361329797797, "s2:granule_id": "S2B_OPER_MSI_L2A_TL_2BPS_20241204T204216_A040465_T10SFH_N05.11", "platform": "Sentinel-2B", "sat:relative_orbit": 113, "eo:cloud_cover": 0.001009, "s2:reflectance_conversion_factor": 1.02871767058948, "s2:datastrip_id": "S2B_OPER_MSI_L2A_DS_2BPS_20241204T204216_S20241204T185656_N05.11", "constellation": "Sentinel 2", "s2:datatake_type": "INS-NOBS", "s2:nodata_pixel_percentage": 0.0, "proj:code": "EPSG:32610", "s2:mgrs_tile": "10SFH", "s2:mean_solar_azimuth": 166.48490653242499, "s2:not_vegetated_percentage": 74.881774, "s2:generation_time": "2024-12-04T20:42:16.000000Z", "s2:saturated_defective_pixel_percentage": 0.0, "sat:orbit_state": "descending", "proj:bbox": "{600000.0, 4190220.0, 4300020.0, 709800.0}", "epsg": 32630, "spatial_ref": 0, "is_debris": 1.0, "nir_val": 0.088063089974907388, "re2_val": 0.12479085331846068, "swir1_val": 0.039715616572689363, "red_val": 0.03945111492281303, "FDI_val": 0.12261950548185965, "FDI": 0.12261950548185965, "longitude": -121.65125610455915, "latitude": 38.174252984903099, "location": "<a href=\"https://www.google.com/maps?q=38.1742529849031,-121.65125610455915\" target=\"_blank\">click me</a>" }, "geometry": { "type": "Point", "coordinates": [ -121.651256104559153, 38.174252984903099 ] } },
{ "type": "Feature", "properties": { "y": 13489085.157831095, "x": -4908419.9868112095, "time": "2024-12-04T18:56:59.024", "id": "S2B_MSIL2A_20241204T185659_R113_T10SFH_20241204T204216", "s2:product_type": "S2MSI2A", "s2:unclassified_percentage": 0.011178, "s2:medium_proba_clouds_percentage": 0.000269, "s2:processing_baseline": "05.11", "s2:snow_ice_percentage": 0.000163, "s2:degraded_msi_data_percentage": 0.0027, "instruments": "msi", "s2:vegetation_percentage": 19.817396, "s2:product_uri": "S2B_MSIL2A_20241204T185659_N0511_R113_T10SFH_20241204T204216.SAFE", "s2:water_percentage": 4.010833, "s2:cloud_shadow_percentage": 0.0, "s2:high_proba_clouds_percentage": 0.0, "s2:datatake_id": "GS2B_20241204T185659_040465_N05.11", "s2:thin_cirrus_percentage": 0.00074, "s2:mean_solar_zenith": 61.909361329797797, "s2:granule_id": "S2B_OPER_MSI_L2A_TL_2BPS_20241204T204216_A040465_T10SFH_N05.11", "platform": "Sentinel-2B", "sat:relative_orbit": 113, "eo:cloud_cover": 0.001009, "s2:reflectance_conversion_factor": 1.02871767058948, "s2:datastrip_id": "S2B_OPER_MSI_L2A_DS_2BPS_20241204T204216_S20241204T185656_N05.11", "constellation": "Sentinel 2", "s2:datatake_type": "INS-NOBS", "s2:nodata_pixel_percentage": 0.0, "proj:code": "EPSG:32610", "s2:mgrs_tile": "10SFH", "s2:mean_solar_azimuth": 166.48490653242499, "s2:not_vegetated_percentage": 74.881774, "s2:generation_time": "2024-12-04T20:42:16.000000Z", "s2:saturated_defective_pixel_percentage": 0.0, "sat:orbit_state": "descending", "proj:bbox": "{600000.0, 4190220.0, 4300020.0, 709800.0}", "epsg": 32630, "spatial_ref": 0, "is_debris": 1.0, "nir_val": 0.080893774644521466, "re2_val": 0.10164528722810934, "swir1_val": 0.036896298112282414, "red_val": 0.043096054888507734, "FDI_val": 0.10052437179208794, "FDI": 0.10052437179208794, "longitude": -121.66240557677881, "latitude": 38.186207004802576, "location": "<a href=\"https://www.google.com/maps?q=38.186207004802576,-121.66240557677881\" target=\"_blank\">click me</a>" }, "geometry": { "type": "Point", "coordinates": [ -121.662405576778809, 38.186207004802576 ] } },
{ "type": "Feature", "properties": { "y": 13489045.416842194, "x": -4909115.5766820814, "time": "2024-12-04T18:56:59.024", "id": "S2B_MSIL2A_20241204T185659_R113_T10SFH_20241204T204216", "s2:product_type": "S2MSI2A", "s2:unclassified_percentage": 0.011178, "s2:medium_proba_clouds_percentage": 0.000269, "s2:processing_baseline": "05.11", "s2:snow_ice_percentage": 0.000163, "s2:degraded_msi_data_percentage": 0.0027, "instruments": "msi", "s2:vegetation_percentage": 19.817396, "s2:product_uri": "S2B_MSIL2A_20241204T185659_N0511_R113_T10SFH_20241204T204216.SAFE", "s2:water_percentage": 4.010833, "s2:cloud_shadow_percentage": 0.0, "s2:high_proba_clouds_percentage": 0.0, "s2:datatake_id": "GS2B_20241204T185659_040465_N05.11", "s2:thin_cirrus_percentage": 0.00074, "s2:mean_solar_zenith": 61.909361329797797, "s2:granule_id": "S2B_OPER_MSI_L2A_TL_2BPS_20241204T204216_A040465_T10SFH_N05.11", "platform": "Sentinel-2B", "sat:relative_orbit": 113, "eo:cloud_cover": 0.001009, "s2:reflectance_conversion_factor": 1.02871767058948, "s2:datastrip_id": "S2B_OPER_MSI_L2A_DS_2BPS_20241204T204216_S20241204T185656_N05.11", "constellation": "Sentinel 2", "s2:datatake_type": "INS-NOBS", "s2:nodata_pixel_percentage": 0.0, "proj:code": "EPSG:32610", "s2:mgrs_tile": "10SFH", "s2:mean_solar_azimuth": 166.48490653242499, "s2:not_vegetated_percentage": 74.881774, "s2:generation_time": "2024-12-04T20:42:16.000000Z", "s2:saturated_defective_pixel_percentage": 0.0, "sat:orbit_state": "descending", "proj:bbox": "{600000.0, 4190220.0, 4300020.0, 709800.0}", "epsg": 32630, "spatial_ref": 0, "is_debris": 1.0, "nir_val": 0.27398733420958299, "re2_val": 0.22587841606246517, "swir1_val": 0.047192939445942619, "red_val": 0.042988850771869647, "FDI_val": 0.38278965212727112, "FDI": 0.38278965212727112, "longitude": -121.65835666794369, "latitude": 38.182971345954712, "location": "<a href=\"https://www.google.com/maps?q=38.18297134595471,-121.65835666794369\" target=\"_blank\">click me</a>" }, "geometry": { "type": "Point", "coordinates": [ -121.658356667943693, 38.182971345954712 ] } },
{ "type": "Feature", "properties": { "y": 13488946.064369941, "x": -4909095.7026857706, "time": "2024-12-04T18:56:59.024", "id": "S2B_MSIL2A_20241204T185659_R113_T10SFH_20241204T204216", "s2:product_type": "S2MSI2A", "s2:unclassified_percentage": 0.011178, "s2:medium_proba_clouds_percentage": 0.000269, "s2:processing_baseline": "05.11", "s2:snow_ice_percentage": 0.000163, "s2:degraded_msi_data_percentage": 0.0027, "instruments": "msi", "s2:vegetation_percentage": 19.817396, "s2:product_uri": "S2B_MSIL2A_20241204T185659_N0511_R113_T10SFH_20241204T204216.SAFE", "s2:water_percentage": 4.010833, "s2:cloud_shadow_percentage": 0.0, "s2:high_proba_clouds_percentage": 0.0, "s2:datatake_id": "GS2B_20241204T185659_040465_N05.11", "s2:thin_cirrus_percentage": 0.00074, "s2:mean_solar_zenith": 61.909361329797797, "s2:granule_id": "S2B_OPER_MSI_L2A_TL_2BPS_20241204T204216_A040465_T10SFH_N05.11", "platform": "Sentinel-2B", "sat:relative_orbit": 113, "eo:cloud_cover": 0.001009, "s2:reflectance_conversion_factor": 1.02871767058948, "s2:datastrip_id": "S2B_OPER_MSI_L2A_DS_2BPS_20241204T204216_S20241204T185656_N05.11", "constellation": "Sentinel 2", "s2:datatake_type": "INS-NOBS", "s2:nodata_pixel_percentage": 0.0, "proj:code": "EPSG:32610", "s2:mgrs_tile": "10SFH", "s2:mean_solar_azimuth": 166.48490653242499, "s2:not_vegetated_percentage": 74.881774, "s2:generation_time": "2024-12-04T20:42:16.000000Z", "s2:saturated_defective_pixel_percentage": 0.0, "sat:orbit_state": "descending", "proj:bbox": "{600000.0, 4190220.0, 4300020.0, 709800.0}", "epsg": 32630, "spatial_ref": 0, "is_debris": 1.0, "nir_val": 0.25869279483809293, "re2_val": 0.2307585052983826, "swir1_val": 0.10799215493993623, "red_val": 0.082118353344768441, "FDI_val": 0.25787761243330826, "FDI": 0.25787761243330826, "longitude": -121.65784875422493, "latitude": 38.183497317554057, "location": "<a href=\"https://www.google.com/maps?q=38.18349731755406,-121.65784875422493\" target=\"_blank\">click me</a>" }, "geometry": { "type": "Point", "coordinates": [ -121.657848754224929, 38.183497317554057 ] } },
{ "type": "Feature", "properties": { "y": 13488946.064369941, "x": -4908360.3648222769, "time": "2024-12-04T18:56:59.024", "id": "S2B_MSIL2A_20241204T185659_R113_T10SFH_20241204T204216", "s2:product_type": "S2MSI2A", "s2:unclassified_percentage": 0.011178, "s2:medium_proba_clouds_percentage": 0.000269, "s2:processing_baseline": "05.11", "s2:snow_ice_percentage": 0.000163, "s2:degraded_msi_data_percentage": 0.0027, "instruments": "msi", "s2:vegetation_percentage": 19.817396, "s2:product_uri": "S2B_MSIL2A_20241204T185659_N0511_R113_T10SFH_20241204T204216.SAFE", "s2:water_percentage": 4.010833, "s2:cloud_shadow_percentage": 0.0, "s2:high_proba_clouds_percentage": 0.0, "s2:datatake_id": "GS2B_20241204T185659_040465_N05.11", "s2:thin_cirrus_percentage": 0.00074, "s2:mean_solar_zenith": 61.909361329797797, "s2:granule_id": "S2B_OPER_MSI_L2A_TL_2BPS_20241204T204216_A040465_T10SFH_N05.11", "platform": "Sentinel-2B", "sat:relative_orbit": 113, "eo:cloud_cover": 0.001009, "s2:reflectance_conversion_factor": 1.02871767058948, "s2:datastrip_id": "S2B_OPER_MSI_L2A_DS_2BPS_20241204T204216_S20241204T185656_N05.11", "constellation": "Sentinel 2", "s2:datatake_type": "INS-NOBS", "s2:nodata_pixel_percentage": 0.0, "proj:code": "EPSG:32610", "s2:mgrs_tile": "10SFH", "s2:mean_solar_azimuth": 166.48490653242499, "s2:not_vegetated_percentage": 74.881774, "s2:generation_time": "2024-12-04T20:42:16.000000Z", "s2:saturated_defective_pixel_percentage": 0.0, "sat:orbit_state": "descending", "proj:bbox": "{600000.0, 4190220.0, 4300020.0, 709800.0}", "epsg": 32630, "spatial_ref": 0, "is_debris": 1.0, "nir_val": 0.11052694467678337, "re2_val": 0.10499163413273843, "swir1_val": 0.042780093160088253, "red_val": 0.051136363636363646, "FDI_val": 0.12205851427059604, "FDI": 0.12205851427059604, "longitude": -121.66186828598352, "latitude": 38.187099205914521, "location": "<a href=\"https://www.google.com/maps?q=38.18709920591452,-121.66186828598352\" target=\"_blank\">click me</a>" }, "geometry": { "type": "Point", "coordinates": [ -121.661868285983516, 38.187099205914521 ] } },
{ "type": "Feature", "properties": { "y": 13488906.32338104, "x": -4909214.9466636349, "time": "2024-12-04T18:56:59.024", "id": "S2B_MSIL2A_20241204T185659_R113_T10SFH_20241204T204216", "s2:product_type": "S2MSI2A", "s2:unclassified_percentage": 0.011178, "s2:medium_proba_clouds_percentage": 0.000269, "s2:processing_baseline": "05.11", "s2:snow_ice_percentage": 0.000163, "s2:degraded_msi_data_percentage": 0.0027, "instruments": "msi", "s2:vegetation_percentage": 19.817396, "s2:product_uri": "S2B_MSIL2A_20241204T185659_N0511_R113_T10SFH_20241204T204216.SAFE", "s2:water_percentage": 4.010833, "s2:cloud_shadow_percentage": 0.0, "s2:high_proba_clouds_percentage": 0.0, "s2:datatake_id": "GS2B_20241204T185659_040465_N05.11", "s2:thin_cirrus_percentage": 0.00074, "s2:mean_solar_zenith": 61.909361329797797, "s2:granule_id": "S2B_OPER_MSI_L2A_TL_2BPS_20241204T204216_A040465_T10SFH_N05.11", "platform": "Sentinel-2B", "sat:relative_orbit": 113, "eo:cloud_cover": 0.001009, "s2:reflectance_conversion_factor": 1.02871767058948, "s2:datastrip_id": "S2B_OPER_MSI_L2A_DS_2BPS_20241204T204216_S20241204T185656_N05.11", "constellation": "Sentinel 2", "s2:datatake_type": "INS-NOBS", "s2:nodata_pixel_percentage": 0.0, "proj:code": "EPSG:32610", "s2:mgrs_tile": "10SFH", "s2:mean_solar_azimuth": 166.48490653242499, "s2:not_vegetated_percentage": 74.881774, "s2:generation_time": "2024-12-04T20:42:16.000000Z", "s2:saturated_defective_pixel_percentage": 0.0, "sat:orbit_state": "descending", "proj:bbox": "{600000.0, 4190220.0, 4300020.0, 709800.0}", "epsg": 32630, "spatial_ref": 0, "is_debris": 1.0, "nir_val": 0.075397299557892233, "re2_val": 0.11015058561070831, "swir1_val": 0.042657514096592283, "red_val": 0.038807890222984559, "FDI_val": 0.091662308211718696, "FDI": 0.091662308211718696, "longitude": -121.6569503892617, "latitude": 38.183084685940408, "location": "<a href=\"https://www.google.com/maps?q=38.18308468594041,-121.6569503892617\" target=\"_blank\">click me</a>" }, "geometry": { "type": "Point", "coordinates": [ -121.656950389261695, 38.183084685940408 ] } },
{ "type": "Feature", "properties": { "y": 13488826.841403237, "x": -4908618.7267743153, "time": "2024-12-04T18:56:59.024", "id": "S2B_MSIL2A_20241204T185659_R113_T10SFH_20241204T204216", "s2:product_type": "S2MSI2A", "s2:unclassified_percentage": 0.011178, "s2:medium_proba_clouds_percentage": 0.000269, "s2:processing_baseline": "05.11", "s2:snow_ice_percentage": 0.000163, "s2:degraded_msi_data_percentage": 0.0027, "instruments": "msi", "s2:vegetation_percentage": 19.817396, "s2:product_uri": "S2B_MSIL2A_20241204T185659_N0511_R113_T10SFH_20241204T204216.SAFE", "s2:water_percentage": 4.010833, "s2:cloud_shadow_percentage": 0.0, "s2:high_proba_clouds_percentage": 0.0, "s2:datatake_id": "GS2B_20241204T185659_040465_N05.11", "s2:thin_cirrus_percentage": 0.00074, "s2:mean_solar_zenith": 61.909361329797797, "s2:granule_id": "S2B_OPER_MSI_L2A_TL_2BPS_20241204T204216_A040465_T10SFH_N05.11", "platform": "Sentinel-2B", "sat:relative_orbit": 113, "eo:cloud_cover": 0.001009, "s2:reflectance_conversion_factor": 1.02871767058948, "s2:datastrip_id": "S2B_OPER_MSI_L2A_DS_2BPS_20241204T204216_S20241204T185656_N05.11", "constellation": "Sentinel 2", "s2:datatake_type": "INS-NOBS", "s2:nodata_pixel_percentage": 0.0, "proj:code": "EPSG:32610", "s2:mgrs_tile": "10SFH", "s2:mean_solar_azimuth": 166.48490653242499, "s2:not_vegetated_percentage": 74.881774, "s2:generation_time": "2024-12-04T20:42:16.000000Z", "s2:saturated_defective_pixel_percentage": 0.0, "sat:orbit_state": "descending", "proj:bbox": "{600000.0, 4190220.0, 4300020.0, 709800.0}", "epsg": 32630, "spatial_ref": 0, "is_debris": 1.0, "nir_val": 0.057474011231927358, "re2_val": 0.09216397099832685, "swir1_val": 0.030031870556508952, "red_val": 0.04138078902229847, "FDI_val": 0.081684450584941948, "FDI": 0.081684450584941948, "longitude": -121.65971602636704, "latitude": 38.186348044926049, "location": "<a href=\"https://www.google.com/maps?q=38.18634804492605,-121.65971602636704\" target=\"_blank\">click me</a>" }, "geometry": { "type": "Point", "coordinates": [ -121.659716026367036, 38.186348044926049 ] } },
{ "type": "Feature", "properties": { "y": 13488687.747942083, "x": -4909334.1906414982, "time": "2024-12-04T18:56:59.024", "id": "S2B_MSIL2A_20241204T185659_R113_T10SFH_20241204T204216", "s2:product_type": "S2MSI2A", "s2:unclassified_percentage": 0.011178, "s2:medium_proba_clouds_percentage": 0.000269, "s2:processing_baseline": "05.11", "s2:snow_ice_percentage": 0.000163, "s2:degraded_msi_data_percentage": 0.0027, "instruments": "msi", "s2:vegetation_percentage": 19.817396, "s2:product_uri": "S2B_MSIL2A_20241204T185659_N0511_R113_T10SFH_20241204T204216.SAFE", "s2:water_percentage": 4.010833, "s2:cloud_shadow_percentage": 0.0, "s2:high_proba_clouds_percentage": 0.0, "s2:datatake_id": "GS2B_20241204T185659_040465_N05.11", "s2:thin_cirrus_percentage": 0.00074, "s2:mean_solar_zenith": 61.909361329797797, "s2:granule_id": "S2B_OPER_MSI_L2A_TL_2BPS_20241204T204216_A040465_T10SFH_N05.11", "platform": "Sentinel-2B", "sat:relative_orbit": 113, "eo:cloud_cover": 0.001009, "s2:reflectance_conversion_factor": 1.02871767058948, "s2:datastrip_id": "S2B_OPER_MSI_L2A_DS_2BPS_20241204T204216_S20241204T185656_N05.11", "constellation": "Sentinel 2", "s2:datatake_type": "INS-NOBS", "s2:nodata_pixel_percentage": 0.0, "proj:code": "EPSG:32610", "s2:mgrs_tile": "10SFH", "s2:mean_solar_azimuth": 166.48490653242499, "s2:not_vegetated_percentage": 74.881774, "s2:generation_time": "2024-12-04T20:42:16.000000Z", "s2:saturated_defective_pixel_percentage": 0.0, "sat:orbit_state": "descending", "proj:bbox": "{600000.0, 4190220.0, 4300020.0, 709800.0}", "epsg": 32630, "spatial_ref": 0, "is_debris": 1.0, "nir_val": 0.20181622655036444, "re2_val": 0.19380925822643613, "swir1_val": 0.083231184113753368, "red_val": 0.11663807890222985, "FDI_val": 0.21512145634450869, "FDI": 0.21512145634450869, "longitude": -121.65494225455835, "latitude": 38.183443512130808, "location": "<a href=\"https://www.google.com/maps?q=38.18344351213081,-121.65494225455835\" target=\"_blank\">click me</a>" }, "geometry": { "type": "Point", "coordinates": [ -121.65494225455835, 38.183443512130808 ] } },
{ "type": "Feature", "properties": { "y": 13488667.877447631, "x": -4909354.0646378091, "time": "2024-12-04T18:56:59.024", "id": "S2B_MSIL2A_20241204T185659_R113_T10SFH_20241204T204216", "s2:product_type": "S2MSI2A", "s2:unclassified_percentage": 0.011178, "s2:medium_proba_clouds_percentage": 0.000269, "s2:processing_baseline": "05.11", "s2:snow_ice_percentage": 0.000163, "s2:degraded_msi_data_percentage": 0.0027, "instruments": "msi", "s2:vegetation_percentage": 19.817396, "s2:product_uri": "S2B_MSIL2A_20241204T185659_N0511_R113_T10SFH_20241204T204216.SAFE", "s2:water_percentage": 4.010833, "s2:cloud_shadow_percentage": 0.0, "s2:high_proba_clouds_percentage": 0.0, "s2:datatake_id": "GS2B_20241204T185659_040465_N05.11", "s2:thin_cirrus_percentage": 0.00074, "s2:mean_solar_zenith": 61.909361329797797, "s2:granule_id": "S2B_OPER_MSI_L2A_TL_2BPS_20241204T204216_A040465_T10SFH_N05.11", "platform": "Sentinel-2B", "sat:relative_orbit": 113, "eo:cloud_cover": 0.001009, "s2:reflectance_conversion_factor": 1.02871767058948, "s2:datastrip_id": "S2B_OPER_MSI_L2A_DS_2BPS_20241204T204216_S20241204T185656_N05.11", "constellation": "Sentinel 2", "s2:datatake_type": "INS-NOBS", "s2:nodata_pixel_percentage": 0.0, "proj:code": "EPSG:32610", "s2:mgrs_tile": "10SFH", "s2:mean_solar_azimuth": 166.48490653242499, "s2:not_vegetated_percentage": 74.881774, "s2:generation_time": "2024-12-04T20:42:16.000000Z", "s2:saturated_defective_pixel_percentage": 0.0, "sat:orbit_state": "descending", "proj:bbox": "{600000.0, 4190220.0, 4300020.0, 709800.0}", "epsg": 32630, "spatial_ref": 0, "is_debris": 1.0, "nir_val": 0.071454176126179964, "re2_val": 0.078499721137757966, "swir1_val": 0.024393233635695025, "red_val": 0.035055746140651795, "FDI_val": 0.094296764912920814, "FDI": 0.094296764912920814, "longitude": -121.6547103259727, "latitude": 38.183431879266273, "location": "<a href=\"https://www.google.com/maps?q=38.18343187926627,-121.6547103259727\" target=\"_blank\">click me</a>" }, "geometry": { "type": "Point", "coordinates": [ -121.654710325972701, 38.183431879266273 ] } },
{ "type": "Feature", "properties": { "y": 13488667.877447631, "x": -4909274.5686525665, "time": "2024-12-04T18:56:59.024", "id": "S2B_MSIL2A_20241204T185659_R113_T10SFH_20241204T204216", "s2:product_type": "S2MSI2A", "s2:unclassified_percentage": 0.011178, "s2:medium_proba_clouds_percentage": 0.000269, "s2:processing_baseline": "05.11", "s2:snow_ice_percentage": 0.000163, "s2:degraded_msi_data_percentage": 0.0027, "instruments": "msi", "s2:vegetation_percentage": 19.817396, "s2:product_uri": "S2B_MSIL2A_20241204T185659_N0511_R113_T10SFH_20241204T204216.SAFE", "s2:water_percentage": 4.010833, "s2:cloud_shadow_percentage": 0.0, "s2:high_proba_clouds_percentage": 0.0, "s2:datatake_id": "GS2B_20241204T185659_040465_N05.11", "s2:thin_cirrus_percentage": 0.00074, "s2:mean_solar_zenith": 61.909361329797797, "s2:granule_id": "S2B_OPER_MSI_L2A_TL_2BPS_20241204T204216_A040465_T10SFH_N05.11", "platform": "Sentinel-2B", "sat:relative_orbit": 113, "eo:cloud_cover": 0.001009, "s2:reflectance_conversion_factor": 1.02871767058948, "s2:datastrip_id": "S2B_OPER_MSI_L2A_DS_2BPS_20241204T204216_S20241204T185656_N05.11", "constellation": "Sentinel 2", "s2:datatake_type": "INS-NOBS", "s2:nodata_pixel_percentage": 0.0, "proj:code": "EPSG:32610", "s2:mgrs_tile": "10SFH", "s2:mean_solar_azimuth": 166.48490653242499, "s2:not_vegetated_percentage": 74.881774, "s2:generation_time": "2024-12-04T20:42:16.000000Z", "s2:saturated_defective_pixel_percentage": 0.0, "sat:orbit_state": "descending", "proj:bbox": "{600000.0, 4190220.0, 4300020.0, 709800.0}", "epsg": 32630, "spatial_ref": 0, "is_debris": 1.0, "nir_val": 0.24937268490859124, "re2_val": 0.20440602342442837, "swir1_val": 0.1219661681784751, "red_val": 0.12778730703259006, "FDI_val": 0.19937781892896422, "FDI": 0.19937781892896422, "longitude": -121.65514479134282, "latitude": 38.183821276812282, "location": "<a href=\"https://www.google.com/maps?q=38.18382127681228,-121.65514479134282\" target=\"_blank\">click me</a>" }, "geometry": { "type": "Point", "coordinates": [ -121.655144791342821, 38.183821276812282 ] } },
{ "type": "Feature", "properties": { "y": 13488588.395469829, "x": -4908201.3728517918, "time": "2024-12-04T18:56:59.024", "id": "S2B_MSIL2A_20241204T185659_R113_T10SFH_20241204T204216", "s2:product_type": "S2MSI2A", "s2:unclassified_percentage": 0.011178, "s2:medium_proba_clouds_percentage": 0.000269, "s2:processing_baseline": "05.11", "s2:snow_ice_percentage": 0.000163, "s2:degraded_msi_data_percentage": 0.0027, "instruments": "msi", "s2:vegetation_percentage": 19.817396, "s2:product_uri": "S2B_MSIL2A_20241204T185659_N0511_R113_T10SFH_20241204T204216.SAFE", "s2:water_percentage": 4.010833, "s2:cloud_shadow_percentage": 0.0, "s2:high_proba_clouds_percentage": 0.0, "s2:datatake_id": "GS2B_20241204T185659_040465_N05.11", "s2:thin_cirrus_percentage": 0.00074, "s2:mean_solar_zenith": 61.909361329797797, "s2:granule_id": "S2B_OPER_MSI_L2A_TL_2BPS_20241204T204216_A040465_T10SFH_N05.11", "platform": "Sentinel-2B", "sat:relative_orbit": 113, "eo:cloud_cover": 0.001009, "s2:reflectance_conversion_factor": 1.02871767058948, "s2:datastrip_id": "S2B_OPER_MSI_L2A_DS_2BPS_20241204T204216_S20241204T185656_N05.11", "constellation": "Sentinel 2", "s2:datatake_type": "INS-NOBS", "s2:nodata_pixel_percentage": 0.0, "proj:code": "EPSG:32610", "s2:mgrs_tile": "10SFH", "s2:mean_solar_azimuth": 166.48490653242499, "s2:not_vegetated_percentage": 74.881774, "s2:generation_time": "2024-12-04T20:42:16.000000Z", "s2:saturated_defective_pixel_percentage": 0.0, "sat:orbit_state": "descending", "proj:bbox": "{600000.0, 4190220.0, 4300020.0, 709800.0}", "epsg": 32630, "spatial_ref": 0, "is_debris": 1.0, "nir_val": 0.084478432309714441, "re2_val": 0.11489124372559956, "swir1_val": 0.047192939445942619, "red_val": 0.055960548885077205, "FDI_val": 0.096387187076170722, "FDI": 0.096387187076170722, "longitude": -121.66051756830642, "latitude": 38.18942123913768, "location": "<a href=\"https://www.google.com/maps?q=38.18942123913768,-121.66051756830642\" target=\"_blank\">click me</a>" }, "geometry": { "type": "Point", "coordinates": [ -121.660517568306418, 38.18942123913768 ] } },
{ "type": "Feature", "properties": { "y": 13488528.783986477, "x": -4912215.9201065404, "time": "2024-12-04T18:56:59.024", "id": "S2B_MSIL2A_20241204T185659_R113_T10SFH_20241204T204216", "s2:product_type": "S2MSI2A", "s2:unclassified_percentage": 0.011178, "s2:medium_proba_clouds_percentage": 0.000269, "s2:processing_baseline": "05.11", "s2:snow_ice_percentage": 0.000163, "s2:degraded_msi_data_percentage": 0.0027, "instruments": "msi", "s2:vegetation_percentage": 19.817396, "s2:product_uri": "S2B_MSIL2A_20241204T185659_N0511_R113_T10SFH_20241204T204216.SAFE", "s2:water_percentage": 4.010833, "s2:cloud_shadow_percentage": 0.0, "s2:high_proba_clouds_percentage": 0.0, "s2:datatake_id": "GS2B_20241204T185659_040465_N05.11", "s2:thin_cirrus_percentage": 0.00074, "s2:mean_solar_zenith": 61.909361329797797, "s2:granule_id": "S2B_OPER_MSI_L2A_TL_2BPS_20241204T204216_A040465_T10SFH_N05.11", "platform": "Sentinel-2B", "sat:relative_orbit": 113, "eo:cloud_cover": 0.001009, "s2:reflectance_conversion_factor": 1.02871767058948, "s2:datastrip_id": "S2B_OPER_MSI_L2A_DS_2BPS_20241204T204216_S20241204T185656_N05.11", "constellation": "Sentinel 2", "s2:datatake_type": "INS-NOBS", "s2:nodata_pixel_percentage": 0.0, "proj:code": "EPSG:32610", "s2:mgrs_tile": "10SFH", "s2:mean_solar_azimuth": 166.48490653242499, "s2:not_vegetated_percentage": 74.881774, "s2:generation_time": "2024-12-04T20:42:16.000000Z", "s2:saturated_defective_pixel_percentage": 0.0, "sat:orbit_state": "descending", "proj:bbox": "{600000.0, 4190220.0, 4300020.0, 709800.0}", "epsg": 32630, "spatial_ref": 0, "is_debris": 1.0, "nir_val": 0.29621221173377943, "re2_val": 0.2777467930842164, "swir1_val": 0.22493258151507717, "red_val": 0.26072041166380788, "FDI_val": 0.11738727523937936, "FDI": 0.11738727523937936, "longitude": -121.63821225028197, "latitude": 38.170014397452995, "location": "<a href=\"https://www.google.com/maps?q=38.170014397452995,-121.63821225028197\" target=\"_blank\">click me</a>" }, "geometry": { "type": "Point", "coordinates": [ -121.638212250281967, 38.170014397452995 ] } },
{ "type": "Feature", "properties": { "y": 13488508.913492026, "x": -4912096.6761286762, "time": "2024-12-04T18:56:59.024", "id": "S2B_MSIL2A_20241204T185659_R113_T10SFH_20241204T204216", "s2:product_type": "S2MSI2A", "s2:unclassified_percentage": 0.011178, "s2:medium_proba_clouds_percentage": 0.000269, "s2:processing_baseline": "05.11", "s2:snow_ice_percentage": 0.000163, "s2:degraded_msi_data_percentage": 0.0027, "instruments": "msi", "s2:vegetation_percentage": 19.817396, "s2:product_uri": "S2B_MSIL2A_20241204T185659_N0511_R113_T10SFH_20241204T204216.SAFE", "s2:water_percentage": 4.010833, "s2:cloud_shadow_percentage": 0.0, "s2:high_proba_clouds_percentage": 0.0, "s2:datatake_id": "GS2B_20241204T185659_040465_N05.11", "s2:thin_cirrus_percentage": 0.00074, "s2:mean_solar_zenith": 61.909361329797797, "s2:granule_id": "S2B_OPER_MSI_L2A_TL_2BPS_20241204T204216_A040465_T10SFH_N05.11", "platform": "Sentinel-2B", "sat:relative_orbit": 113, "eo:cloud_cover": 0.001009, "s2:reflectance_conversion_factor": 1.02871767058948, "s2:datastrip_id": "S2B_OPER_MSI_L2A_DS_2BPS_20241204T204216_S20241204T185656_N05.11", "constellation": "Sentinel 2", "s2:datatake_type": "INS-NOBS", "s2:nodata_pixel_percentage": 0.0, "proj:code": "EPSG:32610", "s2:mgrs_tile": "10SFH", "s2:mean_solar_azimuth": 166.48490653242499, "s2:not_vegetated_percentage": 74.881774, "s2:generation_time": "2024-12-04T20:42:16.000000Z", "s2:saturated_defective_pixel_percentage": 0.0, "sat:orbit_state": "descending", "proj:bbox": "{600000.0, 4190220.0, 4300020.0, 709800.0}", "epsg": 32630, "spatial_ref": 0, "is_debris": 1.0, "nir_val": 0.24961166208627075, "re2_val": 0.27467930842163973, "swir1_val": 0.2045844569747487, "red_val": 0.22362778730703262, "FDI_val": 0.10622112304134754, "FDI": 0.10622112304134754, "longitude": -121.63874021108744, "latitude": 38.170684087778618, "location": "<a href=\"https://www.google.com/maps?q=38.17068408777862,-121.63874021108744\" target=\"_blank\">click me</a>" }, "geometry": { "type": "Point", "coordinates": [ -121.638740211087438, 38.170684087778618 ] } },
{ "type": "Feature", "properties": { "y": 13488429.431514224, "x": -4912136.4241212979, "time": "2024-12-04T18:56:59.024", "id": "S2B_MSIL2A_20241204T185659_R113_T10SFH_20241204T204216", "s2:product_type": "S2MSI2A", "s2:unclassified_percentage": 0.011178, "s2:medium_proba_clouds_percentage": 0.000269, "s2:processing_baseline": "05.11", "s2:snow_ice_percentage": 0.000163, "s2:degraded_msi_data_percentage": 0.0027, "instruments": "msi", "s2:vegetation_percentage": 19.817396, "s2:product_uri": "S2B_MSIL2A_20241204T185659_N0511_R113_T10SFH_20241204T204216.SAFE", "s2:water_percentage": 4.010833, "s2:cloud_shadow_percentage": 0.0, "s2:high_proba_clouds_percentage": 0.0, "s2:datatake_id": "GS2B_20241204T185659_040465_N05.11", "s2:thin_cirrus_percentage": 0.00074, "s2:mean_solar_zenith": 61.909361329797797, "s2:granule_id": "S2B_OPER_MSI_L2A_TL_2BPS_20241204T204216_A040465_T10SFH_N05.11", "platform": "Sentinel-2B", "sat:relative_orbit": 113, "eo:cloud_cover": 0.001009, "s2:reflectance_conversion_factor": 1.02871767058948, "s2:datastrip_id": "S2B_OPER_MSI_L2A_DS_2BPS_20241204T204216_S20241204T185656_N05.11", "constellation": "Sentinel 2", "s2:datatake_type": "INS-NOBS", "s2:nodata_pixel_percentage": 0.0, "proj:code": "EPSG:32610", "s2:mgrs_tile": "10SFH", "s2:mean_solar_azimuth": 166.48490653242499, "s2:not_vegetated_percentage": 74.881774, "s2:generation_time": "2024-12-04T20:42:16.000000Z", "s2:saturated_defective_pixel_percentage": 0.0, "sat:orbit_state": "descending", "proj:bbox": "{600000.0, 4190220.0, 4300020.0, 709800.0}", "epsg": 32630, "spatial_ref": 0, "is_debris": 1.0, "nir_val": 0.25247938821842519, "re2_val": 0.23368655883993311, "swir1_val": 0.18864917872027454, "red_val": 0.20261578044596915, "FDI_val": 0.10314855722166211, "FDI": 0.10314855722166211, "longitude": -121.63803002596929, "latitude": 38.170832097398737, "location": "<a href=\"https://www.google.com/maps?q=38.17083209739874,-121.63803002596929\" target=\"_blank\">click me</a>" }, "geometry": { "type": "Point", "coordinates": [ -121.638030025969286, 38.170832097398737 ] } },
{ "type": "Feature", "properties": { "y": 13488389.690525323, "x": -4912176.1721139187, "time": "2024-12-04T18:56:59.024", "id": "S2B_MSIL2A_20241204T185659_R113_T10SFH_20241204T204216", "s2:product_type": "S2MSI2A", "s2:unclassified_percentage": 0.011178, "s2:medium_proba_clouds_percentage": 0.000269, "s2:processing_baseline": "05.11", "s2:snow_ice_percentage": 0.000163, "s2:degraded_msi_data_percentage": 0.0027, "instruments": "msi", "s2:vegetation_percentage": 19.817396, "s2:product_uri": "S2B_MSIL2A_20241204T185659_N0511_R113_T10SFH_20241204T204216.SAFE", "s2:water_percentage": 4.010833, "s2:cloud_shadow_percentage": 0.0, "s2:high_proba_clouds_percentage": 0.0, "s2:datatake_id": "GS2B_20241204T185659_040465_N05.11", "s2:thin_cirrus_percentage": 0.00074, "s2:mean_solar_zenith": 61.909361329797797, "s2:granule_id": "S2B_OPER_MSI_L2A_TL_2BPS_20241204T204216_A040465_T10SFH_N05.11", "platform": "Sentinel-2B", "sat:relative_orbit": 113, "eo:cloud_cover": 0.001009, "s2:reflectance_conversion_factor": 1.02871767058948, "s2:datastrip_id": "S2B_OPER_MSI_L2A_DS_2BPS_20241204T204216_S20241204T185656_N05.11", "constellation": "Sentinel 2", "s2:datatake_type": "INS-NOBS", "s2:nodata_pixel_percentage": 0.0, "proj:code": "EPSG:32610", "s2:mgrs_tile": "10SFH", "s2:mean_solar_azimuth": 166.48490653242499, "s2:not_vegetated_percentage": 74.881774, "s2:generation_time": "2024-12-04T20:42:16.000000Z", "s2:saturated_defective_pixel_percentage": 0.0, "sat:orbit_state": "descending", "proj:bbox": "{600000.0, 4190220.0, 4300020.0, 709800.0}", "epsg": 32630, "spatial_ref": 0, "is_debris": 1.0, "nir_val": 0.29979686939897243, "re2_val": 0.31107083100948135, "swir1_val": 0.2423388085315028, "red_val": 0.27272727272727271, "FDI_val": 0.11746220747522867, "FDI": 0.11746220747522867, "longitude": -121.6375663958345, "latitude": 38.170808760178517, "location": "<a href=\"https://www.google.com/maps?q=38.17080876017852,-121.6375663958345\" target=\"_blank\">click me</a>" }, "geometry": { "type": "Point", "coordinates": [ -121.637566395834497, 38.170808760178517 ] } },
{ "type": "Feature", "properties": { "y": 13488389.690525323, "x": -4912116.550124987, "time": "2024-12-04T18:56:59.024", "id": "S2B_MSIL2A_20241204T185659_R113_T10SFH_20241204T204216", "s2:product_type": "S2MSI2A", "s2:unclassified_percentage": 0.011178, "s2:medium_proba_clouds_percentage": 0.000269, "s2:processing_baseline": "05.11", "s2:snow_ice_percentage": 0.000163, "s2:degraded_msi_data_percentage": 0.0027, "instruments": "msi", "s2:vegetation_percentage": 19.817396, "s2:product_uri": "S2B_MSIL2A_20241204T185659_N0511_R113_T10SFH_20241204T204216.SAFE", "s2:water_percentage": 4.010833, "s2:cloud_shadow_percentage": 0.0, "s2:high_proba_clouds_percentage": 0.0, "s2:datatake_id": "GS2B_20241204T185659_040465_N05.11", "s2:thin_cirrus_percentage": 0.00074, "s2:mean_solar_zenith": 61.909361329797797, "s2:granule_id": "S2B_OPER_MSI_L2A_TL_2BPS_20241204T204216_A040465_T10SFH_N05.11", "platform": "Sentinel-2B", "sat:relative_orbit": 113, "eo:cloud_cover": 0.001009, "s2:reflectance_conversion_factor": 1.02871767058948, "s2:datastrip_id": "S2B_OPER_MSI_L2A_DS_2BPS_20241204T204216_S20241204T185656_N05.11", "constellation": "Sentinel 2", "s2:datatake_type": "INS-NOBS", "s2:nodata_pixel_percentage": 0.0, "proj:code": "EPSG:32610", "s2:mgrs_tile": "10SFH", "s2:mean_solar_azimuth": 166.48490653242499, "s2:not_vegetated_percentage": 74.881774, "s2:generation_time": "2024-12-04T20:42:16.000000Z", "s2:saturated_defective_pixel_percentage": 0.0, "sat:orbit_state": "descending", "proj:bbox": "{600000.0, 4190220.0, 4300020.0, 709800.0}", "epsg": 32630, "spatial_ref": 0, "is_debris": 1.0, "nir_val": 0.23216632811566493, "re2_val": 0.31316229782487454, "swir1_val": 0.21573915175288055, "red_val": 0.22148370497427103, "FDI_val": 0.10147912928277911, "FDI": 0.10147912928277911, "longitude": -121.6378920084729, "latitude": 38.171100775614555, "location": "<a href=\"https://www.google.com/maps?q=38.171100775614555,-121.6378920084729\" target=\"_blank\">click me</a>" }, "geometry": { "type": "Point", "coordinates": [ -121.637892008472903, 38.171100775614555 ] } },
{ "type": "Feature", "properties": { "y": 13488349.949536422, "x": -4912096.6761286762, "time": "2024-12-04T18:56:59.024", "id": "S2B_MSIL2A_20241204T185659_R113_T10SFH_20241204T204216", "s2:product_type": "S2MSI2A", "s2:unclassified_percentage": 0.011178, "s2:medium_proba_clouds_percentage": 0.000269, "s2:processing_baseline": "05.11", "s2:snow_ice_percentage": 0.000163, "s2:degraded_msi_data_percentage": 0.0027, "instruments": "msi", "s2:vegetation_percentage": 19.817396, "s2:product_uri": "S2B_MSIL2A_20241204T185659_N0511_R113_T10SFH_20241204T204216.SAFE", "s2:water_percentage": 4.010833, "s2:cloud_shadow_percentage": 0.0, "s2:high_proba_clouds_percentage": 0.0, "s2:datatake_id": "GS2B_20241204T185659_040465_N05.11", "s2:thin_cirrus_percentage": 0.00074, "s2:mean_solar_zenith": 61.909361329797797, "s2:granule_id": "S2B_OPER_MSI_L2A_TL_2BPS_20241204T204216_A040465_T10SFH_N05.11", "platform": "Sentinel-2B", "sat:relative_orbit": 113, "eo:cloud_cover": 0.001009, "s2:reflectance_conversion_factor": 1.02871767058948, "s2:datastrip_id": "S2B_OPER_MSI_L2A_DS_2BPS_20241204T204216_S20241204T185656_N05.11", "constellation": "Sentinel 2", "s2:datatake_type": "INS-NOBS", "s2:nodata_pixel_percentage": 0.0, "proj:code": "EPSG:32610", "s2:mgrs_tile": "10SFH", "s2:mean_solar_azimuth": 166.48490653242499, "s2:not_vegetated_percentage": 74.881774, "s2:generation_time": "2024-12-04T20:42:16.000000Z", "s2:saturated_defective_pixel_percentage": 0.0, "sat:orbit_state": "descending", "proj:bbox": "{600000.0, 4190220.0, 4300020.0, 709800.0}", "epsg": 32630, "spatial_ref": 0, "is_debris": 1.0, "nir_val": 0.20755167881467321, "re2_val": 0.15253764640267709, "swir1_val": 0.12355969600392251, "red_val": 0.19296740994854203, "FDI_val": 0.10929019347633008, "FDI": 0.10929019347633008, "longitude": -121.63775398820702, "latitude": 38.17136945377316, "location": "<a href=\"https://www.google.com/maps?q=38.17136945377316,-121.63775398820702\" target=\"_blank\">click me</a>" }, "geometry": { "type": "Point", "coordinates": [ -121.637753988207024, 38.17136945377316 ] } },
{ "type": "Feature", "properties": { "y": 13488290.33805307, "x": -4913328.863899935, "time": "2024-12-04T18:56:59.024", "id": "S2B_MSIL2A_20241204T185659_R113_T10SFH_20241204T204216", "s2:product_type": "S2MSI2A", "s2:unclassified_percentage": 0.011178, "s2:medium_proba_clouds_percentage": 0.000269, "s2:processing_baseline": "05.11", "s2:snow_ice_percentage": 0.000163, "s2:degraded_msi_data_percentage": 0.0027, "instruments": "msi", "s2:vegetation_percentage": 19.817396, "s2:product_uri": "S2B_MSIL2A_20241204T185659_N0511_R113_T10SFH_20241204T204216.SAFE", "s2:water_percentage": 4.010833, "s2:cloud_shadow_percentage": 0.0, "s2:high_proba_clouds_percentage": 0.0, "s2:datatake_id": "GS2B_20241204T185659_040465_N05.11", "s2:thin_cirrus_percentage": 0.00074, "s2:mean_solar_zenith": 61.909361329797797, "s2:granule_id": "S2B_OPER_MSI_L2A_TL_2BPS_20241204T204216_A040465_T10SFH_N05.11", "platform": "Sentinel-2B", "sat:relative_orbit": 113, "eo:cloud_cover": 0.001009, "s2:reflectance_conversion_factor": 1.02871767058948, "s2:datastrip_id": "S2B_OPER_MSI_L2A_DS_2BPS_20241204T204216_S20241204T185656_N05.11", "constellation": "Sentinel 2", "s2:datatake_type": "INS-NOBS", "s2:nodata_pixel_percentage": 0.0, "proj:code": "EPSG:32610", "s2:mgrs_tile": "10SFH", "s2:mean_solar_azimuth": 166.48490653242499, "s2:not_vegetated_percentage": 74.881774, "s2:generation_time": "2024-12-04T20:42:16.000000Z", "s2:saturated_defective_pixel_percentage": 0.0, "sat:orbit_state": "descending", "proj:bbox": "{600000.0, 4190220.0, 4300020.0, 709800.0}", "epsg": 32630, "spatial_ref": 0, "is_debris": 1.0, "nir_val": 0.22284621818616321, "re2_val": 0.23061907417735639, "swir1_val": 0.165604314783035, "red_val": 0.19789879931389368, "FDI_val": 0.11400082033467861, "FDI": 0.11400082033467861, "longitude": -121.63065583563582, "latitude": 38.165591569667995, "location": "<a href=\"https://www.google.com/maps?q=38.165591569667995,-121.63065583563582\" target=\"_blank\">click me</a>" }, "geometry": { "type": "Point", "coordinates": [ -121.630655835635821, 38.165591569667995 ] } },
{ "type": "Feature", "properties": { "y": 13488270.467558619, "x": -4913328.863899935, "time": "2024-12-04T18:56:59.024", "id": "S2B_MSIL2A_20241204T185659_R113_T10SFH_20241204T204216", "s2:product_type": "S2MSI2A", "s2:unclassified_percentage": 0.011178, "s2:medium_proba_clouds_percentage": 0.000269, "s2:processing_baseline": "05.11", "s2:snow_ice_percentage": 0.000163, "s2:degraded_msi_data_percentage": 0.0027, "instruments": "msi", "s2:vegetation_percentage": 19.817396, "s2:product_uri": "S2B_MSIL2A_20241204T185659_N0511_R113_T10SFH_20241204T204216.SAFE", "s2:water_percentage": 4.010833, "s2:cloud_shadow_percentage": 0.0, "s2:high_proba_clouds_percentage": 0.0, "s2:datatake_id": "GS2B_20241204T185659_040465_N05.11", "s2:thin_cirrus_percentage": 0.00074, "s2:mean_solar_zenith": 61.909361329797797, "s2:granule_id": "S2B_OPER_MSI_L2A_TL_2BPS_20241204T204216_A040465_T10SFH_N05.11", "platform": "Sentinel-2B", "sat:relative_orbit": 113, "eo:cloud_cover": 0.001009, "s2:reflectance_conversion_factor": 1.02871767058948, "s2:datastrip_id": "S2B_OPER_MSI_L2A_DS_2BPS_20241204T204216_S20241204T185656_N05.11", "constellation": "Sentinel 2", "s2:datatake_type": "INS-NOBS", "s2:nodata_pixel_percentage": 0.0, "proj:code": "EPSG:32610", "s2:mgrs_tile": "10SFH", "s2:mean_solar_azimuth": 166.48490653242499, "s2:not_vegetated_percentage": 74.881774, "s2:generation_time": "2024-12-04T20:42:16.000000Z", "s2:saturated_defective_pixel_percentage": 0.0, "sat:orbit_state": "descending", "proj:bbox": "{600000.0, 4190220.0, 4300020.0, 709800.0}", "epsg": 32630, "spatial_ref": 0, "is_debris": 1.0, "nir_val": 0.27733301469709648, "re2_val": 0.31483547127718908, "swir1_val": 0.24871291983329241, "red_val": 0.22469982847341338, "FDI_val": 0.086346131838634488, "FDI": 0.086346131838634488, "longitude": -121.63053257246195, "latitude": 38.165677219427607, "location": "<a href=\"https://www.google.com/maps?q=38.16567721942761,-121.63053257246195\" target=\"_blank\">click me</a>" }, "geometry": { "type": "Point", "coordinates": [ -121.630532572461945, 38.165677219427607 ] } },
{ "type": "Feature", "properties": { "y": 13488210.856075266, "x": -4908340.4908259669, "time": "2024-12-04T18:56:59.024", "id": "S2B_MSIL2A_20241204T185659_R113_T10SFH_20241204T204216", "s2:product_type": "S2MSI2A", "s2:unclassified_percentage": 0.011178, "s2:medium_proba_clouds_percentage": 0.000269, "s2:processing_baseline": "05.11", "s2:snow_ice_percentage": 0.000163, "s2:degraded_msi_data_percentage": 0.0027, "instruments": "msi", "s2:vegetation_percentage": 19.817396, "s2:product_uri": "S2B_MSIL2A_20241204T185659_N0511_R113_T10SFH_20241204T204216.SAFE", "s2:water_percentage": 4.010833, "s2:cloud_shadow_percentage": 0.0, "s2:high_proba_clouds_percentage": 0.0, "s2:datatake_id": "GS2B_20241204T185659_040465_N05.11", "s2:thin_cirrus_percentage": 0.00074, "s2:mean_solar_zenith": 61.909361329797797, "s2:granule_id": "S2B_OPER_MSI_L2A_TL_2BPS_20241204T204216_A040465_T10SFH_N05.11", "platform": "Sentinel-2B", "sat:relative_orbit": 113, "eo:cloud_cover": 0.001009, "s2:reflectance_conversion_factor": 1.02871767058948, "s2:datastrip_id": "S2B_OPER_MSI_L2A_DS_2BPS_20241204T204216_S20241204T185656_N05.11", "constellation": "Sentinel 2", "s2:datatake_type": "INS-NOBS", "s2:nodata_pixel_percentage": 0.0, "proj:code": "EPSG:32610", "s2:mgrs_tile": "10SFH", "s2:mean_solar_azimuth": 166.48490653242499, "s2:not_vegetated_percentage": 74.881774, "s2:generation_time": "2024-12-04T20:42:16.000000Z", "s2:saturated_defective_pixel_percentage": 0.0, "sat:orbit_state": "descending", "proj:bbox": "{600000.0, 4190220.0, 4300020.0, 709800.0}", "epsg": 32630, "spatial_ref": 0, "is_debris": 1.0, "nir_val": 0.065121280917672358, "re2_val": 0.11279977691020637, "swir1_val": 0.042902672223584196, "red_val": 0.041809605488850765, "FDI_val": 0.083239890563361479, "FDI": 0.083239890563361479, "longitude": -121.65741369795134, "latitude": 38.190368550066502, "location": "<a href=\"https://www.google.com/maps?q=38.1903685500665,-121.65741369795134\" target=\"_blank\">click me</a>" }, "geometry": { "type": "Point", "coordinates": [ -121.657413697951341, 38.190368550066502 ] } },
{ "type": "Feature", "properties": { "y": 13488111.503603013, "x": -4919370.5587783679, "time": "2024-12-04T18:56:59.024", "id": "S2B_MSIL2A_20241204T185659_R113_T10SFH_20241204T204216", "s2:product_type": "S2MSI2A", "s2:unclassified_percentage": 0.011178, "s2:medium_proba_clouds_percentage": 0.000269, "s2:processing_baseline": "05.11", "s2:snow_ice_percentage": 0.000163, "s2:degraded_msi_data_percentage": 0.0027, "instruments": "msi", "s2:vegetation_percentage": 19.817396, "s2:product_uri": "S2B_MSIL2A_20241204T185659_N0511_R113_T10SFH_20241204T204216.SAFE", "s2:water_percentage": 4.010833, "s2:cloud_shadow_percentage": 0.0, "s2:high_proba_clouds_percentage": 0.0, "s2:datatake_id": "GS2B_20241204T185659_040465_N05.11", "s2:thin_cirrus_percentage": 0.00074, "s2:mean_solar_zenith": 61.909361329797797, "s2:granule_id": "S2B_OPER_MSI_L2A_TL_2BPS_20241204T204216_A040465_T10SFH_N05.11", "platform": "Sentinel-2B", "sat:relative_orbit": 113, "eo:cloud_cover": 0.001009, "s2:reflectance_conversion_factor": 1.02871767058948, "s2:datastrip_id": "S2B_OPER_MSI_L2A_DS_2BPS_20241204T204216_S20241204T185656_N05.11", "constellation": "Sentinel 2", "s2:datatake_type": "INS-NOBS", "s2:nodata_pixel_percentage": 0.0, "proj:code": "EPSG:32610", "s2:mgrs_tile": "10SFH", "s2:mean_solar_azimuth": 166.48490653242499, "s2:not_vegetated_percentage": 74.881774, "s2:generation_time": "2024-12-04T20:42:16.000000Z", "s2:saturated_defective_pixel_percentage": 0.0, "sat:orbit_state": "descending", "proj:bbox": "{600000.0, 4190220.0, 4300020.0, 709800.0}", "epsg": 32630, "spatial_ref": 0, "is_debris": 1.0, "nir_val": 0.28904289640339342, "re2_val": 0.32738427216954824, "swir1_val": 0.23890659475361603, "red_val": 0.23198970840480274, "FDI_val": 0.1273787184414642, "FDI": 0.1273787184414642, "longitude": -121.59658592827323, "latitude": 38.136777061311662, "location": "<a href=\"https://www.google.com/maps?q=38.13677706131166,-121.59658592827323\" target=\"_blank\">click me</a>" }, "geometry": { "type": "Point", "coordinates": [ -121.596585928273228, 38.136777061311662 ] } },
{ "type": "Feature", "properties": { "y": 13488032.021625211, "x": -4919390.4327746788, "time": "2024-12-04T18:56:59.024", "id": "S2B_MSIL2A_20241204T185659_R113_T10SFH_20241204T204216", "s2:product_type": "S2MSI2A", "s2:unclassified_percentage": 0.011178, "s2:medium_proba_clouds_percentage": 0.000269, "s2:processing_baseline": "05.11", "s2:snow_ice_percentage": 0.000163, "s2:degraded_msi_data_percentage": 0.0027, "instruments": "msi", "s2:vegetation_percentage": 19.817396, "s2:product_uri": "S2B_MSIL2A_20241204T185659_N0511_R113_T10SFH_20241204T204216.SAFE", "s2:water_percentage": 4.010833, "s2:cloud_shadow_percentage": 0.0, "s2:high_proba_clouds_percentage": 0.0, "s2:datatake_id": "GS2B_20241204T185659_040465_N05.11", "s2:thin_cirrus_percentage": 0.00074, "s2:mean_solar_zenith": 61.909361329797797, "s2:granule_id": "S2B_OPER_MSI_L2A_TL_2BPS_20241204T204216_A040465_T10SFH_N05.11", "platform": "Sentinel-2B", "sat:relative_orbit": 113, "eo:cloud_cover": 0.001009, "s2:reflectance_conversion_factor": 1.02871767058948, "s2:datastrip_id": "S2B_OPER_MSI_L2A_DS_2BPS_20241204T204216_S20241204T185656_N05.11", "constellation": "Sentinel 2", "s2:datatake_type": "INS-NOBS", "s2:nodata_pixel_percentage": 0.0, "proj:code": "EPSG:32610", "s2:mgrs_tile": "10SFH", "s2:mean_solar_azimuth": 166.48490653242499, "s2:not_vegetated_percentage": 74.881774, "s2:generation_time": "2024-12-04T20:42:16.000000Z", "s2:saturated_defective_pixel_percentage": 0.0, "sat:orbit_state": "descending", "proj:bbox": "{600000.0, 4190220.0, 4300020.0, 709800.0}", "epsg": 32630, "spatial_ref": 0, "is_debris": 1.0, "nir_val": 0.16620862707611425, "re2_val": 0.1815393195761294, "swir1_val": 0.089360137288551092, "red_val": 0.13957975986277874, "FDI_val": 0.15732237908624261, "FDI": 0.15732237908624261, "longitude": -121.59598487681232, "latitude": 38.137021979306034, "location": "<a href=\"https://www.google.com/maps?q=38.137021979306034,-121.59598487681232\" target=\"_blank\">click me</a>" }, "geometry": { "type": "Point", "coordinates": [ -121.595984876812324, 38.137021979306034 ] } },
{ "type": "Feature", "properties": { "y": 13488032.021625211, "x": -4919370.5587783679, "time": "2024-12-04T18:56:59.024", "id": "S2B_MSIL2A_20241204T185659_R113_T10SFH_20241204T204216", "s2:product_type": "S2MSI2A", "s2:unclassified_percentage": 0.011178, "s2:medium_proba_clouds_percentage": 0.000269, "s2:processing_baseline": "05.11", "s2:snow_ice_percentage": 0.000163, "s2:degraded_msi_data_percentage": 0.0027, "instruments": "msi", "s2:vegetation_percentage": 19.817396, "s2:product_uri": "S2B_MSIL2A_20241204T185659_N0511_R113_T10SFH_20241204T204216.SAFE", "s2:water_percentage": 4.010833, "s2:cloud_shadow_percentage": 0.0, "s2:high_proba_clouds_percentage": 0.0, "s2:datatake_id": "GS2B_20241204T185659_040465_N05.11", "s2:thin_cirrus_percentage": 0.00074, "s2:mean_solar_zenith": 61.909361329797797, "s2:granule_id": "S2B_OPER_MSI_L2A_TL_2BPS_20241204T204216_A040465_T10SFH_N05.11", "platform": "Sentinel-2B", "sat:relative_orbit": 113, "eo:cloud_cover": 0.001009, "s2:reflectance_conversion_factor": 1.02871767058948, "s2:datastrip_id": "S2B_OPER_MSI_L2A_DS_2BPS_20241204T204216_S20241204T185656_N05.11", "constellation": "Sentinel 2", "s2:datatake_type": "INS-NOBS", "s2:nodata_pixel_percentage": 0.0, "proj:code": "EPSG:32610", "s2:mgrs_tile": "10SFH", "s2:mean_solar_azimuth": 166.48490653242499, "s2:not_vegetated_percentage": 74.881774, "s2:generation_time": "2024-12-04T20:42:16.000000Z", "s2:saturated_defective_pixel_percentage": 0.0, "sat:orbit_state": "descending", "proj:bbox": "{600000.0, 4190220.0, 4300020.0, 709800.0}", "epsg": 32630, "spatial_ref": 0, "is_debris": 1.0, "nir_val": 0.18604373282351536, "re2_val": 0.19994422755158953, "swir1_val": 0.12821770041676878, "red_val": 0.18846483704974273, "FDI_val": 0.1204444291117488, "FDI": 0.1204444291117488, "longitude": -121.59609321871017, "latitude": 38.137119284501232, "location": "<a href=\"https://www.google.com/maps?q=38.13711928450123,-121.59609321871017\" target=\"_blank\">click me</a>" }, "geometry": { "type": "Point", "coordinates": [ -121.596093218710166, 38.137119284501232 ] } },
{ "type": "Feature", "properties": { "y": 13488032.021625211, "x": -4919310.9367894363, "time": "2024-12-04T18:56:59.024", "id": "S2B_MSIL2A_20241204T185659_R113_T10SFH_20241204T204216", "s2:product_type": "S2MSI2A", "s2:unclassified_percentage": 0.011178, "s2:medium_proba_clouds_percentage": 0.000269, "s2:processing_baseline": "05.11", "s2:snow_ice_percentage": 0.000163, "s2:degraded_msi_data_percentage": 0.0027, "instruments": "msi", "s2:vegetation_percentage": 19.817396, "s2:product_uri": "S2B_MSIL2A_20241204T185659_N0511_R113_T10SFH_20241204T204216.SAFE", "s2:water_percentage": 4.010833, "s2:cloud_shadow_percentage": 0.0, "s2:high_proba_clouds_percentage": 0.0, "s2:datatake_id": "GS2B_20241204T185659_040465_N05.11", "s2:thin_cirrus_percentage": 0.00074, "s2:mean_solar_zenith": 61.909361329797797, "s2:granule_id": "S2B_OPER_MSI_L2A_TL_2BPS_20241204T204216_A040465_T10SFH_N05.11", "platform": "Sentinel-2B", "sat:relative_orbit": 113, "eo:cloud_cover": 0.001009, "s2:reflectance_conversion_factor": 1.02871767058948, "s2:datastrip_id": "S2B_OPER_MSI_L2A_DS_2BPS_20241204T204216_S20241204T185656_N05.11", "constellation": "Sentinel 2", "s2:datatake_type": "INS-NOBS", "s2:nodata_pixel_percentage": 0.0, "proj:code": "EPSG:32610", "s2:mgrs_tile": "10SFH", "s2:mean_solar_azimuth": 166.48490653242499, "s2:not_vegetated_percentage": 74.881774, "s2:generation_time": "2024-12-04T20:42:16.000000Z", "s2:saturated_defective_pixel_percentage": 0.0, "sat:orbit_state": "descending", "proj:bbox": "{600000.0, 4190220.0, 4300020.0, 709800.0}", "epsg": 32630, "spatial_ref": 0, "is_debris": 1.0, "nir_val": 0.1349026168000956, "re2_val": 0.14765755716675963, "swir1_val": 0.071831331208629542, "red_val": 0.09777015437392797, "FDI_val": 0.12926878444380183, "FDI": 0.12926878444380183, "longitude": -121.59641824753608, "latitude": 38.137411200725239, "location": "<a href=\"https://www.google.com/maps?q=38.13741120072524,-121.59641824753608\" target=\"_blank\">click me</a>" }, "geometry": { "type": "Point", "coordinates": [ -121.596418247536079, 38.137411200725239 ] } },
{ "type": "Feature", "properties": { "y": 13487972.410141859, "x": -4919151.9448189512, "time": "2024-12-04T18:56:59.024", "id": "S2B_MSIL2A_20241204T185659_R113_T10SFH_20241204T204216", "s2:product_type": "S2MSI2A", "s2:unclassified_percentage": 0.011178, "s2:medium_proba_clouds_percentage": 0.000269, "s2:processing_baseline": "05.11", "s2:snow_ice_percentage": 0.000163, "s2:degraded_msi_data_percentage": 0.0027, "instruments": "msi", "s2:vegetation_percentage": 19.817396, "s2:product_uri": "S2B_MSIL2A_20241204T185659_N0511_R113_T10SFH_20241204T204216.SAFE", "s2:water_percentage": 4.010833, "s2:cloud_shadow_percentage": 0.0, "s2:high_proba_clouds_percentage": 0.0, "s2:datatake_id": "GS2B_20241204T185659_040465_N05.11", "s2:thin_cirrus_percentage": 0.00074, "s2:mean_solar_zenith": 61.909361329797797, "s2:granule_id": "S2B_OPER_MSI_L2A_TL_2BPS_20241204T204216_A040465_T10SFH_N05.11", "platform": "Sentinel-2B", "sat:relative_orbit": 113, "eo:cloud_cover": 0.001009, "s2:reflectance_conversion_factor": 1.02871767058948, "s2:datastrip_id": "S2B_OPER_MSI_L2A_DS_2BPS_20241204T204216_S20241204T185656_N05.11", "constellation": "Sentinel 2", "s2:datatake_type": "INS-NOBS", "s2:nodata_pixel_percentage": 0.0, "proj:code": "EPSG:32610", "s2:mgrs_tile": "10SFH", "s2:mean_solar_azimuth": 166.48490653242499, "s2:not_vegetated_percentage": 74.881774, "s2:generation_time": "2024-12-04T20:42:16.000000Z", "s2:saturated_defective_pixel_percentage": 0.0, "sat:orbit_state": "descending", "proj:bbox": "{600000.0, 4190220.0, 4300020.0, 709800.0}", "epsg": 32630, "spatial_ref": 0, "is_debris": 1.0, "nir_val": 0.10909308161070619, "re2_val": 0.20273284997211377, "swir1_val": 0.093895562637901428, "red_val": 0.11556603773584906, "FDI_val": 0.11021419839156155, "FDI": 0.11021419839156155, "longitude": -121.59691546648118, "latitude": 38.138446322319361, "location": "<a href=\"https://www.google.com/maps?q=38.13844632231936,-121.59691546648118\" target=\"_blank\">click me</a>" }, "geometry": { "type": "Point", "coordinates": [ -121.596915466481178, 38.138446322319361 ] } },
{ "type": "Feature", "properties": { "y": 13487972.410141859, "x": -4919132.0708226403, "time": "2024-12-04T18:56:59.024", "id": "S2B_MSIL2A_20241204T185659_R113_T10SFH_20241204T204216", "s2:product_type": "S2MSI2A", "s2:unclassified_percentage": 0.011178, "s2:medium_proba_clouds_percentage": 0.000269, "s2:processing_baseline": "05.11", "s2:snow_ice_percentage": 0.000163, "s2:degraded_msi_data_percentage": 0.0027, "instruments": "msi", "s2:vegetation_percentage": 19.817396, "s2:product_uri": "S2B_MSIL2A_20241204T185659_N0511_R113_T10SFH_20241204T204216.SAFE", "s2:water_percentage": 4.010833, "s2:cloud_shadow_percentage": 0.0, "s2:high_proba_clouds_percentage": 0.0, "s2:datatake_id": "GS2B_20241204T185659_040465_N05.11", "s2:thin_cirrus_percentage": 0.00074, "s2:mean_solar_zenith": 61.909361329797797, "s2:granule_id": "S2B_OPER_MSI_L2A_TL_2BPS_20241204T204216_A040465_T10SFH_N05.11", "platform": "Sentinel-2B", "sat:relative_orbit": 113, "eo:cloud_cover": 0.001009, "s2:reflectance_conversion_factor": 1.02871767058948, "s2:datastrip_id": "S2B_OPER_MSI_L2A_DS_2BPS_20241204T204216_S20241204T185656_N05.11", "constellation": "Sentinel 2", "s2:datatake_type": "INS-NOBS", "s2:nodata_pixel_percentage": 0.0, "proj:code": "EPSG:32610", "s2:mgrs_tile": "10SFH", "s2:mean_solar_azimuth": 166.48490653242499, "s2:not_vegetated_percentage": 74.881774, "s2:generation_time": "2024-12-04T20:42:16.000000Z", "s2:saturated_defective_pixel_percentage": 0.0, "sat:orbit_state": "descending", "proj:bbox": "{600000.0, 4190220.0, 4300020.0, 709800.0}", "epsg": 32630, "spatial_ref": 0, "is_debris": 1.0, "nir_val": 0.099892460270044225, "re2_val": 0.11126603457891804, "swir1_val": 0.053076734493748459, "red_val": 0.061106346483704971, "FDI_val": 0.097615908390332684, "FDI": 0.097615908390332684, "longitude": -121.59702381374304, "latitude": 38.138543629682928, "location": "<a href=\"https://www.google.com/maps?q=38.13854362968293,-121.59702381374304\" target=\"_blank\">click me</a>" }, "geometry": { "type": "Point", "coordinates": [ -121.597023813743036, 38.138543629682928 ] } },
{ "type": "Feature", "properties": { "y": 13487952.539647408, "x": -4919052.5748373978, "time": "2024-12-04T18:56:59.024", "id": "S2B_MSIL2A_20241204T185659_R113_T10SFH_20241204T204216", "s2:product_type": "S2MSI2A", "s2:unclassified_percentage": 0.011178, "s2:medium_proba_clouds_percentage": 0.000269, "s2:processing_baseline": "05.11", "s2:snow_ice_percentage": 0.000163, "s2:degraded_msi_data_percentage": 0.0027, "instruments": "msi", "s2:vegetation_percentage": 19.817396, "s2:product_uri": "S2B_MSIL2A_20241204T185659_N0511_R113_T10SFH_20241204T204216.SAFE", "s2:water_percentage": 4.010833, "s2:cloud_shadow_percentage": 0.0, "s2:high_proba_clouds_percentage": 0.0, "s2:datatake_id": "GS2B_20241204T185659_040465_N05.11", "s2:thin_cirrus_percentage": 0.00074, "s2:mean_solar_zenith": 61.909361329797797, "s2:granule_id": "S2B_OPER_MSI_L2A_TL_2BPS_20241204T204216_A040465_T10SFH_N05.11", "platform": "Sentinel-2B", "sat:relative_orbit": 113, "eo:cloud_cover": 0.001009, "s2:reflectance_conversion_factor": 1.02871767058948, "s2:datastrip_id": "S2B_OPER_MSI_L2A_DS_2BPS_20241204T204216_S20241204T185656_N05.11", "constellation": "Sentinel 2", "s2:datatake_type": "INS-NOBS", "s2:nodata_pixel_percentage": 0.0, "proj:code": "EPSG:32610", "s2:mgrs_tile": "10SFH", "s2:mean_solar_azimuth": 166.48490653242499, "s2:not_vegetated_percentage": 74.881774, "s2:generation_time": "2024-12-04T20:42:16.000000Z", "s2:saturated_defective_pixel_percentage": 0.0, "sat:orbit_state": "descending", "proj:bbox": "{600000.0, 4190220.0, 4300020.0, 709800.0}", "epsg": 32630, "spatial_ref": 0, "is_debris": 1.0, "nir_val": 0.24865575337555265, "re2_val": 0.20203569436698271, "swir1_val": 0.11166952684481489, "red_val": 0.14429674099485421, "FDI_val": 0.2158773251612017, "FDI": 0.2158773251612017, "longitude": -121.59733402294555, "latitude": 38.139018418893706, "location": "<a href=\"https://www.google.com/maps?q=38.139018418893706,-121.59733402294555\" target=\"_blank\">click me</a>" }, "geometry": { "type": "Point", "coordinates": [ -121.597334022945546, 38.139018418893706 ] } },
{ "type": "Feature", "properties": { "y": 13487853.187175155, "x": -4918794.2128853593, "time": "2024-12-04T18:56:59.024", "id": "S2B_MSIL2A_20241204T185659_R113_T10SFH_20241204T204216", "s2:product_type": "S2MSI2A", "s2:unclassified_percentage": 0.011178, "s2:medium_proba_clouds_percentage": 0.000269, "s2:processing_baseline": "05.11", "s2:snow_ice_percentage": 0.000163, "s2:degraded_msi_data_percentage": 0.0027, "instruments": "msi", "s2:vegetation_percentage": 19.817396, "s2:product_uri": "S2B_MSIL2A_20241204T185659_N0511_R113_T10SFH_20241204T204216.SAFE", "s2:water_percentage": 4.010833, "s2:cloud_shadow_percentage": 0.0, "s2:high_proba_clouds_percentage": 0.0, "s2:datatake_id": "GS2B_20241204T185659_040465_N05.11", "s2:thin_cirrus_percentage": 0.00074, "s2:mean_solar_zenith": 61.909361329797797, "s2:granule_id": "S2B_OPER_MSI_L2A_TL_2BPS_20241204T204216_A040465_T10SFH_N05.11", "platform": "Sentinel-2B", "sat:relative_orbit": 113, "eo:cloud_cover": 0.001009, "s2:reflectance_conversion_factor": 1.02871767058948, "s2:datastrip_id": "S2B_OPER_MSI_L2A_DS_2BPS_20241204T204216_S20241204T185656_N05.11", "constellation": "Sentinel 2", "s2:datatake_type": "INS-NOBS", "s2:nodata_pixel_percentage": 0.0, "proj:code": "EPSG:32610", "s2:mgrs_tile": "10SFH", "s2:mean_solar_azimuth": 166.48490653242499, "s2:not_vegetated_percentage": 74.881774, "s2:generation_time": "2024-12-04T20:42:16.000000Z", "s2:saturated_defective_pixel_percentage": 0.0, "sat:orbit_state": "descending", "proj:bbox": "{600000.0, 4190220.0, 4300020.0, 709800.0}", "epsg": 32630, "spatial_ref": 0, "is_debris": 1.0, "nir_val": 0.14254988648584063, "re2_val": 0.11210262130507531, "swir1_val": 0.077347389065947528, "red_val": 0.10677530017152659, "FDI_val": 0.095544366835004654, "FDI": 0.095544366835004654, "longitude": -121.59812665542971, "latitude": 38.140711241406201, "location": "<a href=\"https://www.google.com/maps?q=38.1407112414062,-121.59812665542971\" target=\"_blank\">click me</a>" }, "geometry": { "type": "Point", "coordinates": [ -121.598126655429709, 38.140711241406201 ] } },
{ "type": "Feature", "properties": { "y": 13487853.187175155, "x": -4912931.3839737233, "time": "2024-12-04T18:56:59.024", "id": "S2B_MSIL2A_20241204T185659_R113_T10SFH_20241204T204216", "s2:product_type": "S2MSI2A", "s2:unclassified_percentage": 0.011178, "s2:medium_proba_clouds_percentage": 0.000269, "s2:processing_baseline": "05.11", "s2:snow_ice_percentage": 0.000163, "s2:degraded_msi_data_percentage": 0.0027, "instruments": "msi", "s2:vegetation_percentage": 19.817396, "s2:product_uri": "S2B_MSIL2A_20241204T185659_N0511_R113_T10SFH_20241204T204216.SAFE", "s2:water_percentage": 4.010833, "s2:cloud_shadow_percentage": 0.0, "s2:high_proba_clouds_percentage": 0.0, "s2:datatake_id": "GS2B_20241204T185659_040465_N05.11", "s2:thin_cirrus_percentage": 0.00074, "s2:mean_solar_zenith": 61.909361329797797, "s2:granule_id": "S2B_OPER_MSI_L2A_TL_2BPS_20241204T204216_A040465_T10SFH_N05.11", "platform": "Sentinel-2B", "sat:relative_orbit": 113, "eo:cloud_cover": 0.001009, "s2:reflectance_conversion_factor": 1.02871767058948, "s2:datastrip_id": "S2B_OPER_MSI_L2A_DS_2BPS_20241204T204216_S20241204T185656_N05.11", "constellation": "Sentinel 2", "s2:datatake_type": "INS-NOBS", "s2:nodata_pixel_percentage": 0.0, "proj:code": "EPSG:32610", "s2:mgrs_tile": "10SFH", "s2:mean_solar_azimuth": 166.48490653242499, "s2:not_vegetated_percentage": 74.881774, "s2:generation_time": "2024-12-04T20:42:16.000000Z", "s2:saturated_defective_pixel_percentage": 0.0, "sat:orbit_state": "descending", "proj:bbox": "{600000.0, 4190220.0, 4300020.0, 709800.0}", "epsg": 32630, "spatial_ref": 0, "is_debris": 1.0, "nir_val": 0.082327637710598645, "re2_val": 0.1023424428332404, "swir1_val": 0.036773719048786471, "red_val": 0.033447684391080618, "FDI_val": 0.10279645529903383, "FDI": 0.10279645529903383, "longitude": -121.63011399592239, "latitude": 38.169422611601028, "location": "<a href=\"https://www.google.com/maps?q=38.16942261160103,-121.63011399592239\" target=\"_blank\">click me</a>" }, "geometry": { "type": "Point", "coordinates": [ -121.630113995922386, 38.169422611601028 ] } },
{ "type": "Feature", "properties": { "y": 13487853.187175155, "x": -4912891.6359811015, "time": "2024-12-04T18:56:59.024", "id": "S2B_MSIL2A_20241204T185659_R113_T10SFH_20241204T204216", "s2:product_type": "S2MSI2A", "s2:unclassified_percentage": 0.011178, "s2:medium_proba_clouds_percentage": 0.000269, "s2:processing_baseline": "05.11", "s2:snow_ice_percentage": 0.000163, "s2:degraded_msi_data_percentage": 0.0027, "instruments": "msi", "s2:vegetation_percentage": 19.817396, "s2:product_uri": "S2B_MSIL2A_20241204T185659_N0511_R113_T10SFH_20241204T204216.SAFE", "s2:water_percentage": 4.010833, "s2:cloud_shadow_percentage": 0.0, "s2:high_proba_clouds_percentage": 0.0, "s2:datatake_id": "GS2B_20241204T185659_040465_N05.11", "s2:thin_cirrus_percentage": 0.00074, "s2:mean_solar_zenith": 61.909361329797797, "s2:granule_id": "S2B_OPER_MSI_L2A_TL_2BPS_20241204T204216_A040465_T10SFH_N05.11", "platform": "Sentinel-2B", "sat:relative_orbit": 113, "eo:cloud_cover": 0.001009, "s2:reflectance_conversion_factor": 1.02871767058948, "s2:datastrip_id": "S2B_OPER_MSI_L2A_DS_2BPS_20241204T204216_S20241204T185656_N05.11", "constellation": "Sentinel 2", "s2:datatake_type": "INS-NOBS", "s2:nodata_pixel_percentage": 0.0, "proj:code": "EPSG:32610", "s2:mgrs_tile": "10SFH", "s2:mean_solar_azimuth": 166.48490653242499, "s2:not_vegetated_percentage": 74.881774, "s2:generation_time": "2024-12-04T20:42:16.000000Z", "s2:saturated_defective_pixel_percentage": 0.0, "sat:orbit_state": "descending", "proj:bbox": "{600000.0, 4190220.0, 4300020.0, 709800.0}", "epsg": 32630, "spatial_ref": 0, "is_debris": 1.0, "nir_val": 0.10252120922451907, "re2_val": 0.11907417735638595, "swir1_val": 0.033954400588379494, "red_val": 0.036663807890222999, "FDI_val": 0.14287772486217692, "FDI": 0.14287772486217692, "longitude": -121.63033101452015, "latitude": 38.169617296472225, "location": "<a href=\"https://www.google.com/maps?q=38.169617296472225,-121.63033101452015\" target=\"_blank\">click me</a>" }, "geometry": { "type": "Point", "coordinates": [ -121.630331014520152, 38.169617296472225 ] } },
{ "type": "Feature", "properties": { "y": 13487833.316680703, "x": -4913348.7378962459, "time": "2024-12-04T18:56:59.024", "id": "S2B_MSIL2A_20241204T185659_R113_T10SFH_20241204T204216", "s2:product_type": "S2MSI2A", "s2:unclassified_percentage": 0.011178, "s2:medium_proba_clouds_percentage": 0.000269, "s2:processing_baseline": "05.11", "s2:snow_ice_percentage": 0.000163, "s2:degraded_msi_data_percentage": 0.0027, "instruments": "msi", "s2:vegetation_percentage": 19.817396, "s2:product_uri": "S2B_MSIL2A_20241204T185659_N0511_R113_T10SFH_20241204T204216.SAFE", "s2:water_percentage": 4.010833, "s2:cloud_shadow_percentage": 0.0, "s2:high_proba_clouds_percentage": 0.0, "s2:datatake_id": "GS2B_20241204T185659_040465_N05.11", "s2:thin_cirrus_percentage": 0.00074, "s2:mean_solar_zenith": 61.909361329797797, "s2:granule_id": "S2B_OPER_MSI_L2A_TL_2BPS_20241204T204216_A040465_T10SFH_N05.11", "platform": "Sentinel-2B", "sat:relative_orbit": 113, "eo:cloud_cover": 0.001009, "s2:reflectance_conversion_factor": 1.02871767058948, "s2:datastrip_id": "S2B_OPER_MSI_L2A_DS_2BPS_20241204T204216_S20241204T185656_N05.11", "constellation": "Sentinel 2", "s2:datatake_type": "INS-NOBS", "s2:nodata_pixel_percentage": 0.0, "proj:code": "EPSG:32610", "s2:mgrs_tile": "10SFH", "s2:mean_solar_azimuth": 166.48490653242499, "s2:not_vegetated_percentage": 74.881774, "s2:generation_time": "2024-12-04T20:42:16.000000Z", "s2:saturated_defective_pixel_percentage": 0.0, "sat:orbit_state": "descending", "proj:bbox": "{600000.0, 4190220.0, 4300020.0, 709800.0}", "epsg": 32630, "spatial_ref": 0, "is_debris": 1.0, "nir_val": 0.093918030828055915, "re2_val": 0.10833798103736755, "swir1_val": 0.044741358176023524, "red_val": 0.04138078902229847, "FDI_val": 0.10469753388018986, "FDI": 0.10469753388018986, "longitude": -121.62771215259841, "latitude": 38.167464088066296, "location": "<a href=\"https://www.google.com/maps?q=38.167464088066296,-121.6277121525984\" target=\"_blank\">click me</a>" }, "geometry": { "type": "Point", "coordinates": [ -121.627712152598406, 38.167464088066296 ] } },
{ "type": "Feature", "properties": { "y": 13487813.446186254, "x": -4913487.8558704201, "time": "2024-12-04T18:56:59.024", "id": "S2B_MSIL2A_20241204T185659_R113_T10SFH_20241204T204216", "s2:product_type": "S2MSI2A", "s2:unclassified_percentage": 0.011178, "s2:medium_proba_clouds_percentage": 0.000269, "s2:processing_baseline": "05.11", "s2:snow_ice_percentage": 0.000163, "s2:degraded_msi_data_percentage": 0.0027, "instruments": "msi", "s2:vegetation_percentage": 19.817396, "s2:product_uri": "S2B_MSIL2A_20241204T185659_N0511_R113_T10SFH_20241204T204216.SAFE", "s2:water_percentage": 4.010833, "s2:cloud_shadow_percentage": 0.0, "s2:high_proba_clouds_percentage": 0.0, "s2:datatake_id": "GS2B_20241204T185659_040465_N05.11", "s2:thin_cirrus_percentage": 0.00074, "s2:mean_solar_zenith": 61.909361329797797, "s2:granule_id": "S2B_OPER_MSI_L2A_TL_2BPS_20241204T204216_A040465_T10SFH_N05.11", "platform": "Sentinel-2B", "sat:relative_orbit": 113, "eo:cloud_cover": 0.001009, "s2:reflectance_conversion_factor": 1.02871767058948, "s2:datastrip_id": "S2B_OPER_MSI_L2A_DS_2BPS_20241204T204216_S20241204T185656_N05.11", "constellation": "Sentinel 2", "s2:datatake_type": "INS-NOBS", "s2:nodata_pixel_percentage": 0.0, "proj:code": "EPSG:32610", "s2:mgrs_tile": "10SFH", "s2:mean_solar_azimuth": 166.48490653242499, "s2:not_vegetated_percentage": 74.881774, "s2:generation_time": "2024-12-04T20:42:16.000000Z", "s2:saturated_defective_pixel_percentage": 0.0, "sat:orbit_state": "descending", "proj:bbox": "{600000.0, 4190220.0, 4300020.0, 709800.0}", "epsg": 32630, "spatial_ref": 0, "is_debris": 1.0, "nir_val": 0.076353208268610362, "re2_val": 0.1119631901840491, "swir1_val": 0.04927678352537386, "red_val": 0.057461406518010294, "FDI_val": 0.081802652778587892, "FDI": 0.081802652778587892, "longitude": -121.62682941018043, "latitude": 38.166868347449807, "location": "<a href=\"https://www.google.com/maps?q=38.16686834744981,-121.62682941018043\" target=\"_blank\">click me</a>" }, "geometry": { "type": "Point", "coordinates": [ -121.626829410180434, 38.166868347449807 ] } },
{ "type": "Feature", "properties": { "y": 13487793.575691802, "x": -4918337.1109702149, "time": "2024-12-04T18:56:59.024", "id": "S2B_MSIL2A_20241204T185659_R113_T10SFH_20241204T204216", "s2:product_type": "S2MSI2A", "s2:unclassified_percentage": 0.011178, "s2:medium_proba_clouds_percentage": 0.000269, "s2:processing_baseline": "05.11", "s2:snow_ice_percentage": 0.000163, "s2:degraded_msi_data_percentage": 0.0027, "instruments": "msi", "s2:vegetation_percentage": 19.817396, "s2:product_uri": "S2B_MSIL2A_20241204T185659_N0511_R113_T10SFH_20241204T204216.SAFE", "s2:water_percentage": 4.010833, "s2:cloud_shadow_percentage": 0.0, "s2:high_proba_clouds_percentage": 0.0, "s2:datatake_id": "GS2B_20241204T185659_040465_N05.11", "s2:thin_cirrus_percentage": 0.00074, "s2:mean_solar_zenith": 61.909361329797797, "s2:granule_id": "S2B_OPER_MSI_L2A_TL_2BPS_20241204T204216_A040465_T10SFH_N05.11", "platform": "Sentinel-2B", "sat:relative_orbit": 113, "eo:cloud_cover": 0.001009, "s2:reflectance_conversion_factor": 1.02871767058948, "s2:datastrip_id": "S2B_OPER_MSI_L2A_DS_2BPS_20241204T204216_S20241204T185656_N05.11", "constellation": "Sentinel 2", "s2:datatake_type": "INS-NOBS", "s2:nodata_pixel_percentage": 0.0, "proj:code": "EPSG:32610", "s2:mgrs_tile": "10SFH", "s2:mean_solar_azimuth": 166.48490653242499, "s2:not_vegetated_percentage": 74.881774, "s2:generation_time": "2024-12-04T20:42:16.000000Z", "s2:saturated_defective_pixel_percentage": 0.0, "sat:orbit_state": "descending", "proj:bbox": "{600000.0, 4190220.0, 4300020.0, 709800.0}", "epsg": 32630, "spatial_ref": 0, "is_debris": 1.0, "nir_val": 0.1401601147090453, "re2_val": 0.11461238148354713, "swir1_val": 0.077837705319931352, "red_val": 0.10634648370497427, "FDI_val": 0.094427285404968975, "FDI": 0.094427285404968975, "longitude": -121.60024935068942, "latitude": 38.143206123813506, "location": "<a href=\"https://www.google.com/maps?q=38.143206123813506,-121.60024935068942\" target=\"_blank\">click me</a>" }, "geometry": { "type": "Point", "coordinates": [ -121.600249350689424, 38.143206123813506 ] } },
{ "type": "Feature", "properties": { "y": 13487773.705197353, "x": -4913547.4778593527, "time": "2024-12-04T18:56:59.024", "id": "S2B_MSIL2A_20241204T185659_R113_T10SFH_20241204T204216", "s2:product_type": "S2MSI2A", "s2:unclassified_percentage": 0.011178, "s2:medium_proba_clouds_percentage": 0.000269, "s2:processing_baseline": "05.11", "s2:snow_ice_percentage": 0.000163, "s2:degraded_msi_data_percentage": 0.0027, "instruments": "msi", "s2:vegetation_percentage": 19.817396, "s2:product_uri": "S2B_MSIL2A_20241204T185659_N0511_R113_T10SFH_20241204T204216.SAFE", "s2:water_percentage": 4.010833, "s2:cloud_shadow_percentage": 0.0, "s2:high_proba_clouds_percentage": 0.0, "s2:datatake_id": "GS2B_20241204T185659_040465_N05.11", "s2:thin_cirrus_percentage": 0.00074, "s2:mean_solar_zenith": 61.909361329797797, "s2:granule_id": "S2B_OPER_MSI_L2A_TL_2BPS_20241204T204216_A040465_T10SFH_N05.11", "platform": "Sentinel-2B", "sat:relative_orbit": 113, "eo:cloud_cover": 0.001009, "s2:reflectance_conversion_factor": 1.02871767058948, "s2:datastrip_id": "S2B_OPER_MSI_L2A_DS_2BPS_20241204T204216_S20241204T185656_N05.11", "constellation": "Sentinel 2", "s2:datatake_type": "INS-NOBS", "s2:nodata_pixel_percentage": 0.0, "proj:code": "EPSG:32610", "s2:mgrs_tile": "10SFH", "s2:mean_solar_azimuth": 166.48490653242499, "s2:not_vegetated_percentage": 74.881774, "s2:generation_time": "2024-12-04T20:42:16.000000Z", "s2:saturated_defective_pixel_percentage": 0.0, "sat:orbit_state": "descending", "proj:bbox": "{600000.0, 4190220.0, 4300020.0, 709800.0}", "epsg": 32630, "spatial_ref": 0, "is_debris": 1.0, "nir_val": 0.18532680129047677, "re2_val": 0.13092582264361408, "swir1_val": 0.065089482716352023, "red_val": 0.10077186963979418, "FDI_val": 0.17771348835189318, "FDI": 0.17771348835189318, "longitude": -121.62625738658357, "latitude": 38.166747604446954, "location": "<a href=\"https://www.google.com/maps?q=38.166747604446954,-121.62625738658357\" target=\"_blank\">click me</a>" }, "geometry": { "type": "Point", "coordinates": [ -121.626257386583575, 38.166747604446954 ] } },
{ "type": "Feature", "properties": { "y": 13487753.834702902, "x": -4918535.8509333218, "time": "2024-12-04T18:56:59.024", "id": "S2B_MSIL2A_20241204T185659_R113_T10SFH_20241204T204216", "s2:product_type": "S2MSI2A", "s2:unclassified_percentage": 0.011178, "s2:medium_proba_clouds_percentage": 0.000269, "s2:processing_baseline": "05.11", "s2:snow_ice_percentage": 0.000163, "s2:degraded_msi_data_percentage": 0.0027, "instruments": "msi", "s2:vegetation_percentage": 19.817396, "s2:product_uri": "S2B_MSIL2A_20241204T185659_N0511_R113_T10SFH_20241204T204216.SAFE", "s2:water_percentage": 4.010833, "s2:cloud_shadow_percentage": 0.0, "s2:high_proba_clouds_percentage": 0.0, "s2:datatake_id": "GS2B_20241204T185659_040465_N05.11", "s2:thin_cirrus_percentage": 0.00074, "s2:mean_solar_zenith": 61.909361329797797, "s2:granule_id": "S2B_OPER_MSI_L2A_TL_2BPS_20241204T204216_A040465_T10SFH_N05.11", "platform": "Sentinel-2B", "sat:relative_orbit": 113, "eo:cloud_cover": 0.001009, "s2:reflectance_conversion_factor": 1.02871767058948, "s2:datastrip_id": "S2B_OPER_MSI_L2A_DS_2BPS_20241204T204216_S20241204T185656_N05.11", "constellation": "Sentinel 2", "s2:datatake_type": "INS-NOBS", "s2:nodata_pixel_percentage": 0.0, "proj:code": "EPSG:32610", "s2:mgrs_tile": "10SFH", "s2:mean_solar_azimuth": 166.48490653242499, "s2:not_vegetated_percentage": 74.881774, "s2:generation_time": "2024-12-04T20:42:16.000000Z", "s2:saturated_defective_pixel_percentage": 0.0, "sat:orbit_state": "descending", "proj:bbox": "{600000.0, 4190220.0, 4300020.0, 709800.0}", "epsg": 32630, "spatial_ref": 0, "is_debris": 1.0, "nir_val": 0.09236467917313898, "re2_val": 0.11614612381483549, "swir1_val": 0.054425104192203963, "red_val": 0.052530017152658676, "FDI_val": 0.091823004810216505, "FDI": 0.091823004810216505, "longitude": -121.59891932406775, "latitude": 38.142404112080257, "location": "<a href=\"https://www.google.com/maps?q=38.14240411208026,-121.59891932406775\" target=\"_blank\">click me</a>" }, "geometry": { "type": "Point", "coordinates": [ -121.598919324067751, 38.142404112080257 ] } },
{ "type": "Feature", "properties": { "y": 13487753.834702902, "x": -4913607.0998482844, "time": "2024-12-04T18:56:59.024", "id": "S2B_MSIL2A_20241204T185659_R113_T10SFH_20241204T204216", "s2:product_type": "S2MSI2A", "s2:unclassified_percentage": 0.011178, "s2:medium_proba_clouds_percentage": 0.000269, "s2:processing_baseline": "05.11", "s2:snow_ice_percentage": 0.000163, "s2:degraded_msi_data_percentage": 0.0027, "instruments": "msi", "s2:vegetation_percentage": 19.817396, "s2:product_uri": "S2B_MSIL2A_20241204T185659_N0511_R113_T10SFH_20241204T204216.SAFE", "s2:water_percentage": 4.010833, "s2:cloud_shadow_percentage": 0.0, "s2:high_proba_clouds_percentage": 0.0, "s2:datatake_id": "GS2B_20241204T185659_040465_N05.11", "s2:thin_cirrus_percentage": 0.00074, "s2:mean_solar_zenith": 61.909361329797797, "s2:granule_id": "S2B_OPER_MSI_L2A_TL_2BPS_20241204T204216_A040465_T10SFH_N05.11", "platform": "Sentinel-2B", "sat:relative_orbit": 113, "eo:cloud_cover": 0.001009, "s2:reflectance_conversion_factor": 1.02871767058948, "s2:datastrip_id": "S2B_OPER_MSI_L2A_DS_2BPS_20241204T204216_S20241204T185656_N05.11", "constellation": "Sentinel 2", "s2:datatake_type": "INS-NOBS", "s2:nodata_pixel_percentage": 0.0, "proj:code": "EPSG:32610", "s2:mgrs_tile": "10SFH", "s2:mean_solar_azimuth": 166.48490653242499, "s2:not_vegetated_percentage": 74.881774, "s2:generation_time": "2024-12-04T20:42:16.000000Z", "s2:saturated_defective_pixel_percentage": 0.0, "sat:orbit_state": "descending", "proj:bbox": "{600000.0, 4190220.0, 4300020.0, 709800.0}", "epsg": 32630, "spatial_ref": 0, "is_debris": 1.0, "nir_val": 0.16286294658860082, "re2_val": 0.1493307306190742, "swir1_val": 0.065334640843343936, "red_val": 0.061963979416809617, "FDI_val": 0.17085822539073567, "FDI": 0.17085822539073567, "longitude": -121.62580864229341, "latitude": 38.166541221017511, "location": "<a href=\"https://www.google.com/maps?q=38.16654122101751,-121.6258086422934\" target=\"_blank\">click me</a>" }, "geometry": { "type": "Point", "coordinates": [ -121.625808642293407, 38.166541221017511 ] } },
{ "type": "Feature", "properties": { "y": 13487733.96420845, "x": -4913666.7218372161, "time": "2024-12-04T18:56:59.024", "id": "S2B_MSIL2A_20241204T185659_R113_T10SFH_20241204T204216", "s2:product_type": "S2MSI2A", "s2:unclassified_percentage": 0.011178, "s2:medium_proba_clouds_percentage": 0.000269, "s2:processing_baseline": "05.11", "s2:snow_ice_percentage": 0.000163, "s2:degraded_msi_data_percentage": 0.0027, "instruments": "msi", "s2:vegetation_percentage": 19.817396, "s2:product_uri": "S2B_MSIL2A_20241204T185659_N0511_R113_T10SFH_20241204T204216.SAFE", "s2:water_percentage": 4.010833, "s2:cloud_shadow_percentage": 0.0, "s2:high_proba_clouds_percentage": 0.0, "s2:datatake_id": "GS2B_20241204T185659_040465_N05.11", "s2:thin_cirrus_percentage": 0.00074, "s2:mean_solar_zenith": 61.909361329797797, "s2:granule_id": "S2B_OPER_MSI_L2A_TL_2BPS_20241204T204216_A040465_T10SFH_N05.11", "platform": "Sentinel-2B", "sat:relative_orbit": 113, "eo:cloud_cover": 0.001009, "s2:reflectance_conversion_factor": 1.02871767058948, "s2:datastrip_id": "S2B_OPER_MSI_L2A_DS_2BPS_20241204T204216_S20241204T185656_N05.11", "constellation": "Sentinel 2", "s2:datatake_type": "INS-NOBS", "s2:nodata_pixel_percentage": 0.0, "proj:code": "EPSG:32610", "s2:mgrs_tile": "10SFH", "s2:mean_solar_azimuth": 166.48490653242499, "s2:not_vegetated_percentage": 74.881774, "s2:generation_time": "2024-12-04T20:42:16.000000Z", "s2:saturated_defective_pixel_percentage": 0.0, "sat:orbit_state": "descending", "proj:bbox": "{600000.0, 4190220.0, 4300020.0, 709800.0}", "epsg": 32630, "spatial_ref": 0, "is_debris": 1.0, "nir_val": 0.087824112797227877, "re2_val": 0.12493028443948689, "swir1_val": 0.056876685462123058, "red_val": 0.076329331046312177, "FDI_val": 0.090359299458200204, "FDI": 0.090359299458200204, "longitude": -121.62535990398905, "latitude": 38.166334836418656, "location": "<a href=\"https://www.google.com/maps?q=38.166334836418656,-121.62535990398905\" target=\"_blank\">click me</a>" }, "geometry": { "type": "Point", "coordinates": [ -121.62535990398905, 38.166334836418656 ] } },
{ "type": "Feature", "properties": { "y": 13487694.223219549, "x": -4913746.2178224586, "time": "2024-12-04T18:56:59.024", "id": "S2B_MSIL2A_20241204T185659_R113_T10SFH_20241204T204216", "s2:product_type": "S2MSI2A", "s2:unclassified_percentage": 0.011178, "s2:medium_proba_clouds_percentage": 0.000269, "s2:processing_baseline": "05.11", "s2:snow_ice_percentage": 0.000163, "s2:degraded_msi_data_percentage": 0.0027, "instruments": "msi", "s2:vegetation_percentage": 19.817396, "s2:product_uri": "S2B_MSIL2A_20241204T185659_N0511_R113_T10SFH_20241204T204216.SAFE", "s2:water_percentage": 4.010833, "s2:cloud_shadow_percentage": 0.0, "s2:high_proba_clouds_percentage": 0.0, "s2:datatake_id": "GS2B_20241204T185659_040465_N05.11", "s2:thin_cirrus_percentage": 0.00074, "s2:mean_solar_zenith": 61.909361329797797, "s2:granule_id": "S2B_OPER_MSI_L2A_TL_2BPS_20241204T204216_A040465_T10SFH_N05.11", "platform": "Sentinel-2B", "sat:relative_orbit": 113, "eo:cloud_cover": 0.001009, "s2:reflectance_conversion_factor": 1.02871767058948, "s2:datastrip_id": "S2B_OPER_MSI_L2A_DS_2BPS_20241204T204216_S20241204T185656_N05.11", "constellation": "Sentinel 2", "s2:datatake_type": "INS-NOBS", "s2:nodata_pixel_percentage": 0.0, "proj:code": "EPSG:32610", "s2:mgrs_tile": "10SFH", "s2:mean_solar_azimuth": 166.48490653242499, "s2:not_vegetated_percentage": 74.881774, "s2:generation_time": "2024-12-04T20:42:16.000000Z", "s2:saturated_defective_pixel_percentage": 0.0, "sat:orbit_state": "descending", "proj:bbox": "{600000.0, 4190220.0, 4300020.0, 709800.0}", "epsg": 32630, "spatial_ref": 0, "is_debris": 1.0, "nir_val": 0.11219978492054009, "re2_val": 0.1408254322364752, "swir1_val": 0.056263790144643291, "red_val": 0.078687821612349912, "FDI_val": 0.12975965057035321, "FDI": 0.12975965057035321, "longitude": -121.62467941414845, "latitude": 38.166116744228106, "location": "<a href=\"https://www.google.com/maps?q=38.166116744228106,-121.62467941414845\" target=\"_blank\">click me</a>" }, "geometry": { "type": "Point", "coordinates": [ -121.624679414148446, 38.166116744228106 ] } },
{ "type": "Feature", "properties": { "y": 13487694.223219549, "x": -4913626.9738445953, "time": "2024-12-04T18:56:59.024", "id": "S2B_MSIL2A_20241204T185659_R113_T10SFH_20241204T204216", "s2:product_type": "S2MSI2A", "s2:unclassified_percentage": 0.011178, "s2:medium_proba_clouds_percentage": 0.000269, "s2:processing_baseline": "05.11", "s2:snow_ice_percentage": 0.000163, "s2:degraded_msi_data_percentage": 0.0027, "instruments": "msi", "s2:vegetation_percentage": 19.817396, "s2:product_uri": "S2B_MSIL2A_20241204T185659_N0511_R113_T10SFH_20241204T204216.SAFE", "s2:water_percentage": 4.010833, "s2:cloud_shadow_percentage": 0.0, "s2:high_proba_clouds_percentage": 0.0, "s2:datatake_id": "GS2B_20241204T185659_040465_N05.11", "s2:thin_cirrus_percentage": 0.00074, "s2:mean_solar_zenith": 61.909361329797797, "s2:granule_id": "S2B_OPER_MSI_L2A_TL_2BPS_20241204T204216_A040465_T10SFH_N05.11", "platform": "Sentinel-2B", "sat:relative_orbit": 113, "eo:cloud_cover": 0.001009, "s2:reflectance_conversion_factor": 1.02871767058948, "s2:datastrip_id": "S2B_OPER_MSI_L2A_DS_2BPS_20241204T204216_S20241204T185656_N05.11", "constellation": "Sentinel 2", "s2:datatake_type": "INS-NOBS", "s2:nodata_pixel_percentage": 0.0, "proj:code": "EPSG:32610", "s2:mgrs_tile": "10SFH", "s2:mean_solar_azimuth": 166.48490653242499, "s2:not_vegetated_percentage": 74.881774, "s2:generation_time": "2024-12-04T20:42:16.000000Z", "s2:saturated_defective_pixel_percentage": 0.0, "sat:orbit_state": "descending", "proj:bbox": "{600000.0, 4190220.0, 4300020.0, 709800.0}", "epsg": 32630, "spatial_ref": 0, "is_debris": 1.0, "nir_val": 0.19273509379854223, "re2_val": 0.25292805354155051, "swir1_val": 0.17344937484677614, "red_val": 0.15437392795883362, "FDI_val": 0.088671867018632583, "FDI": 0.088671867018632583, "longitude": -121.62533033313321, "latitude": 38.166700788318707, "location": "<a href=\"https://www.google.com/maps?q=38.16670078831871,-121.6253303331332\" target=\"_blank\">click me</a>" }, "geometry": { "type": "Point", "coordinates": [ -121.625330333133206, 38.166700788318707 ] } },
{ "type": "Feature", "properties": { "y": 13487654.482230648, "x": -4913805.8398113903, "time": "2024-12-04T18:56:59.024", "id": "S2B_MSIL2A_20241204T185659_R113_T10SFH_20241204T204216", "s2:product_type": "S2MSI2A", "s2:unclassified_percentage": 0.011178, "s2:medium_proba_clouds_percentage": 0.000269, "s2:processing_baseline": "05.11", "s2:snow_ice_percentage": 0.000163, "s2:degraded_msi_data_percentage": 0.0027, "instruments": "msi", "s2:vegetation_percentage": 19.817396, "s2:product_uri": "S2B_MSIL2A_20241204T185659_N0511_R113_T10SFH_20241204T204216.SAFE", "s2:water_percentage": 4.010833, "s2:cloud_shadow_percentage": 0.0, "s2:high_proba_clouds_percentage": 0.0, "s2:datatake_id": "GS2B_20241204T185659_040465_N05.11", "s2:thin_cirrus_percentage": 0.00074, "s2:mean_solar_zenith": 61.909361329797797, "s2:granule_id": "S2B_OPER_MSI_L2A_TL_2BPS_20241204T204216_A040465_T10SFH_N05.11", "platform": "Sentinel-2B", "sat:relative_orbit": 113, "eo:cloud_cover": 0.001009, "s2:reflectance_conversion_factor": 1.02871767058948, "s2:datastrip_id": "S2B_OPER_MSI_L2A_DS_2BPS_20241204T204216_S20241204T185656_N05.11", "constellation": "Sentinel 2", "s2:datatake_type": "INS-NOBS", "s2:nodata_pixel_percentage": 0.0, "proj:code": "EPSG:32610", "s2:mgrs_tile": "10SFH", "s2:mean_solar_azimuth": 166.48490653242499, "s2:not_vegetated_percentage": 74.881774, "s2:generation_time": "2024-12-04T20:42:16.000000Z", "s2:saturated_defective_pixel_percentage": 0.0, "sat:orbit_state": "descending", "proj:bbox": "{600000.0, 4190220.0, 4300020.0, 709800.0}", "epsg": 32630, "spatial_ref": 0, "is_debris": 1.0, "nir_val": 0.11339467080893775, "re2_val": 0.13622420524261017, "swir1_val": 0.063250796763912723, "red_val": 0.077186963979416823, "FDI_val": 0.11385081795499896, "FDI": 0.11385081795499896, "longitude": -121.62410741788611, "latitude": 38.165995988207492, "location": "<a href=\"https://www.google.com/maps?q=38.16599598820749,-121.62410741788611\" target=\"_blank\">click me</a>" }, "geometry": { "type": "Point", "coordinates": [ -121.624107417886108, 38.165995988207492 ] } },
{ "type": "Feature", "properties": { "y": 13487634.611736197, "x": -4913825.7138077011, "time": "2024-12-04T18:56:59.024", "id": "S2B_MSIL2A_20241204T185659_R113_T10SFH_20241204T204216", "s2:product_type": "S2MSI2A", "s2:unclassified_percentage": 0.011178, "s2:medium_proba_clouds_percentage": 0.000269, "s2:processing_baseline": "05.11", "s2:snow_ice_percentage": 0.000163, "s2:degraded_msi_data_percentage": 0.0027, "instruments": "msi", "s2:vegetation_percentage": 19.817396, "s2:product_uri": "S2B_MSIL2A_20241204T185659_N0511_R113_T10SFH_20241204T204216.SAFE", "s2:water_percentage": 4.010833, "s2:cloud_shadow_percentage": 0.0, "s2:high_proba_clouds_percentage": 0.0, "s2:datatake_id": "GS2B_20241204T185659_040465_N05.11", "s2:thin_cirrus_percentage": 0.00074, "s2:mean_solar_zenith": 61.909361329797797, "s2:granule_id": "S2B_OPER_MSI_L2A_TL_2BPS_20241204T204216_A040465_T10SFH_N05.11", "platform": "Sentinel-2B", "sat:relative_orbit": 113, "eo:cloud_cover": 0.001009, "s2:reflectance_conversion_factor": 1.02871767058948, "s2:datastrip_id": "S2B_OPER_MSI_L2A_DS_2BPS_20241204T204216_S20241204T185656_N05.11", "constellation": "Sentinel 2", "s2:datatake_type": "INS-NOBS", "s2:nodata_pixel_percentage": 0.0, "proj:code": "EPSG:32610", "s2:mgrs_tile": "10SFH", "s2:mean_solar_azimuth": 166.48490653242499, "s2:not_vegetated_percentage": 74.881774, "s2:generation_time": "2024-12-04T20:42:16.000000Z", "s2:saturated_defective_pixel_percentage": 0.0, "sat:orbit_state": "descending", "proj:bbox": "{600000.0, 4190220.0, 4300020.0, 709800.0}", "epsg": 32630, "spatial_ref": 0, "is_debris": 1.0, "nir_val": 0.2424423467558848, "re2_val": 0.19102063580591189, "swir1_val": 0.10664378524148073, "red_val": 0.086192109777015441, "FDI_val": 0.20946089137224075, "FDI": 0.20946089137224075, "longitude": -121.62387566298952, "latitude": 38.165984279111335, "location": "<a href=\"https://www.google.com/maps?q=38.165984279111335,-121.62387566298952\" target=\"_blank\">click me</a>" }, "geometry": { "type": "Point", "coordinates": [ -121.623875662989519, 38.165984279111335 ] } },
{ "type": "Feature", "properties": { "y": 13487614.741241748, "x": -4913885.3357966328, "time": "2024-12-04T18:56:59.024", "id": "S2B_MSIL2A_20241204T185659_R113_T10SFH_20241204T204216", "s2:product_type": "S2MSI2A", "s2:unclassified_percentage": 0.011178, "s2:medium_proba_clouds_percentage": 0.000269, "s2:processing_baseline": "05.11", "s2:snow_ice_percentage": 0.000163, "s2:degraded_msi_data_percentage": 0.0027, "instruments": "msi", "s2:vegetation_percentage": 19.817396, "s2:product_uri": "S2B_MSIL2A_20241204T185659_N0511_R113_T10SFH_20241204T204216.SAFE", "s2:water_percentage": 4.010833, "s2:cloud_shadow_percentage": 0.0, "s2:high_proba_clouds_percentage": 0.0, "s2:datatake_id": "GS2B_20241204T185659_040465_N05.11", "s2:thin_cirrus_percentage": 0.00074, "s2:mean_solar_zenith": 61.909361329797797, "s2:granule_id": "S2B_OPER_MSI_L2A_TL_2BPS_20241204T204216_A040465_T10SFH_N05.11", "platform": "Sentinel-2B", "sat:relative_orbit": 113, "eo:cloud_cover": 0.001009, "s2:reflectance_conversion_factor": 1.02871767058948, "s2:datastrip_id": "S2B_OPER_MSI_L2A_DS_2BPS_20241204T204216_S20241204T185656_N05.11", "constellation": "Sentinel 2", "s2:datatake_type": "INS-NOBS", "s2:nodata_pixel_percentage": 0.0, "proj:code": "EPSG:32610", "s2:mgrs_tile": "10SFH", "s2:mean_solar_azimuth": 166.48490653242499, "s2:not_vegetated_percentage": 74.881774, "s2:generation_time": "2024-12-04T20:42:16.000000Z", "s2:saturated_defective_pixel_percentage": 0.0, "sat:orbit_state": "descending", "proj:bbox": "{600000.0, 4190220.0, 4300020.0, 709800.0}", "epsg": 32630, "spatial_ref": 0, "is_debris": 1.0, "nir_val": 0.25295734257378422, "re2_val": 0.20942554378137201, "swir1_val": 0.096837460161804348, "red_val": 0.096483704974271028, "FDI_val": 0.25441106652430079, "FDI": 0.25441106652430079, "longitude": -121.62342694751464, "latitude": 38.165777887352746, "location": "<a href=\"https://www.google.com/maps?q=38.165777887352746,-121.62342694751464\" target=\"_blank\">click me</a>" }, "geometry": { "type": "Point", "coordinates": [ -121.623426947514645, 38.165777887352746 ] } },
{ "type": "Feature", "properties": { "y": 13487614.741241748, "x": -4907505.7829809198, "time": "2024-12-04T18:56:59.024", "id": "S2B_MSIL2A_20241204T185659_R113_T10SFH_20241204T204216", "s2:product_type": "S2MSI2A", "s2:unclassified_percentage": 0.011178, "s2:medium_proba_clouds_percentage": 0.000269, "s2:processing_baseline": "05.11", "s2:snow_ice_percentage": 0.000163, "s2:degraded_msi_data_percentage": 0.0027, "instruments": "msi", "s2:vegetation_percentage": 19.817396, "s2:product_uri": "S2B_MSIL2A_20241204T185659_N0511_R113_T10SFH_20241204T204216.SAFE", "s2:water_percentage": 4.010833, "s2:cloud_shadow_percentage": 0.0, "s2:high_proba_clouds_percentage": 0.0, "s2:datatake_id": "GS2B_20241204T185659_040465_N05.11", "s2:thin_cirrus_percentage": 0.00074, "s2:mean_solar_zenith": 61.909361329797797, "s2:granule_id": "S2B_OPER_MSI_L2A_TL_2BPS_20241204T204216_A040465_T10SFH_N05.11", "platform": "Sentinel-2B", "sat:relative_orbit": 113, "eo:cloud_cover": 0.001009, "s2:reflectance_conversion_factor": 1.02871767058948, "s2:datastrip_id": "S2B_OPER_MSI_L2A_DS_2BPS_20241204T204216_S20241204T185656_N05.11", "constellation": "Sentinel 2", "s2:datatake_type": "INS-NOBS", "s2:nodata_pixel_percentage": 0.0, "proj:code": "EPSG:32610", "s2:mgrs_tile": "10SFH", "s2:mean_solar_azimuth": 166.48490653242499, "s2:not_vegetated_percentage": 74.881774, "s2:generation_time": "2024-12-04T20:42:16.000000Z", "s2:saturated_defective_pixel_percentage": 0.0, "sat:orbit_state": "descending", "proj:bbox": "{600000.0, 4190220.0, 4300020.0, 709800.0}", "epsg": 32630, "spatial_ref": 0, "is_debris": 1.0, "nir_val": 0.097861154259768185, "re2_val": 0.094534300055772458, "swir1_val": 0.045721990683991173, "red_val": 0.055853344768439117, "FDI_val": 0.094753084455903525, "FDI": 0.094753084455903525, "longitude": -121.65827601062922, "latitude": 38.197029744618931, "location": "<a href=\"https://www.google.com/maps?q=38.19702974461893,-121.65827601062922\" target=\"_blank\">click me</a>" }, "geometry": { "type": "Point", "coordinates": [ -121.658276010629223, 38.197029744618931 ] } },
{ "type": "Feature", "properties": { "y": 13487555.129758395, "x": -4914004.5797744971, "time": "2024-12-04T18:56:59.024", "id": "S2B_MSIL2A_20241204T185659_R113_T10SFH_20241204T204216", "s2:product_type": "S2MSI2A", "s2:unclassified_percentage": 0.011178, "s2:medium_proba_clouds_percentage": 0.000269, "s2:processing_baseline": "05.11", "s2:snow_ice_percentage": 0.000163, "s2:degraded_msi_data_percentage": 0.0027, "instruments": "msi", "s2:vegetation_percentage": 19.817396, "s2:product_uri": "S2B_MSIL2A_20241204T185659_N0511_R113_T10SFH_20241204T204216.SAFE", "s2:water_percentage": 4.010833, "s2:cloud_shadow_percentage": 0.0, "s2:high_proba_clouds_percentage": 0.0, "s2:datatake_id": "GS2B_20241204T185659_040465_N05.11", "s2:thin_cirrus_percentage": 0.00074, "s2:mean_solar_zenith": 61.909361329797797, "s2:granule_id": "S2B_OPER_MSI_L2A_TL_2BPS_20241204T204216_A040465_T10SFH_N05.11", "platform": "Sentinel-2B", "sat:relative_orbit": 113, "eo:cloud_cover": 0.001009, "s2:reflectance_conversion_factor": 1.02871767058948, "s2:datastrip_id": "S2B_OPER_MSI_L2A_DS_2BPS_20241204T204216_S20241204T185656_N05.11", "constellation": "Sentinel 2", "s2:datatake_type": "INS-NOBS", "s2:nodata_pixel_percentage": 0.0, "proj:code": "EPSG:32610", "s2:mgrs_tile": "10SFH", "s2:mean_solar_azimuth": 166.48490653242499, "s2:not_vegetated_percentage": 74.881774, "s2:generation_time": "2024-12-04T20:42:16.000000Z", "s2:saturated_defective_pixel_percentage": 0.0, "sat:orbit_state": "descending", "proj:bbox": "{600000.0, 4190220.0, 4300020.0, 709800.0}", "epsg": 32630, "spatial_ref": 0, "is_debris": 1.0, "nir_val": 0.13777034293224996, "re2_val": 0.11544896820970441, "swir1_val": 0.062025006128953161, "red_val": 0.080081475128644941, "FDI_val": 0.12238530369919072, "FDI": 0.12238530369919072, "longitude": -121.62240626273396, "latitude": 38.165450727788247, "location": "<a href=\"https://www.google.com/maps?q=38.16545072778825,-121.62240626273396\" target=\"_blank\">click me</a>" }, "geometry": { "type": "Point", "coordinates": [ -121.622406262733961, 38.165450727788247 ] } },
{ "type": "Feature", "properties": { "y": 13487535.259263944, "x": -4914064.2017634287, "time": "2024-12-04T18:56:59.024", "id": "S2B_MSIL2A_20241204T185659_R113_T10SFH_20241204T204216", "s2:product_type": "S2MSI2A", "s2:unclassified_percentage": 0.011178, "s2:medium_proba_clouds_percentage": 0.000269, "s2:processing_baseline": "05.11", "s2:snow_ice_percentage": 0.000163, "s2:degraded_msi_data_percentage": 0.0027, "instruments": "msi", "s2:vegetation_percentage": 19.817396, "s2:product_uri": "S2B_MSIL2A_20241204T185659_N0511_R113_T10SFH_20241204T204216.SAFE", "s2:water_percentage": 4.010833, "s2:cloud_shadow_percentage": 0.0, "s2:high_proba_clouds_percentage": 0.0, "s2:datatake_id": "GS2B_20241204T185659_040465_N05.11", "s2:thin_cirrus_percentage": 0.00074, "s2:mean_solar_zenith": 61.909361329797797, "s2:granule_id": "S2B_OPER_MSI_L2A_TL_2BPS_20241204T204216_A040465_T10SFH_N05.11", "platform": "Sentinel-2B", "sat:relative_orbit": 113, "eo:cloud_cover": 0.001009, "s2:reflectance_conversion_factor": 1.02871767058948, "s2:datastrip_id": "S2B_OPER_MSI_L2A_DS_2BPS_20241204T204216_S20241204T185656_N05.11", "constellation": "Sentinel 2", "s2:datatake_type": "INS-NOBS", "s2:nodata_pixel_percentage": 0.0, "proj:code": "EPSG:32610", "s2:mgrs_tile": "10SFH", "s2:mean_solar_azimuth": 166.48490653242499, "s2:not_vegetated_percentage": 74.881774, "s2:generation_time": "2024-12-04T20:42:16.000000Z", "s2:saturated_defective_pixel_percentage": 0.0, "sat:orbit_state": "descending", "proj:bbox": "{600000.0, 4190220.0, 4300020.0, 709800.0}", "epsg": 32630, "spatial_ref": 0, "is_debris": 1.0, "nir_val": 0.071454176126179964, "re2_val": 0.10624651422197437, "swir1_val": 0.042657514096592283, "red_val": 0.080188679245283029, "FDI_val": 0.084310868488254559, "FDI": 0.084310868488254559, "longitude": -121.62195756559383, "latitude": 38.165244331291632, "location": "<a href=\"https://www.google.com/maps?q=38.16524433129163,-121.62195756559383\" target=\"_blank\">click me</a>" }, "geometry": { "type": "Point", "coordinates": [ -121.621957565593831, 38.165244331291632 ] } },
{ "type": "Feature", "properties": { "y": 13487535.259263944, "x": -4914024.4537708079, "time": "2024-12-04T18:56:59.024", "id": "S2B_MSIL2A_20241204T185659_R113_T10SFH_20241204T204216", "s2:product_type": "S2MSI2A", "s2:unclassified_percentage": 0.011178, "s2:medium_proba_clouds_percentage": 0.000269, "s2:processing_baseline": "05.11", "s2:snow_ice_percentage": 0.000163, "s2:degraded_msi_data_percentage": 0.0027, "instruments": "msi", "s2:vegetation_percentage": 19.817396, "s2:product_uri": "S2B_MSIL2A_20241204T185659_N0511_R113_T10SFH_20241204T204216.SAFE", "s2:water_percentage": 4.010833, "s2:cloud_shadow_percentage": 0.0, "s2:high_proba_clouds_percentage": 0.0, "s2:datatake_id": "GS2B_20241204T185659_040465_N05.11", "s2:thin_cirrus_percentage": 0.00074, "s2:mean_solar_zenith": 61.909361329797797, "s2:granule_id": "S2B_OPER_MSI_L2A_TL_2BPS_20241204T204216_A040465_T10SFH_N05.11", "platform": "Sentinel-2B", "sat:relative_orbit": 113, "eo:cloud_cover": 0.001009, "s2:reflectance_conversion_factor": 1.02871767058948, "s2:datastrip_id": "S2B_OPER_MSI_L2A_DS_2BPS_20241204T204216_S20241204T185656_N05.11", "constellation": "Sentinel 2", "s2:datatake_type": "INS-NOBS", "s2:nodata_pixel_percentage": 0.0, "proj:code": "EPSG:32610", "s2:mgrs_tile": "10SFH", "s2:mean_solar_azimuth": 166.48490653242499, "s2:not_vegetated_percentage": 74.881774, "s2:generation_time": "2024-12-04T20:42:16.000000Z", "s2:saturated_defective_pixel_percentage": 0.0, "sat:orbit_state": "descending", "proj:bbox": "{600000.0, 4190220.0, 4300020.0, 709800.0}", "epsg": 32630, "spatial_ref": 0, "is_debris": 1.0, "nir_val": 0.15808340303501014, "re2_val": 0.14947016174010042, "swir1_val": 0.099166462368227501, "red_val": 0.10420240137221271, "FDI_val": 0.10283286868984629, "FDI": 0.10283286868984629, "longitude": -121.62217451495731, "latitude": 38.165439013597613, "location": "<a href=\"https://www.google.com/maps?q=38.16543901359761,-121.62217451495731\" target=\"_blank\">click me</a>" }, "geometry": { "type": "Point", "coordinates": [ -121.622174514957308, 38.165439013597613 ] } },
{ "type": "Feature", "properties": { "y": 13487515.388769494, "x": -4914084.0757597396, "time": "2024-12-04T18:56:59.024", "id": "S2B_MSIL2A_20241204T185659_R113_T10SFH_20241204T204216", "s2:product_type": "S2MSI2A", "s2:unclassified_percentage": 0.011178, "s2:medium_proba_clouds_percentage": 0.000269, "s2:processing_baseline": "05.11", "s2:snow_ice_percentage": 0.000163, "s2:degraded_msi_data_percentage": 0.0027, "instruments": "msi", "s2:vegetation_percentage": 19.817396, "s2:product_uri": "S2B_MSIL2A_20241204T185659_N0511_R113_T10SFH_20241204T204216.SAFE", "s2:water_percentage": 4.010833, "s2:cloud_shadow_percentage": 0.0, "s2:high_proba_clouds_percentage": 0.0, "s2:datatake_id": "GS2B_20241204T185659_040465_N05.11", "s2:thin_cirrus_percentage": 0.00074, "s2:mean_solar_zenith": 61.909361329797797, "s2:granule_id": "S2B_OPER_MSI_L2A_TL_2BPS_20241204T204216_A040465_T10SFH_N05.11", "platform": "Sentinel-2B", "sat:relative_orbit": 113, "eo:cloud_cover": 0.001009, "s2:reflectance_conversion_factor": 1.02871767058948, "s2:datastrip_id": "S2B_OPER_MSI_L2A_DS_2BPS_20241204T204216_S20241204T185656_N05.11", "constellation": "Sentinel 2", "s2:datatake_type": "INS-NOBS", "s2:nodata_pixel_percentage": 0.0, "proj:code": "EPSG:32610", "s2:mgrs_tile": "10SFH", "s2:mean_solar_azimuth": 166.48490653242499, "s2:not_vegetated_percentage": 74.881774, "s2:generation_time": "2024-12-04T20:42:16.000000Z", "s2:saturated_defective_pixel_percentage": 0.0, "sat:orbit_state": "descending", "proj:bbox": "{600000.0, 4190220.0, 4300020.0, 709800.0}", "epsg": 32630, "spatial_ref": 0, "is_debris": 1.0, "nir_val": 0.092962122117337787, "re2_val": 0.13273842721695484, "swir1_val": 0.05797989703358665, "red_val": 0.05424528301886794, "FDI_val": 0.1002476085771678, "FDI": 0.1002476085771678, "longitude": -121.62172582006444, "latitude": 38.165232615890673, "location": "<a href=\"https://www.google.com/maps?q=38.16523261589067,-121.62172582006444\" target=\"_blank\">click me</a>" }, "geometry": { "type": "Point", "coordinates": [ -121.621725820064441, 38.165232615890673 ] } },
{ "type": "Feature", "properties": { "y": 13487515.388769494, "x": -4914044.3277671179, "time": "2024-12-04T18:56:59.024", "id": "S2B_MSIL2A_20241204T185659_R113_T10SFH_20241204T204216", "s2:product_type": "S2MSI2A", "s2:unclassified_percentage": 0.011178, "s2:medium_proba_clouds_percentage": 0.000269, "s2:processing_baseline": "05.11", "s2:snow_ice_percentage": 0.000163, "s2:degraded_msi_data_percentage": 0.0027, "instruments": "msi", "s2:vegetation_percentage": 19.817396, "s2:product_uri": "S2B_MSIL2A_20241204T185659_N0511_R113_T10SFH_20241204T204216.SAFE", "s2:water_percentage": 4.010833, "s2:cloud_shadow_percentage": 0.0, "s2:high_proba_clouds_percentage": 0.0, "s2:datatake_id": "GS2B_20241204T185659_040465_N05.11", "s2:thin_cirrus_percentage": 0.00074, "s2:mean_solar_zenith": 61.909361329797797, "s2:granule_id": "S2B_OPER_MSI_L2A_TL_2BPS_20241204T204216_A040465_T10SFH_N05.11", "platform": "Sentinel-2B", "sat:relative_orbit": 113, "eo:cloud_cover": 0.001009, "s2:reflectance_conversion_factor": 1.02871767058948, "s2:datastrip_id": "S2B_OPER_MSI_L2A_DS_2BPS_20241204T204216_S20241204T185656_N05.11", "constellation": "Sentinel 2", "s2:datatake_type": "INS-NOBS", "s2:nodata_pixel_percentage": 0.0, "proj:code": "EPSG:32610", "s2:mgrs_tile": "10SFH", "s2:mean_solar_azimuth": 166.48490653242499, "s2:not_vegetated_percentage": 74.881774, "s2:generation_time": "2024-12-04T20:42:16.000000Z", "s2:saturated_defective_pixel_percentage": 0.0, "sat:orbit_state": "descending", "proj:bbox": "{600000.0, 4190220.0, 4300020.0, 709800.0}", "epsg": 32630, "spatial_ref": 0, "is_debris": 1.0, "nir_val": 0.22332417254152229, "re2_val": 0.26589514779698831, "swir1_val": 0.14415297867124294, "red_val": 0.16702401372212691, "FDI_val": 0.18545403993243798, "FDI": 0.18545403993243798, "longitude": -121.62194276778146, "latitude": 38.165427298579544, "location": "<a href=\"https://www.google.com/maps?q=38.165427298579544,-121.62194276778146\" target=\"_blank\">click me</a>" }, "geometry": { "type": "Point", "coordinates": [ -121.621942767781462, 38.165427298579544 ] } },
{ "type": "Feature", "properties": { "y": 13487515.388769494, "x": -4914024.4537708079, "time": "2024-12-04T18:56:59.024", "id": "S2B_MSIL2A_20241204T185659_R113_T10SFH_20241204T204216", "s2:product_type": "S2MSI2A", "s2:unclassified_percentage": 0.011178, "s2:medium_proba_clouds_percentage": 0.000269, "s2:processing_baseline": "05.11", "s2:snow_ice_percentage": 0.000163, "s2:degraded_msi_data_percentage": 0.0027, "instruments": "msi", "s2:vegetation_percentage": 19.817396, "s2:product_uri": "S2B_MSIL2A_20241204T185659_N0511_R113_T10SFH_20241204T204216.SAFE", "s2:water_percentage": 4.010833, "s2:cloud_shadow_percentage": 0.0, "s2:high_proba_clouds_percentage": 0.0, "s2:datatake_id": "GS2B_20241204T185659_040465_N05.11", "s2:thin_cirrus_percentage": 0.00074, "s2:mean_solar_zenith": 61.909361329797797, "s2:granule_id": "S2B_OPER_MSI_L2A_TL_2BPS_20241204T204216_A040465_T10SFH_N05.11", "platform": "Sentinel-2B", "sat:relative_orbit": 113, "eo:cloud_cover": 0.001009, "s2:reflectance_conversion_factor": 1.02871767058948, "s2:datastrip_id": "S2B_OPER_MSI_L2A_DS_2BPS_20241204T204216_S20241204T185656_N05.11", "constellation": "Sentinel 2", "s2:datatake_type": "INS-NOBS", "s2:nodata_pixel_percentage": 0.0, "proj:code": "EPSG:32610", "s2:mgrs_tile": "10SFH", "s2:mean_solar_azimuth": 166.48490653242499, "s2:not_vegetated_percentage": 74.881774, "s2:generation_time": "2024-12-04T20:42:16.000000Z", "s2:saturated_defective_pixel_percentage": 0.0, "sat:orbit_state": "descending", "proj:bbox": "{600000.0, 4190220.0, 4300020.0, 709800.0}", "epsg": 32630, "spatial_ref": 0, "is_debris": 1.0, "nir_val": 0.27661608316405784, "re2_val": 0.27495817066369216, "swir1_val": 0.20519735229222846, "red_val": 0.22534305317324185, "FDI_val": 0.1323210326246945, "FDI": 0.1323210326246945, "longitude": -121.62205124242436, "latitude": 38.165524640083085, "location": "<a href=\"https://www.google.com/maps?q=38.165524640083085,-121.62205124242436\" target=\"_blank\">click me</a>" }, "geometry": { "type": "Point", "coordinates": [ -121.622051242424362, 38.165524640083085 ] } },
{ "type": "Feature", "properties": { "y": 13487495.518275043, "x": -4914103.9497560505, "time": "2024-12-04T18:56:59.024", "id": "S2B_MSIL2A_20241204T185659_R113_T10SFH_20241204T204216", "s2:product_type": "S2MSI2A", "s2:unclassified_percentage": 0.011178, "s2:medium_proba_clouds_percentage": 0.000269, "s2:processing_baseline": "05.11", "s2:snow_ice_percentage": 0.000163, "s2:degraded_msi_data_percentage": 0.0027, "instruments": "msi", "s2:vegetation_percentage": 19.817396, "s2:product_uri": "S2B_MSIL2A_20241204T185659_N0511_R113_T10SFH_20241204T204216.SAFE", "s2:water_percentage": 4.010833, "s2:cloud_shadow_percentage": 0.0, "s2:high_proba_clouds_percentage": 0.0, "s2:datatake_id": "GS2B_20241204T185659_040465_N05.11", "s2:thin_cirrus_percentage": 0.00074, "s2:mean_solar_zenith": 61.909361329797797, "s2:granule_id": "S2B_OPER_MSI_L2A_TL_2BPS_20241204T204216_A040465_T10SFH_N05.11", "platform": "Sentinel-2B", "sat:relative_orbit": 113, "eo:cloud_cover": 0.001009, "s2:reflectance_conversion_factor": 1.02871767058948, "s2:datastrip_id": "S2B_OPER_MSI_L2A_DS_2BPS_20241204T204216_S20241204T185656_N05.11", "constellation": "Sentinel 2", "s2:datatake_type": "INS-NOBS", "s2:nodata_pixel_percentage": 0.0, "proj:code": "EPSG:32610", "s2:mgrs_tile": "10SFH", "s2:mean_solar_azimuth": 166.48490653242499, "s2:not_vegetated_percentage": 74.881774, "s2:generation_time": "2024-12-04T20:42:16.000000Z", "s2:saturated_defective_pixel_percentage": 0.0, "sat:orbit_state": "descending", "proj:bbox": "{600000.0, 4190220.0, 4300020.0, 709800.0}", "epsg": 32630, "spatial_ref": 0, "is_debris": 1.0, "nir_val": 0.2563030230612976, "re2_val": 0.19408812046848856, "swir1_val": 0.10566315273351311, "red_val": 0.08554888507718697, "FDI_val": 0.22783627073133447, "FDI": 0.22783627073133447, "longitude": -121.62149407513584, "latitude": 38.165220899662337, "location": "<a href=\"https://www.google.com/maps?q=38.16522089966234,-121.62149407513584\" target=\"_blank\">click me</a>" }, "geometry": { "type": "Point", "coordinates": [ -121.621494075135843, 38.165220899662337 ] } },
{ "type": "Feature", "properties": { "y": 13487475.647780592, "x": -4909612.4265898475, "time": "2024-12-04T18:56:59.024", "id": "S2B_MSIL2A_20241204T185659_R113_T10SFH_20241204T204216", "s2:product_type": "S2MSI2A", "s2:unclassified_percentage": 0.011178, "s2:medium_proba_clouds_percentage": 0.000269, "s2:processing_baseline": "05.11", "s2:snow_ice_percentage": 0.000163, "s2:degraded_msi_data_percentage": 0.0027, "instruments": "msi", "s2:vegetation_percentage": 19.817396, "s2:product_uri": "S2B_MSIL2A_20241204T185659_N0511_R113_T10SFH_20241204T204216.SAFE", "s2:water_percentage": 4.010833, "s2:cloud_shadow_percentage": 0.0, "s2:high_proba_clouds_percentage": 0.0, "s2:datatake_id": "GS2B_20241204T185659_040465_N05.11", "s2:thin_cirrus_percentage": 0.00074, "s2:mean_solar_zenith": 61.909361329797797, "s2:granule_id": "S2B_OPER_MSI_L2A_TL_2BPS_20241204T204216_A040465_T10SFH_N05.11", "platform": "Sentinel-2B", "sat:relative_orbit": 113, "eo:cloud_cover": 0.001009, "s2:reflectance_conversion_factor": 1.02871767058948, "s2:datastrip_id": "S2B_OPER_MSI_L2A_DS_2BPS_20241204T204216_S20241204T185656_N05.11", "constellation": "Sentinel 2", "s2:datatake_type": "INS-NOBS", "s2:nodata_pixel_percentage": 0.0, "proj:code": "EPSG:32610", "s2:mgrs_tile": "10SFH", "s2:mean_solar_azimuth": 166.48490653242499, "s2:not_vegetated_percentage": 74.881774, "s2:generation_time": "2024-12-04T20:42:16.000000Z", "s2:saturated_defective_pixel_percentage": 0.0, "sat:orbit_state": "descending", "proj:bbox": "{600000.0, 4190220.0, 4300020.0, 709800.0}", "epsg": 32630, "spatial_ref": 0, "is_debris": 1.0, "nir_val": 0.1349026168000956, "re2_val": 0.11656441717791413, "swir1_val": 0.058470213287570474, "red_val": 0.054030874785591765, "FDI_val": 0.12714956563901558, "FDI": 0.12714956563901558, "longitude": -121.6458988837235, "latitude": 38.187308461142074, "location": "<a href=\"https://www.google.com/maps?q=38.187308461142074,-121.6458988837235\" target=\"_blank\">click me</a>" }, "geometry": { "type": "Point", "coordinates": [ -121.645898883723504, 38.187308461142074 ] } },
{ "type": "Feature", "properties": { "y": 13487336.554319438, "x": -4907545.5309735416, "time": "2024-12-04T18:56:59.024", "id": "S2B_MSIL2A_20241204T185659_R113_T10SFH_20241204T204216", "s2:product_type": "S2MSI2A", "s2:unclassified_percentage": 0.011178, "s2:medium_proba_clouds_percentage": 0.000269, "s2:processing_baseline": "05.11", "s2:snow_ice_percentage": 0.000163, "s2:degraded_msi_data_percentage": 0.0027, "instruments": "msi", "s2:vegetation_percentage": 19.817396, "s2:product_uri": "S2B_MSIL2A_20241204T185659_N0511_R113_T10SFH_20241204T204216.SAFE", "s2:water_percentage": 4.010833, "s2:cloud_shadow_percentage": 0.0, "s2:high_proba_clouds_percentage": 0.0, "s2:datatake_id": "GS2B_20241204T185659_040465_N05.11", "s2:thin_cirrus_percentage": 0.00074, "s2:mean_solar_zenith": 61.909361329797797, "s2:granule_id": "S2B_OPER_MSI_L2A_TL_2BPS_20241204T204216_A040465_T10SFH_N05.11", "platform": "Sentinel-2B", "sat:relative_orbit": 113, "eo:cloud_cover": 0.001009, "s2:reflectance_conversion_factor": 1.02871767058948, "s2:datastrip_id": "S2B_OPER_MSI_L2A_DS_2BPS_20241204T204216_S20241204T185656_N05.11", "constellation": "Sentinel 2", "s2:datatake_type": "INS-NOBS", "s2:nodata_pixel_percentage": 0.0, "proj:code": "EPSG:32610", "s2:mgrs_tile": "10SFH", "s2:mean_solar_azimuth": 166.48490653242499, "s2:not_vegetated_percentage": 74.881774, "s2:generation_time": "2024-12-04T20:42:16.000000Z", "s2:saturated_defective_pixel_percentage": 0.0, "sat:orbit_state": "descending", "proj:bbox": "{600000.0, 4190220.0, 4300020.0, 709800.0}", "epsg": 32630, "spatial_ref": 0, "is_debris": 1.0, "nir_val": 0.090691838929382262, "re2_val": 0.10025097601784719, "swir1_val": 0.022309389556263784, "red_val": 0.046526586620926236, "FDI_val": 0.13642669152211984, "FDI": 0.13642669152211984, "longitude": -121.65633151136169, "latitude": 38.198035112879985, "location": "<a href=\"https://www.google.com/maps?q=38.198035112879985,-121.65633151136169\" target=\"_blank\">click me</a>" }, "geometry": { "type": "Point", "coordinates": [ -121.656331511361685, 38.198035112879985 ] } },
{ "type": "Feature", "properties": { "y": 13487257.072341636, "x": -4914998.2795900283, "time": "2024-12-04T18:56:59.024", "id": "S2B_MSIL2A_20241204T185659_R113_T10SFH_20241204T204216", "s2:product_type": "S2MSI2A", "s2:unclassified_percentage": 0.011178, "s2:medium_proba_clouds_percentage": 0.000269, "s2:processing_baseline": "05.11", "s2:snow_ice_percentage": 0.000163, "s2:degraded_msi_data_percentage": 0.0027, "instruments": "msi", "s2:vegetation_percentage": 19.817396, "s2:product_uri": "S2B_MSIL2A_20241204T185659_N0511_R113_T10SFH_20241204T204216.SAFE", "s2:water_percentage": 4.010833, "s2:cloud_shadow_percentage": 0.0, "s2:high_proba_clouds_percentage": 0.0, "s2:datatake_id": "GS2B_20241204T185659_040465_N05.11", "s2:thin_cirrus_percentage": 0.00074, "s2:mean_solar_zenith": 61.909361329797797, "s2:granule_id": "S2B_OPER_MSI_L2A_TL_2BPS_20241204T204216_A040465_T10SFH_N05.11", "platform": "Sentinel-2B", "sat:relative_orbit": 113, "eo:cloud_cover": 0.001009, "s2:reflectance_conversion_factor": 1.02871767058948, "s2:datastrip_id": "S2B_OPER_MSI_L2A_DS_2BPS_20241204T204216_S20241204T185656_N05.11", "constellation": "Sentinel 2", "s2:datatake_type": "INS-NOBS", "s2:nodata_pixel_percentage": 0.0, "proj:code": "EPSG:32610", "s2:mgrs_tile": "10SFH", "s2:mean_solar_azimuth": 166.48490653242499, "s2:not_vegetated_percentage": 74.881774, "s2:generation_time": "2024-12-04T20:42:16.000000Z", "s2:saturated_defective_pixel_percentage": 0.0, "sat:orbit_state": "descending", "proj:bbox": "{600000.0, 4190220.0, 4300020.0, 709800.0}", "epsg": 32630, "spatial_ref": 0, "is_debris": 1.0, "nir_val": 0.28832596487035489, "re2_val": 0.26031790295593976, "swir1_val": 0.20764893356214753, "red_val": 0.19146655231560891, "FDI_val": 0.12665787760437516, "FDI": 0.12665787760437516, "longitude": -121.6151342006509, "latitude": 38.161867955188669, "location": "<a href=\"https://www.google.com/maps?q=38.16186795518867,-121.6151342006509\" target=\"_blank\">click me</a>" }, "geometry": { "type": "Point", "coordinates": [ -121.6151342006509, 38.161867955188669 ] } },
{ "type": "Feature", "properties": { "y": 13487257.072341636, "x": -4909831.0405492643, "time": "2024-12-04T18:56:59.024", "id": "S2B_MSIL2A_20241204T185659_R113_T10SFH_20241204T204216", "s2:product_type": "S2MSI2A", "s2:unclassified_percentage": 0.011178, "s2:medium_proba_clouds_percentage": 0.000269, "s2:processing_baseline": "05.11", "s2:snow_ice_percentage": 0.000163, "s2:degraded_msi_data_percentage": 0.0027, "instruments": "msi", "s2:vegetation_percentage": 19.817396, "s2:product_uri": "S2B_MSIL2A_20241204T185659_N0511_R113_T10SFH_20241204T204216.SAFE", "s2:water_percentage": 4.010833, "s2:cloud_shadow_percentage": 0.0, "s2:high_proba_clouds_percentage": 0.0, "s2:datatake_id": "GS2B_20241204T185659_040465_N05.11", "s2:thin_cirrus_percentage": 0.00074, "s2:mean_solar_zenith": 61.909361329797797, "s2:granule_id": "S2B_OPER_MSI_L2A_TL_2BPS_20241204T204216_A040465_T10SFH_N05.11", "platform": "Sentinel-2B", "sat:relative_orbit": 113, "eo:cloud_cover": 0.001009, "s2:reflectance_conversion_factor": 1.02871767058948, "s2:datastrip_id": "S2B_OPER_MSI_L2A_DS_2BPS_20241204T204216_S20241204T185656_N05.11", "constellation": "Sentinel 2", "s2:datatake_type": "INS-NOBS", "s2:nodata_pixel_percentage": 0.0, "proj:code": "EPSG:32610", "s2:mgrs_tile": "10SFH", "s2:mean_solar_azimuth": 166.48490653242499, "s2:not_vegetated_percentage": 74.881774, "s2:generation_time": "2024-12-04T20:42:16.000000Z", "s2:saturated_defective_pixel_percentage": 0.0, "sat:orbit_state": "descending", "proj:bbox": "{600000.0, 4190220.0, 4300020.0, 709800.0}", "epsg": 32630, "spatial_ref": 0, "is_debris": 1.0, "nir_val": 0.18126418926992474, "re2_val": 0.12102621305075295, "swir1_val": 0.053934787938220138, "red_val": 0.045668953687821617, "FDI_val": 0.1859012803982015, "FDI": 0.1859012803982015, "longitude": -121.64334767930212, "latitude": 38.18717999754989, "location": "<a href=\"https://www.google.com/maps?q=38.18717999754989,-121.64334767930212\" target=\"_blank\">click me</a>" }, "geometry": { "type": "Point", "coordinates": [ -121.643347679302124, 38.18717999754989 ] } },
{ "type": "Feature", "properties": { "y": 13487217.331352733, "x": -4915097.6495715817, "time": "2024-12-04T18:56:59.024", "id": "S2B_MSIL2A_20241204T185659_R113_T10SFH_20241204T204216", "s2:product_type": "S2MSI2A", "s2:unclassified_percentage": 0.011178, "s2:medium_proba_clouds_percentage": 0.000269, "s2:processing_baseline": "05.11", "s2:snow_ice_percentage": 0.000163, "s2:degraded_msi_data_percentage": 0.0027, "instruments": "msi", "s2:vegetation_percentage": 19.817396, "s2:product_uri": "S2B_MSIL2A_20241204T185659_N0511_R113_T10SFH_20241204T204216.SAFE", "s2:water_percentage": 4.010833, "s2:cloud_shadow_percentage": 0.0, "s2:high_proba_clouds_percentage": 0.0, "s2:datatake_id": "GS2B_20241204T185659_040465_N05.11", "s2:thin_cirrus_percentage": 0.00074, "s2:mean_solar_zenith": 61.909361329797797, "s2:granule_id": "S2B_OPER_MSI_L2A_TL_2BPS_20241204T204216_A040465_T10SFH_N05.11", "platform": "Sentinel-2B", "sat:relative_orbit": 113, "eo:cloud_cover": 0.001009, "s2:reflectance_conversion_factor": 1.02871767058948, "s2:datastrip_id": "S2B_OPER_MSI_L2A_DS_2BPS_20241204T204216_S20241204T185656_N05.11", "constellation": "Sentinel 2", "s2:datatake_type": "INS-NOBS", "s2:nodata_pixel_percentage": 0.0, "proj:code": "EPSG:32610", "s2:mgrs_tile": "10SFH", "s2:mean_solar_azimuth": 166.48490653242499, "s2:not_vegetated_percentage": 74.881774, "s2:generation_time": "2024-12-04T20:42:16.000000Z", "s2:saturated_defective_pixel_percentage": 0.0, "sat:orbit_state": "descending", "proj:bbox": "{600000.0, 4190220.0, 4300020.0, 709800.0}", "epsg": 32630, "spatial_ref": 0, "is_debris": 1.0, "nir_val": 0.26012665790417011, "re2_val": 0.29573340769659789, "swir1_val": 0.22382936994361358, "red_val": 0.22255574614065179, "FDI_val": 0.09907065425284442, "FDI": 0.09907065425284442, "longitude": -121.61434545249962, "latitude": 38.161552466421156, "location": "<a href=\"https://www.google.com/maps?q=38.161552466421156,-121.61434545249962\" target=\"_blank\">click me</a>" }, "geometry": { "type": "Point", "coordinates": [ -121.61434545249962, 38.161552466421156 ] } },
{ "type": "Feature", "properties": { "y": 13487217.331352733, "x": -4914879.035612165, "time": "2024-12-04T18:56:59.024", "id": "S2B_MSIL2A_20241204T185659_R113_T10SFH_20241204T204216", "s2:product_type": "S2MSI2A", "s2:unclassified_percentage": 0.011178, "s2:medium_proba_clouds_percentage": 0.000269, "s2:processing_baseline": "05.11", "s2:snow_ice_percentage": 0.000163, "s2:degraded_msi_data_percentage": 0.0027, "instruments": "msi", "s2:vegetation_percentage": 19.817396, "s2:product_uri": "S2B_MSIL2A_20241204T185659_N0511_R113_T10SFH_20241204T204216.SAFE", "s2:water_percentage": 4.010833, "s2:cloud_shadow_percentage": 0.0, "s2:high_proba_clouds_percentage": 0.0, "s2:datatake_id": "GS2B_20241204T185659_040465_N05.11", "s2:thin_cirrus_percentage": 0.00074, "s2:mean_solar_zenith": 61.909361329797797, "s2:granule_id": "S2B_OPER_MSI_L2A_TL_2BPS_20241204T204216_A040465_T10SFH_N05.11", "platform": "Sentinel-2B", "sat:relative_orbit": 113, "eo:cloud_cover": 0.001009, "s2:reflectance_conversion_factor": 1.02871767058948, "s2:datastrip_id": "S2B_OPER_MSI_L2A_DS_2BPS_20241204T204216_S20241204T185656_N05.11", "constellation": "Sentinel 2", "s2:datatake_type": "INS-NOBS", "s2:nodata_pixel_percentage": 0.0, "proj:code": "EPSG:32610", "s2:mgrs_tile": "10SFH", "s2:mean_solar_azimuth": 166.48490653242499, "s2:not_vegetated_percentage": 74.881774, "s2:generation_time": "2024-12-04T20:42:16.000000Z", "s2:saturated_defective_pixel_percentage": 0.0, "sat:orbit_state": "descending", "proj:bbox": "{600000.0, 4190220.0, 4300020.0, 709800.0}", "epsg": 32630, "spatial_ref": 0, "is_debris": 1.0, "nir_val": 0.09355956506153662, "re2_val": 0.099553820412716126, "swir1_val": 0.050012257906349597, "red_val": 0.077830188679245293, "FDI_val": 0.086797877597253034, "FDI": 0.086797877597253034, "longitude": -121.6155383479424, "latitude": 38.162623216018133, "location": "<a href=\"https://www.google.com/maps?q=38.16262321601813,-121.6155383479424\" target=\"_blank\">click me</a>" }, "geometry": { "type": "Point", "coordinates": [ -121.615538347942405, 38.162623216018133 ] } },
{ "type": "Feature", "properties": { "y": 13487018.626408227, "x": -4905359.3913793713, "time": "2024-12-04T18:56:59.024", "id": "S2B_MSIL2A_20241204T185659_R113_T10SFH_20241204T204216", "s2:product_type": "S2MSI2A", "s2:unclassified_percentage": 0.011178, "s2:medium_proba_clouds_percentage": 0.000269, "s2:processing_baseline": "05.11", "s2:snow_ice_percentage": 0.000163, "s2:degraded_msi_data_percentage": 0.0027, "instruments": "msi", "s2:vegetation_percentage": 19.817396, "s2:product_uri": "S2B_MSIL2A_20241204T185659_N0511_R113_T10SFH_20241204T204216.SAFE", "s2:water_percentage": 4.010833, "s2:cloud_shadow_percentage": 0.0, "s2:high_proba_clouds_percentage": 0.0, "s2:datatake_id": "GS2B_20241204T185659_040465_N05.11", "s2:thin_cirrus_percentage": 0.00074, "s2:mean_solar_zenith": 61.909361329797797, "s2:granule_id": "S2B_OPER_MSI_L2A_TL_2BPS_20241204T204216_A040465_T10SFH_N05.11", "platform": "Sentinel-2B", "sat:relative_orbit": 113, "eo:cloud_cover": 0.001009, "s2:reflectance_conversion_factor": 1.02871767058948, "s2:datastrip_id": "S2B_OPER_MSI_L2A_DS_2BPS_20241204T204216_S20241204T185656_N05.11", "constellation": "Sentinel 2", "s2:datatake_type": "INS-NOBS", "s2:nodata_pixel_percentage": 0.0, "proj:code": "EPSG:32610", "s2:mgrs_tile": "10SFH", "s2:mean_solar_azimuth": 166.48490653242499, "s2:not_vegetated_percentage": 74.881774, "s2:generation_time": "2024-12-04T20:42:16.000000Z", "s2:saturated_defective_pixel_percentage": 0.0, "sat:orbit_state": "descending", "proj:bbox": "{600000.0, 4190220.0, 4300020.0, 709800.0}", "epsg": 32630, "spatial_ref": 0, "is_debris": 1.0, "nir_val": 0.11351415939777751, "re2_val": 0.086168432794199668, "swir1_val": 0.053567050747732284, "red_val": 0.072255574614065177, "FDI_val": 0.088408632658865949, "FDI": 0.088408632658865949, "longitude": -121.66631079516893, "latitude": 38.210119419984672, "location": "<a href=\"https://www.google.com/maps?q=38.21011941998467,-121.66631079516893\" target=\"_blank\">click me</a>" }, "geometry": { "type": "Point", "coordinates": [ -121.666310795168926, 38.210119419984672 ] } },
{ "type": "Feature", "properties": { "y": 13486998.755913777, "x": -4905637.6273277206, "time": "2024-12-04T18:56:59.024", "id": "S2B_MSIL2A_20241204T185659_R113_T10SFH_20241204T204216", "s2:product_type": "S2MSI2A", "s2:unclassified_percentage": 0.011178, "s2:medium_proba_clouds_percentage": 0.000269, "s2:processing_baseline": "05.11", "s2:snow_ice_percentage": 0.000163, "s2:degraded_msi_data_percentage": 0.0027, "instruments": "msi", "s2:vegetation_percentage": 19.817396, "s2:product_uri": "S2B_MSIL2A_20241204T185659_N0511_R113_T10SFH_20241204T204216.SAFE", "s2:water_percentage": 4.010833, "s2:cloud_shadow_percentage": 0.0, "s2:high_proba_clouds_percentage": 0.0, "s2:datatake_id": "GS2B_20241204T185659_040465_N05.11", "s2:thin_cirrus_percentage": 0.00074, "s2:mean_solar_zenith": 61.909361329797797, "s2:granule_id": "S2B_OPER_MSI_L2A_TL_2BPS_20241204T204216_A040465_T10SFH_N05.11", "platform": "Sentinel-2B", "sat:relative_orbit": 113, "eo:cloud_cover": 0.001009, "s2:reflectance_conversion_factor": 1.02871767058948, "s2:datastrip_id": "S2B_OPER_MSI_L2A_DS_2BPS_20241204T204216_S20241204T185656_N05.11", "constellation": "Sentinel 2", "s2:datatake_type": "INS-NOBS", "s2:nodata_pixel_percentage": 0.0, "proj:code": "EPSG:32610", "s2:mgrs_tile": "10SFH", "s2:mean_solar_azimuth": 166.48490653242499, "s2:not_vegetated_percentage": 74.881774, "s2:generation_time": "2024-12-04T20:42:16.000000Z", "s2:saturated_defective_pixel_percentage": 0.0, "sat:orbit_state": "descending", "proj:bbox": "{600000.0, 4190220.0, 4300020.0, 709800.0}", "epsg": 32630, "spatial_ref": 0, "is_debris": 1.0, "nir_val": 0.16620862707611425, "re2_val": 0.087981037367540454, "swir1_val": 0.047560676636430474, "red_val": 0.064000857632933117, "FDI_val": 0.15393556695097027, "FDI": 0.15393556695097027, "longitude": -121.66466569365988, "latitude": 38.208841641862996, "location": "<a href=\"https://www.google.com/maps?q=38.208841641862996,-121.66466569365988\" target=\"_blank\">click me</a>" }, "geometry": { "type": "Point", "coordinates": [ -121.664665693659884, 38.208841641862996 ] } },
{ "type": "Feature", "properties": { "y": 13486939.144430425, "x": -4915177.1455568243, "time": "2024-12-04T18:56:59.024", "id": "S2B_MSIL2A_20241204T185659_R113_T10SFH_20241204T204216", "s2:product_type": "S2MSI2A", "s2:unclassified_percentage": 0.011178, "s2:medium_proba_clouds_percentage": 0.000269, "s2:processing_baseline": "05.11", "s2:snow_ice_percentage": 0.000163, "s2:degraded_msi_data_percentage": 0.0027, "instruments": "msi", "s2:vegetation_percentage": 19.817396, "s2:product_uri": "S2B_MSIL2A_20241204T185659_N0511_R113_T10SFH_20241204T204216.SAFE", "s2:water_percentage": 4.010833, "s2:cloud_shadow_percentage": 0.0, "s2:high_proba_clouds_percentage": 0.0, "s2:datatake_id": "GS2B_20241204T185659_040465_N05.11", "s2:thin_cirrus_percentage": 0.00074, "s2:mean_solar_zenith": 61.909361329797797, "s2:granule_id": "S2B_OPER_MSI_L2A_TL_2BPS_20241204T204216_A040465_T10SFH_N05.11", "platform": "Sentinel-2B", "sat:relative_orbit": 113, "eo:cloud_cover": 0.001009, "s2:reflectance_conversion_factor": 1.02871767058948, "s2:datastrip_id": "S2B_OPER_MSI_L2A_DS_2BPS_20241204T204216_S20241204T185656_N05.11", "constellation": "Sentinel 2", "s2:datatake_type": "INS-NOBS", "s2:nodata_pixel_percentage": 0.0, "proj:code": "EPSG:32610", "s2:mgrs_tile": "10SFH", "s2:mean_solar_azimuth": 166.48490653242499, "s2:not_vegetated_percentage": 74.881774, "s2:generation_time": "2024-12-04T20:42:16.000000Z", "s2:saturated_defective_pixel_percentage": 0.0, "sat:orbit_state": "descending", "proj:bbox": "{600000.0, 4190220.0, 4300020.0, 709800.0}", "epsg": 32630, "spatial_ref": 0, "is_debris": 1.0, "nir_val": 0.28282948978372568, "re2_val": 0.18530395984383718, "swir1_val": 0.1420691345918117, "red_val": 0.16981132075471697, "FDI_val": 0.17850504390399971, "FDI": 0.17850504390399971, "longitude": -121.6121859517953, "latitude": 38.162361528747574, "location": "<a href=\"https://www.google.com/maps?q=38.162361528747574,-121.6121859517953\" target=\"_blank\">click me</a>" }, "geometry": { "type": "Point", "coordinates": [ -121.612185951795297, 38.162361528747574 ] } },
{ "type": "Feature", "properties": { "y": 13486919.273935974, "x": -4915177.1455568243, "time": "2024-12-04T18:56:59.024", "id": "S2B_MSIL2A_20241204T185659_R113_T10SFH_20241204T204216", "s2:product_type": "S2MSI2A", "s2:unclassified_percentage": 0.011178, "s2:medium_proba_clouds_percentage": 0.000269, "s2:processing_baseline": "05.11", "s2:snow_ice_percentage": 0.000163, "s2:degraded_msi_data_percentage": 0.0027, "instruments": "msi", "s2:vegetation_percentage": 19.817396, "s2:product_uri": "S2B_MSIL2A_20241204T185659_N0511_R113_T10SFH_20241204T204216.SAFE", "s2:water_percentage": 4.010833, "s2:cloud_shadow_percentage": 0.0, "s2:high_proba_clouds_percentage": 0.0, "s2:datatake_id": "GS2B_20241204T185659_040465_N05.11", "s2:thin_cirrus_percentage": 0.00074, "s2:mean_solar_zenith": 61.909361329797797, "s2:granule_id": "S2B_OPER_MSI_L2A_TL_2BPS_20241204T204216_A040465_T10SFH_N05.11", "platform": "Sentinel-2B", "sat:relative_orbit": 113, "eo:cloud_cover": 0.001009, "s2:reflectance_conversion_factor": 1.02871767058948, "s2:datastrip_id": "S2B_OPER_MSI_L2A_DS_2BPS_20241204T204216_S20241204T185656_N05.11", "constellation": "Sentinel 2", "s2:datatake_type": "INS-NOBS", "s2:nodata_pixel_percentage": 0.0, "proj:code": "EPSG:32610", "s2:mgrs_tile": "10SFH", "s2:mean_solar_azimuth": 166.48490653242499, "s2:not_vegetated_percentage": 74.881774, "s2:generation_time": "2024-12-04T20:42:16.000000Z", "s2:saturated_defective_pixel_percentage": 0.0, "sat:orbit_state": "descending", "proj:bbox": "{600000.0, 4190220.0, 4300020.0, 709800.0}", "epsg": 32630, "spatial_ref": 0, "is_debris": 1.0, "nir_val": 0.19990440912892818, "re2_val": 0.10959286112660346, "swir1_val": 0.081147340034322127, "red_val": 0.084905660377358499, "FDI_val": 0.14359046052437546, "FDI": 0.14359046052437546, "longitude": -121.61206268100258, "latitude": 38.162447127825615, "location": "<a href=\"https://www.google.com/maps?q=38.162447127825615,-121.61206268100258\" target=\"_blank\">click me</a>" }, "geometry": { "type": "Point", "coordinates": [ -121.612062681002584, 38.162447127825615 ] } },
{ "type": "Feature", "properties": { "y": 13486899.403441522, "x": -4914898.9096084759, "time": "2024-12-04T18:56:59.024", "id": "S2B_MSIL2A_20241204T185659_R113_T10SFH_20241204T204216", "s2:product_type": "S2MSI2A", "s2:unclassified_percentage": 0.011178, "s2:medium_proba_clouds_percentage": 0.000269, "s2:processing_baseline": "05.11", "s2:snow_ice_percentage": 0.000163, "s2:degraded_msi_data_percentage": 0.0027, "instruments": "msi", "s2:vegetation_percentage": 19.817396, "s2:product_uri": "S2B_MSIL2A_20241204T185659_N0511_R113_T10SFH_20241204T204216.SAFE", "s2:water_percentage": 4.010833, "s2:cloud_shadow_percentage": 0.0, "s2:high_proba_clouds_percentage": 0.0, "s2:datatake_id": "GS2B_20241204T185659_040465_N05.11", "s2:thin_cirrus_percentage": 0.00074, "s2:mean_solar_zenith": 61.909361329797797, "s2:granule_id": "S2B_OPER_MSI_L2A_TL_2BPS_20241204T204216_A040465_T10SFH_N05.11", "platform": "Sentinel-2B", "sat:relative_orbit": 113, "eo:cloud_cover": 0.001009, "s2:reflectance_conversion_factor": 1.02871767058948, "s2:datastrip_id": "S2B_OPER_MSI_L2A_DS_2BPS_20241204T204216_S20241204T185656_N05.11", "constellation": "Sentinel 2", "s2:datatake_type": "INS-NOBS", "s2:nodata_pixel_percentage": 0.0, "proj:code": "EPSG:32610", "s2:mgrs_tile": "10SFH", "s2:mean_solar_azimuth": 166.48490653242499, "s2:not_vegetated_percentage": 74.881774, "s2:generation_time": "2024-12-04T20:42:16.000000Z", "s2:saturated_defective_pixel_percentage": 0.0, "sat:orbit_state": "descending", "proj:bbox": "{600000.0, 4190220.0, 4300020.0, 709800.0}", "epsg": 32630, "spatial_ref": 0, "is_debris": 1.0, "nir_val": 0.055323216632811562, "re2_val": 0.13176240936977135, "swir1_val": 0.047070360382446677, "red_val": 0.04759862778730703, "FDI_val": 0.082190359334537194, "FDI": 0.082190359334537194, "longitude": -121.61345755466657, "latitude": 38.163895561692073, "location": "<a href=\"https://www.google.com/maps?q=38.16389556169207,-121.61345755466657\" target=\"_blank\">click me</a>" }, "geometry": { "type": "Point", "coordinates": [ -121.613457554666567, 38.163895561692073 ] } },
{ "type": "Feature", "properties": { "y": 13486641.087013664, "x": -4915634.2474719686, "time": "2024-12-04T18:56:59.024", "id": "S2B_MSIL2A_20241204T185659_R113_T10SFH_20241204T204216", "s2:product_type": "S2MSI2A", "s2:unclassified_percentage": 0.011178, "s2:medium_proba_clouds_percentage": 0.000269, "s2:processing_baseline": "05.11", "s2:snow_ice_percentage": 0.000163, "s2:degraded_msi_data_percentage": 0.0027, "instruments": "msi", "s2:vegetation_percentage": 19.817396, "s2:product_uri": "S2B_MSIL2A_20241204T185659_N0511_R113_T10SFH_20241204T204216.SAFE", "s2:water_percentage": 4.010833, "s2:cloud_shadow_percentage": 0.0, "s2:high_proba_clouds_percentage": 0.0, "s2:datatake_id": "GS2B_20241204T185659_040465_N05.11", "s2:thin_cirrus_percentage": 0.00074, "s2:mean_solar_zenith": 61.909361329797797, "s2:granule_id": "S2B_OPER_MSI_L2A_TL_2BPS_20241204T204216_A040465_T10SFH_N05.11", "platform": "Sentinel-2B", "sat:relative_orbit": 113, "eo:cloud_cover": 0.001009, "s2:reflectance_conversion_factor": 1.02871767058948, "s2:datastrip_id": "S2B_OPER_MSI_L2A_DS_2BPS_20241204T204216_S20241204T185656_N05.11", "constellation": "Sentinel 2", "s2:datatake_type": "INS-NOBS", "s2:nodata_pixel_percentage": 0.0, "proj:code": "EPSG:32610", "s2:mgrs_tile": "10SFH", "s2:mean_solar_azimuth": 166.48490653242499, "s2:not_vegetated_percentage": 74.881774, "s2:generation_time": "2024-12-04T20:42:16.000000Z", "s2:saturated_defective_pixel_percentage": 0.0, "sat:orbit_state": "descending", "proj:bbox": "{600000.0, 4190220.0, 4300020.0, 709800.0}", "epsg": 32630, "spatial_ref": 0, "is_debris": 1.0, "nir_val": 0.29884096068825428, "re2_val": 0.31525376464026772, "swir1_val": 0.23522922284873737, "red_val": 0.24442538593481991, "FDI_val": 0.13347443305434495, "FDI": 0.13347443305434495, "longitude": -121.60784305197539, "latitude": 38.161406492207853, "location": "<a href=\"https://www.google.com/maps?q=38.16140649220785,-121.6078430519754\" target=\"_blank\">click me</a>" }, "geometry": { "type": "Point", "coordinates": [ -121.607843051975394, 38.161406492207853 ] } },
{ "type": "Feature", "properties": { "y": 13486621.216519214, "x": -4906889.6890952904, "time": "2024-12-04T18:56:59.024", "id": "S2B_MSIL2A_20241204T185659_R113_T10SFH_20241204T204216", "s2:product_type": "S2MSI2A", "s2:unclassified_percentage": 0.011178, "s2:medium_proba_clouds_percentage": 0.000269, "s2:processing_baseline": "05.11", "s2:snow_ice_percentage": 0.000163, "s2:degraded_msi_data_percentage": 0.0027, "instruments": "msi", "s2:vegetation_percentage": 19.817396, "s2:product_uri": "S2B_MSIL2A_20241204T185659_N0511_R113_T10SFH_20241204T204216.SAFE", "s2:water_percentage": 4.010833, "s2:cloud_shadow_percentage": 0.0, "s2:high_proba_clouds_percentage": 0.0, "s2:datatake_id": "GS2B_20241204T185659_040465_N05.11", "s2:thin_cirrus_percentage": 0.00074, "s2:mean_solar_zenith": 61.909361329797797, "s2:granule_id": "S2B_OPER_MSI_L2A_TL_2BPS_20241204T204216_A040465_T10SFH_N05.11", "platform": "Sentinel-2B", "sat:relative_orbit": 113, "eo:cloud_cover": 0.001009, "s2:reflectance_conversion_factor": 1.02871767058948, "s2:datastrip_id": "S2B_OPER_MSI_L2A_DS_2BPS_20241204T204216_S20241204T185656_N05.11", "constellation": "Sentinel 2", "s2:datatake_type": "INS-NOBS", "s2:nodata_pixel_percentage": 0.0, "proj:code": "EPSG:32610", "s2:mgrs_tile": "10SFH", "s2:mean_solar_azimuth": 166.48490653242499, "s2:not_vegetated_percentage": 74.881774, "s2:generation_time": "2024-12-04T20:42:16.000000Z", "s2:saturated_defective_pixel_percentage": 0.0, "sat:orbit_state": "descending", "proj:bbox": "{600000.0, 4190220.0, 4300020.0, 709800.0}", "epsg": 32630, "spatial_ref": 0, "is_debris": 1.0, "nir_val": 0.076114231090930823, "re2_val": 0.077523703290574453, "swir1_val": 0.029541554302525128, "red_val": 0.04545454545454547, "FDI_val": 0.088461854476385243, "FDI": 0.088461854476385243, "longitude": -121.65547480088611, "latitude": 38.204334734892825, "location": "<a href=\"https://www.google.com/maps?q=38.204334734892825,-121.65547480088611\" target=\"_blank\">click me</a>" }, "geometry": { "type": "Point", "coordinates": [ -121.655474800886111, 38.204334734892825 ] } },
{ "type": "Feature", "properties": { "y": 13486601.346024763, "x": -4915375.8855199311, "time": "2024-12-04T18:56:59.024", "id": "S2B_MSIL2A_20241204T185659_R113_T10SFH_20241204T204216", "s2:product_type": "S2MSI2A", "s2:unclassified_percentage": 0.011178, "s2:medium_proba_clouds_percentage": 0.000269, "s2:processing_baseline": "05.11", "s2:snow_ice_percentage": 0.000163, "s2:degraded_msi_data_percentage": 0.0027, "instruments": "msi", "s2:vegetation_percentage": 19.817396, "s2:product_uri": "S2B_MSIL2A_20241204T185659_N0511_R113_T10SFH_20241204T204216.SAFE", "s2:water_percentage": 4.010833, "s2:cloud_shadow_percentage": 0.0, "s2:high_proba_clouds_percentage": 0.0, "s2:datatake_id": "GS2B_20241204T185659_040465_N05.11", "s2:thin_cirrus_percentage": 0.00074, "s2:mean_solar_zenith": 61.909361329797797, "s2:granule_id": "S2B_OPER_MSI_L2A_TL_2BPS_20241204T204216_A040465_T10SFH_N05.11", "platform": "Sentinel-2B", "sat:relative_orbit": 113, "eo:cloud_cover": 0.001009, "s2:reflectance_conversion_factor": 1.02871767058948, "s2:datastrip_id": "S2B_OPER_MSI_L2A_DS_2BPS_20241204T204216_S20241204T185656_N05.11", "constellation": "Sentinel 2", "s2:datatake_type": "INS-NOBS", "s2:nodata_pixel_percentage": 0.0, "proj:code": "EPSG:32610", "s2:mgrs_tile": "10SFH", "s2:mean_solar_azimuth": 166.48490653242499, "s2:not_vegetated_percentage": 74.881774, "s2:generation_time": "2024-12-04T20:42:16.000000Z", "s2:saturated_defective_pixel_percentage": 0.0, "sat:orbit_state": "descending", "proj:bbox": "{600000.0, 4190220.0, 4300020.0, 709800.0}", "epsg": 32630, "spatial_ref": 0, "is_debris": 1.0, "nir_val": 0.080654797466841927, "re2_val": 0.10471277189068601, "swir1_val": 0.046947781318950707, "red_val": 0.076543739279588352, "FDI_val": 0.084136769821628377, "FDI": 0.084136769821628377, "longitude": -121.60900599577577, "latitude": 38.162843181505586, "location": "<a href=\"https://www.google.com/maps?q=38.162843181505586,-121.60900599577577\" target=\"_blank\">click me</a>" }, "geometry": { "type": "Point", "coordinates": [ -121.609005995775775, 38.162843181505586 ] } },
{ "type": "Feature", "properties": { "y": 13486601.346024763, "x": -4904524.6835343251, "time": "2024-12-04T18:56:59.024", "id": "S2B_MSIL2A_20241204T185659_R113_T10SFH_20241204T204216", "s2:product_type": "S2MSI2A", "s2:unclassified_percentage": 0.011178, "s2:medium_proba_clouds_percentage": 0.000269, "s2:processing_baseline": "05.11", "s2:snow_ice_percentage": 0.000163, "s2:degraded_msi_data_percentage": 0.0027, "instruments": "msi", "s2:vegetation_percentage": 19.817396, "s2:product_uri": "S2B_MSIL2A_20241204T185659_N0511_R113_T10SFH_20241204T204216.SAFE", "s2:water_percentage": 4.010833, "s2:cloud_shadow_percentage": 0.0, "s2:high_proba_clouds_percentage": 0.0, "s2:datatake_id": "GS2B_20241204T185659_040465_N05.11", "s2:thin_cirrus_percentage": 0.00074, "s2:mean_solar_zenith": 61.909361329797797, "s2:granule_id": "S2B_OPER_MSI_L2A_TL_2BPS_20241204T204216_A040465_T10SFH_N05.11", "platform": "Sentinel-2B", "sat:relative_orbit": 113, "eo:cloud_cover": 0.001009, "s2:reflectance_conversion_factor": 1.02871767058948, "s2:datastrip_id": "S2B_OPER_MSI_L2A_DS_2BPS_20241204T204216_S20241204T185656_N05.11", "constellation": "Sentinel 2", "s2:datatake_type": "INS-NOBS", "s2:nodata_pixel_percentage": 0.0, "proj:code": "EPSG:32610", "s2:mgrs_tile": "10SFH", "s2:mean_solar_azimuth": 166.48490653242499, "s2:not_vegetated_percentage": 74.881774, "s2:generation_time": "2024-12-04T20:42:16.000000Z", "s2:saturated_defective_pixel_percentage": 0.0, "sat:orbit_state": "descending", "proj:bbox": "{600000.0, 4190220.0, 4300020.0, 709800.0}", "epsg": 32630, "spatial_ref": 0, "is_debris": 1.0, "nir_val": 0.11889114589556699, "re2_val": 0.0704127161182376, "swir1_val": 0.030399607746996807, "red_val": 0.046955403087478559, "FDI_val": 0.12342361688536768, "FDI": 0.12342361688536768, "longitude": -121.66828434467642, "latitude": 38.216010997655424, "location": "<a href=\"https://www.google.com/maps?q=38.216010997655424,-121.66828434467642\" target=\"_blank\">click me</a>" }, "geometry": { "type": "Point", "coordinates": [ -121.668284344676422, 38.216010997655424 ] } },
{ "type": "Feature", "properties": { "y": 13486521.864046961, "x": -4904107.3296118015, "time": "2024-12-04T18:56:59.024", "id": "S2B_MSIL2A_20241204T185659_R113_T10SFH_20241204T204216", "s2:product_type": "S2MSI2A", "s2:unclassified_percentage": 0.011178, "s2:medium_proba_clouds_percentage": 0.000269, "s2:processing_baseline": "05.11", "s2:snow_ice_percentage": 0.000163, "s2:degraded_msi_data_percentage": 0.0027, "instruments": "msi", "s2:vegetation_percentage": 19.817396, "s2:product_uri": "S2B_MSIL2A_20241204T185659_N0511_R113_T10SFH_20241204T204216.SAFE", "s2:water_percentage": 4.010833, "s2:cloud_shadow_percentage": 0.0, "s2:high_proba_clouds_percentage": 0.0, "s2:datatake_id": "GS2B_20241204T185659_040465_N05.11", "s2:thin_cirrus_percentage": 0.00074, "s2:mean_solar_zenith": 61.909361329797797, "s2:granule_id": "S2B_OPER_MSI_L2A_TL_2BPS_20241204T204216_A040465_T10SFH_N05.11", "platform": "Sentinel-2B", "sat:relative_orbit": 113, "eo:cloud_cover": 0.001009, "s2:reflectance_conversion_factor": 1.02871767058948, "s2:datastrip_id": "S2B_OPER_MSI_L2A_DS_2BPS_20241204T204216_S20241204T185656_N05.11", "constellation": "Sentinel 2", "s2:datatake_type": "INS-NOBS", "s2:nodata_pixel_percentage": 0.0, "proj:code": "EPSG:32610", "s2:mgrs_tile": "10SFH", "s2:mean_solar_azimuth": 166.48490653242499, "s2:not_vegetated_percentage": 74.881774, "s2:generation_time": "2024-12-04T20:42:16.000000Z", "s2:saturated_defective_pixel_percentage": 0.0, "sat:orbit_state": "descending", "proj:bbox": "{600000.0, 4190220.0, 4300020.0, 709800.0}", "epsg": 32630, "spatial_ref": 0, "is_debris": 1.0, "nir_val": 0.10526944676783367, "re2_val": 0.099414389291689914, "swir1_val": 0.04633488600147094, "red_val": 0.045025728987993147, "FDI_val": 0.10527380967052215, "FDI": 0.10527380967052215, "longitude": -121.6700736094697, "latitude": 38.218399577700168, "location": "<a href=\"https://www.google.com/maps?q=38.21839957770017,-121.6700736094697\" target=\"_blank\">click me</a>" }, "geometry": { "type": "Point", "coordinates": [ -121.670073609469696, 38.218399577700168 ] } },
{ "type": "Feature", "properties": { "y": 13486422.511574708, "x": -4906094.729242865, "time": "2024-12-04T18:56:59.024", "id": "S2B_MSIL2A_20241204T185659_R113_T10SFH_20241204T204216", "s2:product_type": "S2MSI2A", "s2:unclassified_percentage": 0.011178, "s2:medium_proba_clouds_percentage": 0.000269, "s2:processing_baseline": "05.11", "s2:snow_ice_percentage": 0.000163, "s2:degraded_msi_data_percentage": 0.0027, "instruments": "msi", "s2:vegetation_percentage": 19.817396, "s2:product_uri": "S2B_MSIL2A_20241204T185659_N0511_R113_T10SFH_20241204T204216.SAFE", "s2:water_percentage": 4.010833, "s2:cloud_shadow_percentage": 0.0, "s2:high_proba_clouds_percentage": 0.0, "s2:datatake_id": "GS2B_20241204T185659_040465_N05.11", "s2:thin_cirrus_percentage": 0.00074, "s2:mean_solar_zenith": 61.909361329797797, "s2:granule_id": "S2B_OPER_MSI_L2A_TL_2BPS_20241204T204216_A040465_T10SFH_N05.11", "platform": "Sentinel-2B", "sat:relative_orbit": 113, "eo:cloud_cover": 0.001009, "s2:reflectance_conversion_factor": 1.02871767058948, "s2:datastrip_id": "S2B_OPER_MSI_L2A_DS_2BPS_20241204T204216_S20241204T185656_N05.11", "constellation": "Sentinel 2", "s2:datatake_type": "INS-NOBS", "s2:nodata_pixel_percentage": 0.0, "proj:code": "EPSG:32610", "s2:mgrs_tile": "10SFH", "s2:mean_solar_azimuth": 166.48490653242499, "s2:not_vegetated_percentage": 74.881774, "s2:generation_time": "2024-12-04T20:42:16.000000Z", "s2:saturated_defective_pixel_percentage": 0.0, "sat:orbit_state": "descending", "proj:bbox": "{600000.0, 4190220.0, 4300020.0, 709800.0}", "epsg": 32630, "spatial_ref": 0, "is_debris": 1.0, "nir_val": 0.18938941331102879, "re2_val": 0.09913552704963749, "swir1_val": 0.039470458445697479, "red_val": 0.043953687821612353, "FDI_val": 0.20200750682115193, "FDI": 0.20200750682115193, "longitude": -121.65858700605148, "latitude": 38.209087819446729, "location": "<a href=\"https://www.google.com/maps?q=38.20908781944673,-121.65858700605148\" target=\"_blank\">click me</a>" }, "geometry": { "type": "Point", "coordinates": [ -121.658587006051476, 38.209087819446729 ] } },
{ "type": "Feature", "properties": { "y": 13486362.900091356, "x": -4918237.7409886615, "time": "2024-12-04T18:56:59.024", "id": "S2B_MSIL2A_20241204T185659_R113_T10SFH_20241204T204216", "s2:product_type": "S2MSI2A", "s2:unclassified_percentage": 0.011178, "s2:medium_proba_clouds_percentage": 0.000269, "s2:processing_baseline": "05.11", "s2:snow_ice_percentage": 0.000163, "s2:degraded_msi_data_percentage": 0.0027, "instruments": "msi", "s2:vegetation_percentage": 19.817396, "s2:product_uri": "S2B_MSIL2A_20241204T185659_N0511_R113_T10SFH_20241204T204216.SAFE", "s2:water_percentage": 4.010833, "s2:cloud_shadow_percentage": 0.0, "s2:high_proba_clouds_percentage": 0.0, "s2:datatake_id": "GS2B_20241204T185659_040465_N05.11", "s2:thin_cirrus_percentage": 0.00074, "s2:mean_solar_zenith": 61.909361329797797, "s2:granule_id": "S2B_OPER_MSI_L2A_TL_2BPS_20241204T204216_A040465_T10SFH_N05.11", "platform": "Sentinel-2B", "sat:relative_orbit": 113, "eo:cloud_cover": 0.001009, "s2:reflectance_conversion_factor": 1.02871767058948, "s2:datastrip_id": "S2B_OPER_MSI_L2A_DS_2BPS_20241204T204216_S20241204T185656_N05.11", "constellation": "Sentinel 2", "s2:datatake_type": "INS-NOBS", "s2:nodata_pixel_percentage": 0.0, "proj:code": "EPSG:32610", "s2:mgrs_tile": "10SFH", "s2:mean_solar_azimuth": 166.48490653242499, "s2:not_vegetated_percentage": 74.881774, "s2:generation_time": "2024-12-04T20:42:16.000000Z", "s2:saturated_defective_pixel_percentage": 0.0, "sat:orbit_state": "descending", "proj:bbox": "{600000.0, 4190220.0, 4300020.0, 709800.0}", "epsg": 32630, "spatial_ref": 0, "is_debris": 1.0, "nir_val": 0.056518102521209229, "re2_val": 0.12939208031232571, "swir1_val": 0.03848982593772983, "red_val": 0.046848198970840499, "FDI_val": 0.097387387545428167, "FDI": 0.097387387545428167, "longitude": -121.59191930181851, "latitude": 38.149852716184078, "location": "<a href=\"https://www.google.com/maps?q=38.14985271618408,-121.5919193018185\" target=\"_blank\">click me</a>" }, "geometry": { "type": "Point", "coordinates": [ -121.591919301818507, 38.149852716184078 ] } },
{ "type": "Feature", "properties": { "y": 13486343.029596904, "x": -4918138.3710071091, "time": "2024-12-04T18:56:59.024", "id": "S2B_MSIL2A_20241204T185659_R113_T10SFH_20241204T204216", "s2:product_type": "S2MSI2A", "s2:unclassified_percentage": 0.011178, "s2:medium_proba_clouds_percentage": 0.000269, "s2:processing_baseline": "05.11", "s2:snow_ice_percentage": 0.000163, "s2:degraded_msi_data_percentage": 0.0027, "instruments": "msi", "s2:vegetation_percentage": 19.817396, "s2:product_uri": "S2B_MSIL2A_20241204T185659_N0511_R113_T10SFH_20241204T204216.SAFE", "s2:water_percentage": 4.010833, "s2:cloud_shadow_percentage": 0.0, "s2:high_proba_clouds_percentage": 0.0, "s2:datatake_id": "GS2B_20241204T185659_040465_N05.11", "s2:thin_cirrus_percentage": 0.00074, "s2:mean_solar_zenith": 61.909361329797797, "s2:granule_id": "S2B_OPER_MSI_L2A_TL_2BPS_20241204T204216_A040465_T10SFH_N05.11", "platform": "Sentinel-2B", "sat:relative_orbit": 113, "eo:cloud_cover": 0.001009, "s2:reflectance_conversion_factor": 1.02871767058948, "s2:datastrip_id": "S2B_OPER_MSI_L2A_DS_2BPS_20241204T204216_S20241204T185656_N05.11", "constellation": "Sentinel 2", "s2:datatake_type": "INS-NOBS", "s2:nodata_pixel_percentage": 0.0, "proj:code": "EPSG:32610", "s2:mgrs_tile": "10SFH", "s2:mean_solar_azimuth": 166.48490653242499, "s2:not_vegetated_percentage": 74.881774, "s2:generation_time": "2024-12-04T20:42:16.000000Z", "s2:saturated_defective_pixel_percentage": 0.0, "sat:orbit_state": "descending", "proj:bbox": "{600000.0, 4190220.0, 4300020.0, 709800.0}", "epsg": 32630, "spatial_ref": 0, "is_debris": 1.0, "nir_val": 0.17218305651810253, "re2_val": 0.12911321807027329, "swir1_val": 0.045967148810983086, "red_val": 0.051136363636363646, "FDI_val": 0.1988037459493569, "FDI": 0.1988037459493569, "longitude": -121.59233780061108, "latitude": 38.150424943879791, "location": "<a href=\"https://www.google.com/maps?q=38.15042494387979,-121.59233780061108\" target=\"_blank\">click me</a>" }, "geometry": { "type": "Point", "coordinates": [ -121.592337800611077, 38.150424943879791 ] } },
{ "type": "Feature", "properties": { "y": 13486343.029596904, "x": -4918098.6230144873, "time": "2024-12-04T18:56:59.024", "id": "S2B_MSIL2A_20241204T185659_R113_T10SFH_20241204T204216", "s2:product_type": "S2MSI2A", "s2:unclassified_percentage": 0.011178, "s2:medium_proba_clouds_percentage": 0.000269, "s2:processing_baseline": "05.11", "s2:snow_ice_percentage": 0.000163, "s2:degraded_msi_data_percentage": 0.0027, "instruments": "msi", "s2:vegetation_percentage": 19.817396, "s2:product_uri": "S2B_MSIL2A_20241204T185659_N0511_R113_T10SFH_20241204T204216.SAFE", "s2:water_percentage": 4.010833, "s2:cloud_shadow_percentage": 0.0, "s2:high_proba_clouds_percentage": 0.0, "s2:datatake_id": "GS2B_20241204T185659_040465_N05.11", "s2:thin_cirrus_percentage": 0.00074, "s2:mean_solar_zenith": 61.909361329797797, "s2:granule_id": "S2B_OPER_MSI_L2A_TL_2BPS_20241204T204216_A040465_T10SFH_N05.11", "platform": "Sentinel-2B", "sat:relative_orbit": 113, "eo:cloud_cover": 0.001009, "s2:reflectance_conversion_factor": 1.02871767058948, "s2:datastrip_id": "S2B_OPER_MSI_L2A_DS_2BPS_20241204T204216_S20241204T185656_N05.11", "constellation": "Sentinel 2", "s2:datatake_type": "INS-NOBS", "s2:nodata_pixel_percentage": 0.0, "proj:code": "EPSG:32610", "s2:mgrs_tile": "10SFH", "s2:mean_solar_azimuth": 166.48490653242499, "s2:not_vegetated_percentage": 74.881774, "s2:generation_time": "2024-12-04T20:42:16.000000Z", "s2:saturated_defective_pixel_percentage": 0.0, "sat:orbit_state": "descending", "proj:bbox": "{600000.0, 4190220.0, 4300020.0, 709800.0}", "epsg": 32630, "spatial_ref": 0, "is_debris": 1.0, "nir_val": 0.2092245190584299, "re2_val": 0.11238148354712774, "swir1_val": 0.039102721255209597, "red_val": 0.04148799313893653, "FDI_val": 0.23409532043902181, "FDI": 0.23409532043902181, "longitude": -121.59255449965053, "latitude": 38.150619618314245, "location": "<a href=\"https://www.google.com/maps?q=38.150619618314245,-121.59255449965053\" target=\"_blank\">click me</a>" }, "geometry": { "type": "Point", "coordinates": [ -121.592554499650532, 38.150619618314245 ] } },
{ "type": "Feature", "properties": { "y": 13486303.288608003, "x": -4918277.4889812833, "time": "2024-12-04T18:56:59.024", "id": "S2B_MSIL2A_20241204T185659_R113_T10SFH_20241204T204216", "s2:product_type": "S2MSI2A", "s2:unclassified_percentage": 0.011178, "s2:medium_proba_clouds_percentage": 0.000269, "s2:processing_baseline": "05.11", "s2:snow_ice_percentage": 0.000163, "s2:degraded_msi_data_percentage": 0.0027, "instruments": "msi", "s2:vegetation_percentage": 19.817396, "s2:product_uri": "S2B_MSIL2A_20241204T185659_N0511_R113_T10SFH_20241204T204216.SAFE", "s2:water_percentage": 4.010833, "s2:cloud_shadow_percentage": 0.0, "s2:high_proba_clouds_percentage": 0.0, "s2:datatake_id": "GS2B_20241204T185659_040465_N05.11", "s2:thin_cirrus_percentage": 0.00074, "s2:mean_solar_zenith": 61.909361329797797, "s2:granule_id": "S2B_OPER_MSI_L2A_TL_2BPS_20241204T204216_A040465_T10SFH_N05.11", "platform": "Sentinel-2B", "sat:relative_orbit": 113, "eo:cloud_cover": 0.001009, "s2:reflectance_conversion_factor": 1.02871767058948, "s2:datastrip_id": "S2B_OPER_MSI_L2A_DS_2BPS_20241204T204216_S20241204T185656_N05.11", "constellation": "Sentinel 2", "s2:datatake_type": "INS-NOBS", "s2:nodata_pixel_percentage": 0.0, "proj:code": "EPSG:32610", "s2:mgrs_tile": "10SFH", "s2:mean_solar_azimuth": 166.48490653242499, "s2:not_vegetated_percentage": 74.881774, "s2:generation_time": "2024-12-04T20:42:16.000000Z", "s2:saturated_defective_pixel_percentage": 0.0, "sat:orbit_state": "descending", "proj:bbox": "{600000.0, 4190220.0, 4300020.0, 709800.0}", "epsg": 32630, "spatial_ref": 0, "is_debris": 1.0, "nir_val": 0.15784442585733063, "re2_val": 0.12716118237590632, "swir1_val": 0.0551605785731797, "red_val": 0.068289022298456264, "FDI_val": 0.16554151727065827, "FDI": 0.16554151727065827, "longitude": -121.59133289072876, "latitude": 38.149914671450226, "location": "<a href=\"https://www.google.com/maps?q=38.149914671450226,-121.59133289072876\" target=\"_blank\">click me</a>" }, "geometry": { "type": "Point", "coordinates": [ -121.591332890728765, 38.149914671450226 ] } },
{ "type": "Feature", "properties": { "y": 13486263.547619103, "x": -4918277.4889812833, "time": "2024-12-04T18:56:59.024", "id": "S2B_MSIL2A_20241204T185659_R113_T10SFH_20241204T204216", "s2:product_type": "S2MSI2A", "s2:unclassified_percentage": 0.011178, "s2:medium_proba_clouds_percentage": 0.000269, "s2:processing_baseline": "05.11", "s2:snow_ice_percentage": 0.000163, "s2:degraded_msi_data_percentage": 0.0027, "instruments": "msi", "s2:vegetation_percentage": 19.817396, "s2:product_uri": "S2B_MSIL2A_20241204T185659_N0511_R113_T10SFH_20241204T204216.SAFE", "s2:water_percentage": 4.010833, "s2:cloud_shadow_percentage": 0.0, "s2:high_proba_clouds_percentage": 0.0, "s2:datatake_id": "GS2B_20241204T185659_040465_N05.11", "s2:thin_cirrus_percentage": 0.00074, "s2:mean_solar_zenith": 61.909361329797797, "s2:granule_id": "S2B_OPER_MSI_L2A_TL_2BPS_20241204T204216_A040465_T10SFH_N05.11", "platform": "Sentinel-2B", "sat:relative_orbit": 113, "eo:cloud_cover": 0.001009, "s2:reflectance_conversion_factor": 1.02871767058948, "s2:datastrip_id": "S2B_OPER_MSI_L2A_DS_2BPS_20241204T204216_S20241204T185656_N05.11", "constellation": "Sentinel 2", "s2:datatake_type": "INS-NOBS", "s2:nodata_pixel_percentage": 0.0, "proj:code": "EPSG:32610", "s2:mgrs_tile": "10SFH", "s2:mean_solar_azimuth": 166.48490653242499, "s2:not_vegetated_percentage": 74.881774, "s2:generation_time": "2024-12-04T20:42:16.000000Z", "s2:saturated_defective_pixel_percentage": 0.0, "sat:orbit_state": "descending", "proj:bbox": "{600000.0, 4190220.0, 4300020.0, 709800.0}", "epsg": 32630, "spatial_ref": 0, "is_debris": 1.0, "nir_val": 0.2092245190584299, "re2_val": 0.21388733965421086, "swir1_val": 0.088011767590095588, "red_val": 0.17602915951972556, "FDI_val": 0.23110412390526031, "FDI": 0.23110412390526031, "longitude": -121.59108640894428, "latitude": 38.150085754835523, "location": "<a href=\"https://www.google.com/maps?q=38.15008575483552,-121.59108640894428\" target=\"_blank\">click me</a>" }, "geometry": { "type": "Point", "coordinates": [ -121.591086408944278, 38.150085754835523 ] } },
{ "type": "Feature", "properties": { "y": 13486263.547619103, "x": -4915753.4914498329, "time": "2024-12-04T18:56:59.024", "id": "S2B_MSIL2A_20241204T185659_R113_T10SFH_20241204T204216", "s2:product_type": "S2MSI2A", "s2:unclassified_percentage": 0.011178, "s2:medium_proba_clouds_percentage": 0.000269, "s2:processing_baseline": "05.11", "s2:snow_ice_percentage": 0.000163, "s2:degraded_msi_data_percentage": 0.0027, "instruments": "msi", "s2:vegetation_percentage": 19.817396, "s2:product_uri": "S2B_MSIL2A_20241204T185659_N0511_R113_T10SFH_20241204T204216.SAFE", "s2:water_percentage": 4.010833, "s2:cloud_shadow_percentage": 0.0, "s2:high_proba_clouds_percentage": 0.0, "s2:datatake_id": "GS2B_20241204T185659_040465_N05.11", "s2:thin_cirrus_percentage": 0.00074, "s2:mean_solar_zenith": 61.909361329797797, "s2:granule_id": "S2B_OPER_MSI_L2A_TL_2BPS_20241204T204216_A040465_T10SFH_N05.11", "platform": "Sentinel-2B", "sat:relative_orbit": 113, "eo:cloud_cover": 0.001009, "s2:reflectance_conversion_factor": 1.02871767058948, "s2:datastrip_id": "S2B_OPER_MSI_L2A_DS_2BPS_20241204T204216_S20241204T185656_N05.11", "constellation": "Sentinel 2", "s2:datatake_type": "INS-NOBS", "s2:nodata_pixel_percentage": 0.0, "proj:code": "EPSG:32610", "s2:mgrs_tile": "10SFH", "s2:mean_solar_azimuth": 166.48490653242499, "s2:not_vegetated_percentage": 74.881774, "s2:generation_time": "2024-12-04T20:42:16.000000Z", "s2:saturated_defective_pixel_percentage": 0.0, "sat:orbit_state": "descending", "proj:bbox": "{600000.0, 4190220.0, 4300020.0, 709800.0}", "epsg": 32630, "spatial_ref": 0, "is_debris": 1.0, "nir_val": 0.2414864380451667, "re2_val": 0.1996653653095371, "swir1_val": 0.17773964206913456, "red_val": 0.19082332761578044, "FDI_val": 0.082888300392256559, "FDI": 0.082888300392256559, "longitude": -121.60485032756078, "latitude": 38.162448482094646, "location": "<a href=\"https://www.google.com/maps?q=38.162448482094646,-121.60485032756078\" target=\"_blank\">click me</a>" }, "geometry": { "type": "Point", "coordinates": [ -121.604850327560783, 38.162448482094646 ] } },
{ "type": "Feature", "properties": { "y": 13486223.8066302, "x": -4918297.3629775941, "time": "2024-12-04T18:56:59.024", "id": "S2B_MSIL2A_20241204T185659_R113_T10SFH_20241204T204216", "s2:product_type": "S2MSI2A", "s2:unclassified_percentage": 0.011178, "s2:medium_proba_clouds_percentage": 0.000269, "s2:processing_baseline": "05.11", "s2:snow_ice_percentage": 0.000163, "s2:degraded_msi_data_percentage": 0.0027, "instruments": "msi", "s2:vegetation_percentage": 19.817396, "s2:product_uri": "S2B_MSIL2A_20241204T185659_N0511_R113_T10SFH_20241204T204216.SAFE", "s2:water_percentage": 4.010833, "s2:cloud_shadow_percentage": 0.0, "s2:high_proba_clouds_percentage": 0.0, "s2:datatake_id": "GS2B_20241204T185659_040465_N05.11", "s2:thin_cirrus_percentage": 0.00074, "s2:mean_solar_zenith": 61.909361329797797, "s2:granule_id": "S2B_OPER_MSI_L2A_TL_2BPS_20241204T204216_A040465_T10SFH_N05.11", "platform": "Sentinel-2B", "sat:relative_orbit": 113, "eo:cloud_cover": 0.001009, "s2:reflectance_conversion_factor": 1.02871767058948, "s2:datastrip_id": "S2B_OPER_MSI_L2A_DS_2BPS_20241204T204216_S20241204T185656_N05.11", "constellation": "Sentinel 2", "s2:datatake_type": "INS-NOBS", "s2:nodata_pixel_percentage": 0.0, "proj:code": "EPSG:32610", "s2:mgrs_tile": "10SFH", "s2:mean_solar_azimuth": 166.48490653242499, "s2:not_vegetated_percentage": 74.881774, "s2:generation_time": "2024-12-04T20:42:16.000000Z", "s2:saturated_defective_pixel_percentage": 0.0, "sat:orbit_state": "descending", "proj:bbox": "{600000.0, 4190220.0, 4300020.0, 709800.0}", "epsg": 32630, "spatial_ref": 0, "is_debris": 1.0, "nir_val": 0.22834269327279247, "re2_val": 0.2250418293363079, "swir1_val": 0.16584947291002694, "red_val": 0.15458833619210979, "FDI_val": 0.11416908708412191, "FDI": 0.11416908708412191, "longitude": -121.59073158179447, "latitude": 38.150159498770776, "location": "<a href=\"https://www.google.com/maps?q=38.150159498770776,-121.59073158179447\" target=\"_blank\">click me</a>" }, "geometry": { "type": "Point", "coordinates": [ -121.590731581794472, 38.150159498770776 ] } },
{ "type": "Feature", "properties": { "y": 13486223.8066302, "x": -4915773.3654461438, "time": "2024-12-04T18:56:59.024", "id": "S2B_MSIL2A_20241204T185659_R113_T10SFH_20241204T204216", "s2:product_type": "S2MSI2A", "s2:unclassified_percentage": 0.011178, "s2:medium_proba_clouds_percentage": 0.000269, "s2:processing_baseline": "05.11", "s2:snow_ice_percentage": 0.000163, "s2:degraded_msi_data_percentage": 0.0027, "instruments": "msi", "s2:vegetation_percentage": 19.817396, "s2:product_uri": "S2B_MSIL2A_20241204T185659_N0511_R113_T10SFH_20241204T204216.SAFE", "s2:water_percentage": 4.010833, "s2:cloud_shadow_percentage": 0.0, "s2:high_proba_clouds_percentage": 0.0, "s2:datatake_id": "GS2B_20241204T185659_040465_N05.11", "s2:thin_cirrus_percentage": 0.00074, "s2:mean_solar_zenith": 61.909361329797797, "s2:granule_id": "S2B_OPER_MSI_L2A_TL_2BPS_20241204T204216_A040465_T10SFH_N05.11", "platform": "Sentinel-2B", "sat:relative_orbit": 113, "eo:cloud_cover": 0.001009, "s2:reflectance_conversion_factor": 1.02871767058948, "s2:datastrip_id": "S2B_OPER_MSI_L2A_DS_2BPS_20241204T204216_S20241204T185656_N05.11", "constellation": "Sentinel 2", "s2:datatake_type": "INS-NOBS", "s2:nodata_pixel_percentage": 0.0, "proj:code": "EPSG:32610", "s2:mgrs_tile": "10SFH", "s2:mean_solar_azimuth": 166.48490653242499, "s2:not_vegetated_percentage": 74.881774, "s2:generation_time": "2024-12-04T20:42:16.000000Z", "s2:saturated_defective_pixel_percentage": 0.0, "sat:orbit_state": "descending", "proj:bbox": "{600000.0, 4190220.0, 4300020.0, 709800.0}", "epsg": 32630, "spatial_ref": 0, "is_debris": 1.0, "nir_val": 0.28617517027123907, "re2_val": 0.30409927495817068, "swir1_val": 0.22223584211816616, "red_val": 0.2465694682675815, "FDI_val": 0.13540740444196572, "FDI": 0.13540740444196572, "longitude": -121.60449535771636, "latitude": 38.162522288042872, "location": "<a href=\"https://www.google.com/maps?q=38.16252228804287,-121.60449535771636\" target=\"_blank\">click me</a>" }, "geometry": { "type": "Point", "coordinates": [ -121.60449535771636, 38.162522288042872 ] } },
{ "type": "Feature", "properties": { "y": 13486223.8066302, "x": -4915654.1214682795, "time": "2024-12-04T18:56:59.024", "id": "S2B_MSIL2A_20241204T185659_R113_T10SFH_20241204T204216", "s2:product_type": "S2MSI2A", "s2:unclassified_percentage": 0.011178, "s2:medium_proba_clouds_percentage": 0.000269, "s2:processing_baseline": "05.11", "s2:snow_ice_percentage": 0.000163, "s2:degraded_msi_data_percentage": 0.0027, "instruments": "msi", "s2:vegetation_percentage": 19.817396, "s2:product_uri": "S2B_MSIL2A_20241204T185659_N0511_R113_T10SFH_20241204T204216.SAFE", "s2:water_percentage": 4.010833, "s2:cloud_shadow_percentage": 0.0, "s2:high_proba_clouds_percentage": 0.0, "s2:datatake_id": "GS2B_20241204T185659_040465_N05.11", "s2:thin_cirrus_percentage": 0.00074, "s2:mean_solar_zenith": 61.909361329797797, "s2:granule_id": "S2B_OPER_MSI_L2A_TL_2BPS_20241204T204216_A040465_T10SFH_N05.11", "platform": "Sentinel-2B", "sat:relative_orbit": 113, "eo:cloud_cover": 0.001009, "s2:reflectance_conversion_factor": 1.02871767058948, "s2:datastrip_id": "S2B_OPER_MSI_L2A_DS_2BPS_20241204T204216_S20241204T185656_N05.11", "constellation": "Sentinel 2", "s2:datatake_type": "INS-NOBS", "s2:nodata_pixel_percentage": 0.0, "proj:code": "EPSG:32610", "s2:mgrs_tile": "10SFH", "s2:mean_solar_azimuth": 166.48490653242499, "s2:not_vegetated_percentage": 74.881774, "s2:generation_time": "2024-12-04T20:42:16.000000Z", "s2:saturated_defective_pixel_percentage": 0.0, "sat:orbit_state": "descending", "proj:bbox": "{600000.0, 4190220.0, 4300020.0, 709800.0}", "epsg": 32630, "spatial_ref": 0, "is_debris": 1.0, "nir_val": 0.25893177201577244, "re2_val": 0.19882877858337983, "swir1_val": 0.099166462368227501, "red_val": 0.093267581475128647, "FDI_val": 0.2467720936449001, "FDI": 0.2467720936449001, "longitude": -121.60514582334297, "latitude": 38.163106399245414, "location": "<a href=\"https://www.google.com/maps?q=38.163106399245414,-121.60514582334297\" target=\"_blank\">click me</a>" }, "geometry": { "type": "Point", "coordinates": [ -121.605145823342966, 38.163106399245414 ] } },
{ "type": "Feature", "properties": { "y": 13486203.93613575, "x": -4918297.3629775941, "time": "2024-12-04T18:56:59.024", "id": "S2B_MSIL2A_20241204T185659_R113_T10SFH_20241204T204216", "s2:product_type": "S2MSI2A", "s2:unclassified_percentage": 0.011178, "s2:medium_proba_clouds_percentage": 0.000269, "s2:processing_baseline": "05.11", "s2:snow_ice_percentage": 0.000163, "s2:degraded_msi_data_percentage": 0.0027, "instruments": "msi", "s2:vegetation_percentage": 19.817396, "s2:product_uri": "S2B_MSIL2A_20241204T185659_N0511_R113_T10SFH_20241204T204216.SAFE", "s2:water_percentage": 4.010833, "s2:cloud_shadow_percentage": 0.0, "s2:high_proba_clouds_percentage": 0.0, "s2:datatake_id": "GS2B_20241204T185659_040465_N05.11", "s2:thin_cirrus_percentage": 0.00074, "s2:mean_solar_zenith": 61.909361329797797, "s2:granule_id": "S2B_OPER_MSI_L2A_TL_2BPS_20241204T204216_A040465_T10SFH_N05.11", "platform": "Sentinel-2B", "sat:relative_orbit": 113, "eo:cloud_cover": 0.001009, "s2:reflectance_conversion_factor": 1.02871767058948, "s2:datastrip_id": "S2B_OPER_MSI_L2A_DS_2BPS_20241204T204216_S20241204T185656_N05.11", "constellation": "Sentinel 2", "s2:datatake_type": "INS-NOBS", "s2:nodata_pixel_percentage": 0.0, "proj:code": "EPSG:32610", "s2:mgrs_tile": "10SFH", "s2:mean_solar_azimuth": 166.48490653242499, "s2:not_vegetated_percentage": 74.881774, "s2:generation_time": "2024-12-04T20:42:16.000000Z", "s2:saturated_defective_pixel_percentage": 0.0, "sat:orbit_state": "descending", "proj:bbox": "{600000.0, 4190220.0, 4300020.0, 709800.0}", "epsg": 32630, "spatial_ref": 0, "is_debris": 1.0, "nir_val": 0.22308519536384278, "re2_val": 0.2250418293363079, "swir1_val": 0.16584947291002694, "red_val": 0.14794168096054891, "FDI_val": 0.10891158917517221, "FDI": 0.10891158917517221, "longitude": -121.59060833937555, "latitude": 38.150245038981538, "location": "<a href=\"https://www.google.com/maps?q=38.15024503898154,-121.59060833937555\" target=\"_blank\">click me</a>" }, "geometry": { "type": "Point", "coordinates": [ -121.590608339375549, 38.150245038981538 ] } },
{ "type": "Feature", "properties": { "y": 13486203.93613575, "x": -4918257.6149849724, "time": "2024-12-04T18:56:59.024", "id": "S2B_MSIL2A_20241204T185659_R113_T10SFH_20241204T204216", "s2:product_type": "S2MSI2A", "s2:unclassified_percentage": 0.011178, "s2:medium_proba_clouds_percentage": 0.000269, "s2:processing_baseline": "05.11", "s2:snow_ice_percentage": 0.000163, "s2:degraded_msi_data_percentage": 0.0027, "instruments": "msi", "s2:vegetation_percentage": 19.817396, "s2:product_uri": "S2B_MSIL2A_20241204T185659_N0511_R113_T10SFH_20241204T204216.SAFE", "s2:water_percentage": 4.010833, "s2:cloud_shadow_percentage": 0.0, "s2:high_proba_clouds_percentage": 0.0, "s2:datatake_id": "GS2B_20241204T185659_040465_N05.11", "s2:thin_cirrus_percentage": 0.00074, "s2:mean_solar_zenith": 61.909361329797797, "s2:granule_id": "S2B_OPER_MSI_L2A_TL_2BPS_20241204T204216_A040465_T10SFH_N05.11", "platform": "Sentinel-2B", "sat:relative_orbit": 113, "eo:cloud_cover": 0.001009, "s2:reflectance_conversion_factor": 1.02871767058948, "s2:datastrip_id": "S2B_OPER_MSI_L2A_DS_2BPS_20241204T204216_S20241204T185656_N05.11", "constellation": "Sentinel 2", "s2:datatake_type": "INS-NOBS", "s2:nodata_pixel_percentage": 0.0, "proj:code": "EPSG:32610", "s2:mgrs_tile": "10SFH", "s2:mean_solar_azimuth": 166.48490653242499, "s2:not_vegetated_percentage": 74.881774, "s2:generation_time": "2024-12-04T20:42:16.000000Z", "s2:saturated_defective_pixel_percentage": 0.0, "sat:orbit_state": "descending", "proj:bbox": "{600000.0, 4190220.0, 4300020.0, 709800.0}", "epsg": 32630, "spatial_ref": 0, "is_debris": 1.0, "nir_val": 0.2510455251523479, "re2_val": 0.2431678750697156, "swir1_val": 0.16033341505270898, "red_val": 0.18117495711835332, "FDI_val": 0.16302790852718435, "FDI": 0.16302790852718435, "longitude": -121.59082502585058, "latitude": 38.15043971587486, "location": "<a href=\"https://www.google.com/maps?q=38.15043971587486,-121.59082502585058\" target=\"_blank\">click me</a>" }, "geometry": { "type": "Point", "coordinates": [ -121.590825025850577, 38.15043971587486 ] } },
{ "type": "Feature", "properties": { "y": 13486184.065641299, "x": -4918257.6149849724, "time": "2024-12-04T18:56:59.024", "id": "S2B_MSIL2A_20241204T185659_R113_T10SFH_20241204T204216", "s2:product_type": "S2MSI2A", "s2:unclassified_percentage": 0.011178, "s2:medium_proba_clouds_percentage": 0.000269, "s2:processing_baseline": "05.11", "s2:snow_ice_percentage": 0.000163, "s2:degraded_msi_data_percentage": 0.0027, "instruments": "msi", "s2:vegetation_percentage": 19.817396, "s2:product_uri": "S2B_MSIL2A_20241204T185659_N0511_R113_T10SFH_20241204T204216.SAFE", "s2:water_percentage": 4.010833, "s2:cloud_shadow_percentage": 0.0, "s2:high_proba_clouds_percentage": 0.0, "s2:datatake_id": "GS2B_20241204T185659_040465_N05.11", "s2:thin_cirrus_percentage": 0.00074, "s2:mean_solar_zenith": 61.909361329797797, "s2:granule_id": "S2B_OPER_MSI_L2A_TL_2BPS_20241204T204216_A040465_T10SFH_N05.11", "platform": "Sentinel-2B", "sat:relative_orbit": 113, "eo:cloud_cover": 0.001009, "s2:reflectance_conversion_factor": 1.02871767058948, "s2:datastrip_id": "S2B_OPER_MSI_L2A_DS_2BPS_20241204T204216_S20241204T185656_N05.11", "constellation": "Sentinel 2", "s2:datatake_type": "INS-NOBS", "s2:nodata_pixel_percentage": 0.0, "proj:code": "EPSG:32610", "s2:mgrs_tile": "10SFH", "s2:mean_solar_azimuth": 166.48490653242499, "s2:not_vegetated_percentage": 74.881774, "s2:generation_time": "2024-12-04T20:42:16.000000Z", "s2:saturated_defective_pixel_percentage": 0.0, "sat:orbit_state": "descending", "proj:bbox": "{600000.0, 4190220.0, 4300020.0, 709800.0}", "epsg": 32630, "spatial_ref": 0, "is_debris": 1.0, "nir_val": 0.23192735093798542, "re2_val": 0.20356943669827104, "swir1_val": 0.13900465800441281, "red_val": 0.1899656946826758, "FDI_val": 0.14928876957106788, "FDI": 0.14928876957106788, "longitude": -121.5907017823084, "latitude": 38.150525256341666, "location": "<a href=\"https://www.google.com/maps?q=38.150525256341666,-121.5907017823084\" target=\"_blank\">click me</a>" }, "geometry": { "type": "Point", "coordinates": [ -121.5907017823084, 38.150525256341666 ] } },
{ "type": "Feature", "properties": { "y": 13486144.324652398, "x": -4918317.2369739041, "time": "2024-12-04T18:56:59.024", "id": "S2B_MSIL2A_20241204T185659_R113_T10SFH_20241204T204216", "s2:product_type": "S2MSI2A", "s2:unclassified_percentage": 0.011178, "s2:medium_proba_clouds_percentage": 0.000269, "s2:processing_baseline": "05.11", "s2:snow_ice_percentage": 0.000163, "s2:degraded_msi_data_percentage": 0.0027, "instruments": "msi", "s2:vegetation_percentage": 19.817396, "s2:product_uri": "S2B_MSIL2A_20241204T185659_N0511_R113_T10SFH_20241204T204216.SAFE", "s2:water_percentage": 4.010833, "s2:cloud_shadow_percentage": 0.0, "s2:high_proba_clouds_percentage": 0.0, "s2:datatake_id": "GS2B_20241204T185659_040465_N05.11", "s2:thin_cirrus_percentage": 0.00074, "s2:mean_solar_zenith": 61.909361329797797, "s2:granule_id": "S2B_OPER_MSI_L2A_TL_2BPS_20241204T204216_A040465_T10SFH_N05.11", "platform": "Sentinel-2B", "sat:relative_orbit": 113, "eo:cloud_cover": 0.001009, "s2:reflectance_conversion_factor": 1.02871767058948, "s2:datastrip_id": "S2B_OPER_MSI_L2A_DS_2BPS_20241204T204216_S20241204T185656_N05.11", "constellation": "Sentinel 2", "s2:datatake_type": "INS-NOBS", "s2:nodata_pixel_percentage": 0.0, "proj:code": "EPSG:32610", "s2:mgrs_tile": "10SFH", "s2:mean_solar_azimuth": 166.48490653242499, "s2:not_vegetated_percentage": 74.881774, "s2:generation_time": "2024-12-04T20:42:16.000000Z", "s2:saturated_defective_pixel_percentage": 0.0, "sat:orbit_state": "descending", "proj:bbox": "{600000.0, 4190220.0, 4300020.0, 709800.0}", "epsg": 32630, "spatial_ref": 0, "is_debris": 1.0, "nir_val": 0.23814075755765327, "re2_val": 0.18725599553820416, "swir1_val": 0.15543025251287079, "red_val": 0.2617924528301887, "FDI_val": 0.1104948838764227, "FDI": 0.1104948838764227, "longitude": -121.59013026743384, "latitude": 38.150404318404313, "location": "<a href=\"https://www.google.com/maps?q=38.15040431840431,-121.59013026743384\" target=\"_blank\">click me</a>" }, "geometry": { "type": "Point", "coordinates": [ -121.590130267433835, 38.150404318404313 ] } },
{ "type": "Feature", "properties": { "y": 13486144.324652398, "x": -4918277.4889812833, "time": "2024-12-04T18:56:59.024", "id": "S2B_MSIL2A_20241204T185659_R113_T10SFH_20241204T204216", "s2:product_type": "S2MSI2A", "s2:unclassified_percentage": 0.011178, "s2:medium_proba_clouds_percentage": 0.000269, "s2:processing_baseline": "05.11", "s2:snow_ice_percentage": 0.000163, "s2:degraded_msi_data_percentage": 0.0027, "instruments": "msi", "s2:vegetation_percentage": 19.817396, "s2:product_uri": "S2B_MSIL2A_20241204T185659_N0511_R113_T10SFH_20241204T204216.SAFE", "s2:water_percentage": 4.010833, "s2:cloud_shadow_percentage": 0.0, "s2:high_proba_clouds_percentage": 0.0, "s2:datatake_id": "GS2B_20241204T185659_040465_N05.11", "s2:thin_cirrus_percentage": 0.00074, "s2:mean_solar_zenith": 61.909361329797797, "s2:granule_id": "S2B_OPER_MSI_L2A_TL_2BPS_20241204T204216_A040465_T10SFH_N05.11", "platform": "Sentinel-2B", "sat:relative_orbit": 113, "eo:cloud_cover": 0.001009, "s2:reflectance_conversion_factor": 1.02871767058948, "s2:datastrip_id": "S2B_OPER_MSI_L2A_DS_2BPS_20241204T204216_S20241204T185656_N05.11", "constellation": "Sentinel 2", "s2:datatake_type": "INS-NOBS", "s2:nodata_pixel_percentage": 0.0, "proj:code": "EPSG:32610", "s2:mgrs_tile": "10SFH", "s2:mean_solar_azimuth": 166.48490653242499, "s2:not_vegetated_percentage": 74.881774, "s2:generation_time": "2024-12-04T20:42:16.000000Z", "s2:saturated_defective_pixel_percentage": 0.0, "sat:orbit_state": "descending", "proj:bbox": "{600000.0, 4190220.0, 4300020.0, 709800.0}", "epsg": 32630, "spatial_ref": 0, "is_debris": 1.0, "nir_val": 0.19655872864141474, "re2_val": 0.20705521472392641, "swir1_val": 0.14268202990929146, "red_val": 0.18975128644939968, "FDI_val": 0.11007551087188393, "FDI": 0.11007551087188393, "longitude": -121.59034695106085, "latitude": 38.15059899686824, "location": "<a href=\"https://www.google.com/maps?q=38.15059899686824,-121.59034695106085\" target=\"_blank\">click me</a>" }, "geometry": { "type": "Point", "coordinates": [ -121.590346951060852, 38.15059899686824 ] } },
{ "type": "Feature", "properties": { "y": 13486144.324652398, "x": -4918257.6149849724, "time": "2024-12-04T18:56:59.024", "id": "S2B_MSIL2A_20241204T185659_R113_T10SFH_20241204T204216", "s2:product_type": "S2MSI2A", "s2:unclassified_percentage": 0.011178, "s2:medium_proba_clouds_percentage": 0.000269, "s2:processing_baseline": "05.11", "s2:snow_ice_percentage": 0.000163, "s2:degraded_msi_data_percentage": 0.0027, "instruments": "msi", "s2:vegetation_percentage": 19.817396, "s2:product_uri": "S2B_MSIL2A_20241204T185659_N0511_R113_T10SFH_20241204T204216.SAFE", "s2:water_percentage": 4.010833, "s2:cloud_shadow_percentage": 0.0, "s2:high_proba_clouds_percentage": 0.0, "s2:datatake_id": "GS2B_20241204T185659_040465_N05.11", "s2:thin_cirrus_percentage": 0.00074, "s2:mean_solar_zenith": 61.909361329797797, "s2:granule_id": "S2B_OPER_MSI_L2A_TL_2BPS_20241204T204216_A040465_T10SFH_N05.11", "platform": "Sentinel-2B", "sat:relative_orbit": 113, "eo:cloud_cover": 0.001009, "s2:reflectance_conversion_factor": 1.02871767058948, "s2:datastrip_id": "S2B_OPER_MSI_L2A_DS_2BPS_20241204T204216_S20241204T185656_N05.11", "constellation": "Sentinel 2", "s2:datatake_type": "INS-NOBS", "s2:nodata_pixel_percentage": 0.0, "proj:code": "EPSG:32610", "s2:mgrs_tile": "10SFH", "s2:mean_solar_azimuth": 166.48490653242499, "s2:not_vegetated_percentage": 74.881774, "s2:generation_time": "2024-12-04T20:42:16.000000Z", "s2:saturated_defective_pixel_percentage": 0.0, "sat:orbit_state": "descending", "proj:bbox": "{600000.0, 4190220.0, 4300020.0, 709800.0}", "epsg": 32630, "spatial_ref": 0, "is_debris": 1.0, "nir_val": 0.25224041104074557, "re2_val": 0.29085331846068047, "swir1_val": 0.20887472419710712, "red_val": 0.23263293310463121, "FDI_val": 0.11493430088326595, "FDI": 0.11493430088326595, "longitude": -121.59045529365775, "latitude": 38.150696336259848, "location": "<a href=\"https://www.google.com/maps?q=38.15069633625985,-121.59045529365775\" target=\"_blank\">click me</a>" }, "geometry": { "type": "Point", "coordinates": [ -121.590455293657755, 38.150696336259848 ] } },
{ "type": "Feature", "properties": { "y": 13486124.454157947, "x": -4918317.2369739041, "time": "2024-12-04T18:56:59.024", "id": "S2B_MSIL2A_20241204T185659_R113_T10SFH_20241204T204216", "s2:product_type": "S2MSI2A", "s2:unclassified_percentage": 0.011178, "s2:medium_proba_clouds_percentage": 0.000269, "s2:processing_baseline": "05.11", "s2:snow_ice_percentage": 0.000163, "s2:degraded_msi_data_percentage": 0.0027, "instruments": "msi", "s2:vegetation_percentage": 19.817396, "s2:product_uri": "S2B_MSIL2A_20241204T185659_N0511_R113_T10SFH_20241204T204216.SAFE", "s2:water_percentage": 4.010833, "s2:cloud_shadow_percentage": 0.0, "s2:high_proba_clouds_percentage": 0.0, "s2:datatake_id": "GS2B_20241204T185659_040465_N05.11", "s2:thin_cirrus_percentage": 0.00074, "s2:mean_solar_zenith": 61.909361329797797, "s2:granule_id": "S2B_OPER_MSI_L2A_TL_2BPS_20241204T204216_A040465_T10SFH_N05.11", "platform": "Sentinel-2B", "sat:relative_orbit": 113, "eo:cloud_cover": 0.001009, "s2:reflectance_conversion_factor": 1.02871767058948, "s2:datastrip_id": "S2B_OPER_MSI_L2A_DS_2BPS_20241204T204216_S20241204T185656_N05.11", "constellation": "Sentinel 2", "s2:datatake_type": "INS-NOBS", "s2:nodata_pixel_percentage": 0.0, "proj:code": "EPSG:32610", "s2:mgrs_tile": "10SFH", "s2:mean_solar_azimuth": 166.48490653242499, "s2:not_vegetated_percentage": 74.881774, "s2:generation_time": "2024-12-04T20:42:16.000000Z", "s2:saturated_defective_pixel_percentage": 0.0, "sat:orbit_state": "descending", "proj:bbox": "{600000.0, 4190220.0, 4300020.0, 709800.0}", "epsg": 32630, "spatial_ref": 0, "is_debris": 1.0, "nir_val": 0.24961166208627075, "re2_val": 0.30256553262688235, "swir1_val": 0.18350085805344446, "red_val": 0.22041166380789021, "FDI_val": 0.17005615485090694, "FDI": 0.17005615485090694, "longitude": -121.59000702322717, "latitude": 38.150489856963979, "location": "<a href=\"https://www.google.com/maps?q=38.15048985696398,-121.59000702322717\" target=\"_blank\">click me</a>" }, "geometry": { "type": "Point", "coordinates": [ -121.590007023227173, 38.150489856963979 ] } },
{ "type": "Feature", "properties": { "y": 13486084.713169046, "x": -4918237.7409886615, "time": "2024-12-04T18:56:59.024", "id": "S2B_MSIL2A_20241204T185659_R113_T10SFH_20241204T204216", "s2:product_type": "S2MSI2A", "s2:unclassified_percentage": 0.011178, "s2:medium_proba_clouds_percentage": 0.000269, "s2:processing_baseline": "05.11", "s2:snow_ice_percentage": 0.000163, "s2:degraded_msi_data_percentage": 0.0027, "instruments": "msi", "s2:vegetation_percentage": 19.817396, "s2:product_uri": "S2B_MSIL2A_20241204T185659_N0511_R113_T10SFH_20241204T204216.SAFE", "s2:water_percentage": 4.010833, "s2:cloud_shadow_percentage": 0.0, "s2:high_proba_clouds_percentage": 0.0, "s2:datatake_id": "GS2B_20241204T185659_040465_N05.11", "s2:thin_cirrus_percentage": 0.00074, "s2:mean_solar_zenith": 61.909361329797797, "s2:granule_id": "S2B_OPER_MSI_L2A_TL_2BPS_20241204T204216_A040465_T10SFH_N05.11", "platform": "Sentinel-2B", "sat:relative_orbit": 113, "eo:cloud_cover": 0.001009, "s2:reflectance_conversion_factor": 1.02871767058948, "s2:datastrip_id": "S2B_OPER_MSI_L2A_DS_2BPS_20241204T204216_S20241204T185656_N05.11", "constellation": "Sentinel 2", "s2:datatake_type": "INS-NOBS", "s2:nodata_pixel_percentage": 0.0, "proj:code": "EPSG:32610", "s2:mgrs_tile": "10SFH", "s2:mean_solar_azimuth": 166.48490653242499, "s2:not_vegetated_percentage": 74.881774, "s2:generation_time": "2024-12-04T20:42:16.000000Z", "s2:saturated_defective_pixel_percentage": 0.0, "sat:orbit_state": "descending", "proj:bbox": "{600000.0, 4190220.0, 4300020.0, 709800.0}", "epsg": 32630, "spatial_ref": 0, "is_debris": 1.0, "nir_val": 0.24292030111124388, "re2_val": 0.29475738984941441, "swir1_val": 0.20299092914930128, "red_val": 0.19554030874785591, "FDI_val": 0.12004294876362867, "FDI": 0.12004294876362867, "longitude": -121.59019389898354, "latitude": 38.151050293988327, "location": "<a href=\"https://www.google.com/maps?q=38.15105029398833,-121.59019389898354\" target=\"_blank\">click me</a>" }, "geometry": { "type": "Point", "coordinates": [ -121.590193898983543, 38.151050293988327 ] } },
{ "type": "Feature", "properties": { "y": 13486084.713169046, "x": -4918158.245003419, "time": "2024-12-04T18:56:59.024", "id": "S2B_MSIL2A_20241204T185659_R113_T10SFH_20241204T204216", "s2:product_type": "S2MSI2A", "s2:unclassified_percentage": 0.011178, "s2:medium_proba_clouds_percentage": 0.000269, "s2:processing_baseline": "05.11", "s2:snow_ice_percentage": 0.000163, "s2:degraded_msi_data_percentage": 0.0027, "instruments": "msi", "s2:vegetation_percentage": 19.817396, "s2:product_uri": "S2B_MSIL2A_20241204T185659_N0511_R113_T10SFH_20241204T204216.SAFE", "s2:water_percentage": 4.010833, "s2:cloud_shadow_percentage": 0.0, "s2:high_proba_clouds_percentage": 0.0, "s2:datatake_id": "GS2B_20241204T185659_040465_N05.11", "s2:thin_cirrus_percentage": 0.00074, "s2:mean_solar_zenith": 61.909361329797797, "s2:granule_id": "S2B_OPER_MSI_L2A_TL_2BPS_20241204T204216_A040465_T10SFH_N05.11", "platform": "Sentinel-2B", "sat:relative_orbit": 113, "eo:cloud_cover": 0.001009, "s2:reflectance_conversion_factor": 1.02871767058948, "s2:datastrip_id": "S2B_OPER_MSI_L2A_DS_2BPS_20241204T204216_S20241204T185656_N05.11", "constellation": "Sentinel 2", "s2:datatake_type": "INS-NOBS", "s2:nodata_pixel_percentage": 0.0, "proj:code": "EPSG:32610", "s2:mgrs_tile": "10SFH", "s2:mean_solar_azimuth": 166.48490653242499, "s2:not_vegetated_percentage": 74.881774, "s2:generation_time": "2024-12-04T20:42:16.000000Z", "s2:saturated_defective_pixel_percentage": 0.0, "sat:orbit_state": "descending", "proj:bbox": "{600000.0, 4190220.0, 4300020.0, 709800.0}", "epsg": 32630, "spatial_ref": 0, "is_debris": 1.0, "nir_val": 0.16477476401003702, "re2_val": 0.2046848856664808, "swir1_val": 0.13520470703603821, "red_val": 0.12714408233276159, "FDI_val": 0.090227355778353419, "FDI": 0.090227355778353419, "longitude": -121.5906272730759, "latitude": 38.15143965661165, "location": "<a href=\"https://www.google.com/maps?q=38.15143965661165,-121.5906272730759\" target=\"_blank\">click me</a>" }, "geometry": { "type": "Point", "coordinates": [ -121.590627273075896, 38.15143965661165 ] } },
{ "type": "Feature", "properties": { "y": 13486084.713169046, "x": -4918118.4970107982, "time": "2024-12-04T18:56:59.024", "id": "S2B_MSIL2A_20241204T185659_R113_T10SFH_20241204T204216", "s2:product_type": "S2MSI2A", "s2:unclassified_percentage": 0.011178, "s2:medium_proba_clouds_percentage": 0.000269, "s2:processing_baseline": "05.11", "s2:snow_ice_percentage": 0.000163, "s2:degraded_msi_data_percentage": 0.0027, "instruments": "msi", "s2:vegetation_percentage": 19.817396, "s2:product_uri": "S2B_MSIL2A_20241204T185659_N0511_R113_T10SFH_20241204T204216.SAFE", "s2:water_percentage": 4.010833, "s2:cloud_shadow_percentage": 0.0, "s2:high_proba_clouds_percentage": 0.0, "s2:datatake_id": "GS2B_20241204T185659_040465_N05.11", "s2:thin_cirrus_percentage": 0.00074, "s2:mean_solar_zenith": 61.909361329797797, "s2:granule_id": "S2B_OPER_MSI_L2A_TL_2BPS_20241204T204216_A040465_T10SFH_N05.11", "platform": "Sentinel-2B", "sat:relative_orbit": 113, "eo:cloud_cover": 0.001009, "s2:reflectance_conversion_factor": 1.02871767058948, "s2:datastrip_id": "S2B_OPER_MSI_L2A_DS_2BPS_20241204T204216_S20241204T185656_N05.11", "constellation": "Sentinel 2", "s2:datatake_type": "INS-NOBS", "s2:nodata_pixel_percentage": 0.0, "proj:code": "EPSG:32610", "s2:mgrs_tile": "10SFH", "s2:mean_solar_azimuth": 166.48490653242499, "s2:not_vegetated_percentage": 74.881774, "s2:generation_time": "2024-12-04T20:42:16.000000Z", "s2:saturated_defective_pixel_percentage": 0.0, "sat:orbit_state": "descending", "proj:bbox": "{600000.0, 4190220.0, 4300020.0, 709800.0}", "epsg": 32630, "spatial_ref": 0, "is_debris": 1.0, "nir_val": 0.22045644640936793, "re2_val": 0.20691578360290019, "swir1_val": 0.13410149546457462, "red_val": 0.16616638078902232, "FDI_val": 0.14992298027190293, "FDI": 0.14992298027190293, "longitude": -121.59084396325576, "latitude": 38.151634338561848, "location": "<a href=\"https://www.google.com/maps?q=38.15163433856185,-121.59084396325576\" target=\"_blank\">click me</a>" }, "geometry": { "type": "Point", "coordinates": [ -121.590843963255764, 38.151634338561848 ] } },
{ "type": "Feature", "properties": { "y": 13486064.842674596, "x": -4918217.8669923516, "time": "2024-12-04T18:56:59.024", "id": "S2B_MSIL2A_20241204T185659_R113_T10SFH_20241204T204216", "s2:product_type": "S2MSI2A", "s2:unclassified_percentage": 0.011178, "s2:medium_proba_clouds_percentage": 0.000269, "s2:processing_baseline": "05.11", "s2:snow_ice_percentage": 0.000163, "s2:degraded_msi_data_percentage": 0.0027, "instruments": "msi", "s2:vegetation_percentage": 19.817396, "s2:product_uri": "S2B_MSIL2A_20241204T185659_N0511_R113_T10SFH_20241204T204216.SAFE", "s2:water_percentage": 4.010833, "s2:cloud_shadow_percentage": 0.0, "s2:high_proba_clouds_percentage": 0.0, "s2:datatake_id": "GS2B_20241204T185659_040465_N05.11", "s2:thin_cirrus_percentage": 0.00074, "s2:mean_solar_zenith": 61.909361329797797, "s2:granule_id": "S2B_OPER_MSI_L2A_TL_2BPS_20241204T204216_A040465_T10SFH_N05.11", "platform": "Sentinel-2B", "sat:relative_orbit": 113, "eo:cloud_cover": 0.001009, "s2:reflectance_conversion_factor": 1.02871767058948, "s2:datastrip_id": "S2B_OPER_MSI_L2A_DS_2BPS_20241204T204216_S20241204T185656_N05.11", "constellation": "Sentinel 2", "s2:datatake_type": "INS-NOBS", "s2:nodata_pixel_percentage": 0.0, "proj:code": "EPSG:32610", "s2:mgrs_tile": "10SFH", "s2:mean_solar_azimuth": 166.48490653242499, "s2:not_vegetated_percentage": 74.881774, "s2:generation_time": "2024-12-04T20:42:16.000000Z", "s2:saturated_defective_pixel_percentage": 0.0, "sat:orbit_state": "descending", "proj:bbox": "{600000.0, 4190220.0, 4300020.0, 709800.0}", "epsg": 32630, "spatial_ref": 0, "is_debris": 1.0, "nir_val": 0.14350579519655873, "re2_val": 0.17638036809815955, "swir1_val": 0.11093405246383915, "red_val": 0.10849056603773585, "FDI_val": 0.08970741511188815, "FDI": 0.08970741511188815, "longitude": -121.5901789944473, "latitude": 38.15123317351496, "location": "<a href=\"https://www.google.com/maps?q=38.15123317351496,-121.5901789944473\" target=\"_blank\">click me</a>" }, "geometry": { "type": "Point", "coordinates": [ -121.590178994447299, 38.15123317351496 ] } },
{ "type": "Feature", "properties": { "y": 13486064.842674596, "x": -4918178.1189997299, "time": "2024-12-04T18:56:59.024", "id": "S2B_MSIL2A_20241204T185659_R113_T10SFH_20241204T204216", "s2:product_type": "S2MSI2A", "s2:unclassified_percentage": 0.011178, "s2:medium_proba_clouds_percentage": 0.000269, "s2:processing_baseline": "05.11", "s2:snow_ice_percentage": 0.000163, "s2:degraded_msi_data_percentage": 0.0027, "instruments": "msi", "s2:vegetation_percentage": 19.817396, "s2:product_uri": "S2B_MSIL2A_20241204T185659_N0511_R113_T10SFH_20241204T204216.SAFE", "s2:water_percentage": 4.010833, "s2:cloud_shadow_percentage": 0.0, "s2:high_proba_clouds_percentage": 0.0, "s2:datatake_id": "GS2B_20241204T185659_040465_N05.11", "s2:thin_cirrus_percentage": 0.00074, "s2:mean_solar_zenith": 61.909361329797797, "s2:granule_id": "S2B_OPER_MSI_L2A_TL_2BPS_20241204T204216_A040465_T10SFH_N05.11", "platform": "Sentinel-2B", "sat:relative_orbit": 113, "eo:cloud_cover": 0.001009, "s2:reflectance_conversion_factor": 1.02871767058948, "s2:datastrip_id": "S2B_OPER_MSI_L2A_DS_2BPS_20241204T204216_S20241204T185656_N05.11", "constellation": "Sentinel 2", "s2:datatake_type": "INS-NOBS", "s2:nodata_pixel_percentage": 0.0, "proj:code": "EPSG:32610", "s2:mgrs_tile": "10SFH", "s2:mean_solar_azimuth": 166.48490653242499, "s2:not_vegetated_percentage": 74.881774, "s2:generation_time": "2024-12-04T20:42:16.000000Z", "s2:saturated_defective_pixel_percentage": 0.0, "sat:orbit_state": "descending", "proj:bbox": "{600000.0, 4190220.0, 4300020.0, 709800.0}", "epsg": 32630, "spatial_ref": 0, "is_debris": 1.0, "nir_val": 0.12032500896164416, "re2_val": 0.13357501394311211, "swir1_val": 0.073057121843589104, "red_val": 0.089193825042881647, "FDI_val": 0.10010096752240052, "FDI": 0.10010096752240052, "longitude": -121.59039568089226, "latitude": 38.151427855421119, "location": "<a href=\"https://www.google.com/maps?q=38.15142785542112,-121.59039568089226\" target=\"_blank\">click me</a>" }, "geometry": { "type": "Point", "coordinates": [ -121.590395680892257, 38.151427855421119 ] } },
{ "type": "Feature", "properties": { "y": 13486064.842674596, "x": -4918138.3710071091, "time": "2024-12-04T18:56:59.024", "id": "S2B_MSIL2A_20241204T185659_R113_T10SFH_20241204T204216", "s2:product_type": "S2MSI2A", "s2:unclassified_percentage": 0.011178, "s2:medium_proba_clouds_percentage": 0.000269, "s2:processing_baseline": "05.11", "s2:snow_ice_percentage": 0.000163, "s2:degraded_msi_data_percentage": 0.0027, "instruments": "msi", "s2:vegetation_percentage": 19.817396, "s2:product_uri": "S2B_MSIL2A_20241204T185659_N0511_R113_T10SFH_20241204T204216.SAFE", "s2:water_percentage": 4.010833, "s2:cloud_shadow_percentage": 0.0, "s2:high_proba_clouds_percentage": 0.0, "s2:datatake_id": "GS2B_20241204T185659_040465_N05.11", "s2:thin_cirrus_percentage": 0.00074, "s2:mean_solar_zenith": 61.909361329797797, "s2:granule_id": "S2B_OPER_MSI_L2A_TL_2BPS_20241204T204216_A040465_T10SFH_N05.11", "platform": "Sentinel-2B", "sat:relative_orbit": 113, "eo:cloud_cover": 0.001009, "s2:reflectance_conversion_factor": 1.02871767058948, "s2:datastrip_id": "S2B_OPER_MSI_L2A_DS_2BPS_20241204T204216_S20241204T185656_N05.11", "constellation": "Sentinel 2", "s2:datatake_type": "INS-NOBS", "s2:nodata_pixel_percentage": 0.0, "proj:code": "EPSG:32610", "s2:mgrs_tile": "10SFH", "s2:mean_solar_azimuth": 166.48490653242499, "s2:not_vegetated_percentage": 74.881774, "s2:generation_time": "2024-12-04T20:42:16.000000Z", "s2:saturated_defective_pixel_percentage": 0.0, "sat:orbit_state": "descending", "proj:bbox": "{600000.0, 4190220.0, 4300020.0, 709800.0}", "epsg": 32630, "spatial_ref": 0, "is_debris": 1.0, "nir_val": 0.13824829728760904, "re2_val": 0.12855549358616844, "swir1_val": 0.067786222113263031, "red_val": 0.11921097770154374, "FDI_val": 0.12351461376180309, "FDI": 0.12351461376180309, "longitude": -121.59061236942638, "latitude": 38.151622537752957, "location": "<a href=\"https://www.google.com/maps?q=38.15162253775296,-121.59061236942638\" target=\"_blank\">click me</a>" }, "geometry": { "type": "Point", "coordinates": [ -121.590612369426381, 38.151622537752957 ] } },
{ "type": "Feature", "properties": { "y": 13485925.74921344, "x": -4902318.6699438449, "time": "2024-12-04T18:56:59.024", "id": "S2B_MSIL2A_20241204T185659_R113_T10SFH_20241204T204216", "s2:product_type": "S2MSI2A", "s2:unclassified_percentage": 0.011178, "s2:medium_proba_clouds_percentage": 0.000269, "s2:processing_baseline": "05.11", "s2:snow_ice_percentage": 0.000163, "s2:degraded_msi_data_percentage": 0.0027, "instruments": "msi", "s2:vegetation_percentage": 19.817396, "s2:product_uri": "S2B_MSIL2A_20241204T185659_N0511_R113_T10SFH_20241204T204216.SAFE", "s2:water_percentage": 4.010833, "s2:cloud_shadow_percentage": 0.0, "s2:high_proba_clouds_percentage": 0.0, "s2:datatake_id": "GS2B_20241204T185659_040465_N05.11", "s2:thin_cirrus_percentage": 0.00074, "s2:mean_solar_zenith": 61.909361329797797, "s2:granule_id": "S2B_OPER_MSI_L2A_TL_2BPS_20241204T204216_A040465_T10SFH_N05.11", "platform": "Sentinel-2B", "sat:relative_orbit": 113, "eo:cloud_cover": 0.001009, "s2:reflectance_conversion_factor": 1.02871767058948, "s2:datastrip_id": "S2B_OPER_MSI_L2A_DS_2BPS_20241204T204216_S20241204T185656_N05.11", "constellation": "Sentinel 2", "s2:datatake_type": "INS-NOBS", "s2:nodata_pixel_percentage": 0.0, "proj:code": "EPSG:32610", "s2:mgrs_tile": "10SFH", "s2:mean_solar_azimuth": 166.48490653242499, "s2:not_vegetated_percentage": 74.881774, "s2:generation_time": "2024-12-04T20:42:16.000000Z", "s2:saturated_defective_pixel_percentage": 0.0, "sat:orbit_state": "descending", "proj:bbox": "{600000.0, 4190220.0, 4300020.0, 709800.0}", "epsg": 32630, "spatial_ref": 0, "is_debris": 1.0, "nir_val": 0.087824112797227877, "re2_val": 0.098717233686558853, "swir1_val": 0.044863937239519494, "red_val": 0.047813036020583205, "FDI_val": 0.08997495817020304, "FDI": 0.08997495817020304, "longitude": -121.67615613582076, "latitude": 38.229740226594274, "location": "<a href=\"https://www.google.com/maps?q=38.229740226594274,-121.67615613582076\" target=\"_blank\">click me</a>" }, "geometry": { "type": "Point", "coordinates": [ -121.676156135820762, 38.229740226594274 ] } },
{ "type": "Feature", "properties": { "y": 13485766.785257835, "x": -4917701.1430882746, "time": "2024-12-04T18:56:59.024", "id": "S2B_MSIL2A_20241204T185659_R113_T10SFH_20241204T204216", "s2:product_type": "S2MSI2A", "s2:unclassified_percentage": 0.011178, "s2:medium_proba_clouds_percentage": 0.000269, "s2:processing_baseline": "05.11", "s2:snow_ice_percentage": 0.000163, "s2:degraded_msi_data_percentage": 0.0027, "instruments": "msi", "s2:vegetation_percentage": 19.817396, "s2:product_uri": "S2B_MSIL2A_20241204T185659_N0511_R113_T10SFH_20241204T204216.SAFE", "s2:water_percentage": 4.010833, "s2:cloud_shadow_percentage": 0.0, "s2:high_proba_clouds_percentage": 0.0, "s2:datatake_id": "GS2B_20241204T185659_040465_N05.11", "s2:thin_cirrus_percentage": 0.00074, "s2:mean_solar_zenith": 61.909361329797797, "s2:granule_id": "S2B_OPER_MSI_L2A_TL_2BPS_20241204T204216_A040465_T10SFH_N05.11", "platform": "Sentinel-2B", "sat:relative_orbit": 113, "eo:cloud_cover": 0.001009, "s2:reflectance_conversion_factor": 1.02871767058948, "s2:datastrip_id": "S2B_OPER_MSI_L2A_DS_2BPS_20241204T204216_S20241204T185656_N05.11", "constellation": "Sentinel 2", "s2:datatake_type": "INS-NOBS", "s2:nodata_pixel_percentage": 0.0, "proj:code": "EPSG:32610", "s2:mgrs_tile": "10SFH", "s2:mean_solar_azimuth": 166.48490653242499, "s2:not_vegetated_percentage": 74.881774, "s2:generation_time": "2024-12-04T20:42:16.000000Z", "s2:saturated_defective_pixel_percentage": 0.0, "sat:orbit_state": "descending", "proj:bbox": "{600000.0, 4190220.0, 4300020.0, 709800.0}", "epsg": 32630, "spatial_ref": 0, "is_debris": 1.0, "nir_val": 0.27924483211853268, "re2_val": 0.30981595092024544, "swir1_val": 0.25030644765873983, "red_val": 0.23606346483704974, "FDI_val": 0.080891125402377112, "FDI": 0.080891125402377112, "longitude": -121.59114719215944, "latitude": 38.155047232263989, "location": "<a href=\"https://www.google.com/maps?q=38.15504723226399,-121.59114719215944\" target=\"_blank\">click me</a>" }, "geometry": { "type": "Point", "coordinates": [ -121.59114719215944, 38.155047232263989 ] } },
{ "type": "Feature", "properties": { "y": 13485746.914763385, "x": -4917303.6631620619, "time": "2024-12-04T18:56:59.024", "id": "S2B_MSIL2A_20241204T185659_R113_T10SFH_20241204T204216", "s2:product_type": "S2MSI2A", "s2:unclassified_percentage": 0.011178, "s2:medium_proba_clouds_percentage": 0.000269, "s2:processing_baseline": "05.11", "s2:snow_ice_percentage": 0.000163, "s2:degraded_msi_data_percentage": 0.0027, "instruments": "msi", "s2:vegetation_percentage": 19.817396, "s2:product_uri": "S2B_MSIL2A_20241204T185659_N0511_R113_T10SFH_20241204T204216.SAFE", "s2:water_percentage": 4.010833, "s2:cloud_shadow_percentage": 0.0, "s2:high_proba_clouds_percentage": 0.0, "s2:datatake_id": "GS2B_20241204T185659_040465_N05.11", "s2:thin_cirrus_percentage": 0.00074, "s2:mean_solar_zenith": 61.909361329797797, "s2:granule_id": "S2B_OPER_MSI_L2A_TL_2BPS_20241204T204216_A040465_T10SFH_N05.11", "platform": "Sentinel-2B", "sat:relative_orbit": 113, "eo:cloud_cover": 0.001009, "s2:reflectance_conversion_factor": 1.02871767058948, "s2:datastrip_id": "S2B_OPER_MSI_L2A_DS_2BPS_20241204T204216_S20241204T185656_N05.11", "constellation": "Sentinel 2", "s2:datatake_type": "INS-NOBS", "s2:nodata_pixel_percentage": 0.0, "proj:code": "EPSG:32610", "s2:mgrs_tile": "10SFH", "s2:mean_solar_azimuth": 166.48490653242499, "s2:not_vegetated_percentage": 74.881774, "s2:generation_time": "2024-12-04T20:42:16.000000Z", "s2:saturated_defective_pixel_percentage": 0.0, "sat:orbit_state": "descending", "proj:bbox": "{600000.0, 4190220.0, 4300020.0, 709800.0}", "epsg": 32630, "spatial_ref": 0, "is_debris": 1.0, "nir_val": 0.057354522643087602, "re2_val": 0.10833798103736755, "swir1_val": 0.031625398381956341, "red_val": 0.055102915951972559, "FDI_val": 0.092700426579347378, "FDI": 0.092700426579347378, "longitude": -121.59319106260415, "latitude": 38.157079762280468, "location": "<a href=\"https://www.google.com/maps?q=38.15707976228047,-121.59319106260415\" target=\"_blank\">click me</a>" }, "geometry": { "type": "Point", "coordinates": [ -121.593191062604149, 38.157079762280468 ] } },
{ "type": "Feature", "properties": { "y": 13485746.914763385, "x": -4917283.7891657511, "time": "2024-12-04T18:56:59.024", "id": "S2B_MSIL2A_20241204T185659_R113_T10SFH_20241204T204216", "s2:product_type": "S2MSI2A", "s2:unclassified_percentage": 0.011178, "s2:medium_proba_clouds_percentage": 0.000269, "s2:processing_baseline": "05.11", "s2:snow_ice_percentage": 0.000163, "s2:degraded_msi_data_percentage": 0.0027, "instruments": "msi", "s2:vegetation_percentage": 19.817396, "s2:product_uri": "S2B_MSIL2A_20241204T185659_N0511_R113_T10SFH_20241204T204216.SAFE", "s2:water_percentage": 4.010833, "s2:cloud_shadow_percentage": 0.0, "s2:high_proba_clouds_percentage": 0.0, "s2:datatake_id": "GS2B_20241204T185659_040465_N05.11", "s2:thin_cirrus_percentage": 0.00074, "s2:mean_solar_zenith": 61.909361329797797, "s2:granule_id": "S2B_OPER_MSI_L2A_TL_2BPS_20241204T204216_A040465_T10SFH_N05.11", "platform": "Sentinel-2B", "sat:relative_orbit": 113, "eo:cloud_cover": 0.001009, "s2:reflectance_conversion_factor": 1.02871767058948, "s2:datastrip_id": "S2B_OPER_MSI_L2A_DS_2BPS_20241204T204216_S20241204T185656_N05.11", "constellation": "Sentinel 2", "s2:datatake_type": "INS-NOBS", "s2:nodata_pixel_percentage": 0.0, "proj:code": "EPSG:32610", "s2:mgrs_tile": "10SFH", "s2:mean_solar_azimuth": 166.48490653242499, "s2:not_vegetated_percentage": 74.881774, "s2:generation_time": "2024-12-04T20:42:16.000000Z", "s2:saturated_defective_pixel_percentage": 0.0, "sat:orbit_state": "descending", "proj:bbox": "{600000.0, 4190220.0, 4300020.0, 709800.0}", "epsg": 32630, "spatial_ref": 0, "is_debris": 1.0, "nir_val": 0.052455490500657204, "re2_val": 0.10833798103736755, "swir1_val": 0.031625398381956341, "red_val": 0.051993996569468265, "FDI_val": 0.08780139443691698, "FDI": 0.08780139443691698, "longitude": -121.59329942478405, "latitude": 38.157177112831292, "location": "<a href=\"https://www.google.com/maps?q=38.15717711283129,-121.59329942478405\" target=\"_blank\">click me</a>" }, "geometry": { "type": "Point", "coordinates": [ -121.59329942478405, 38.157177112831292 ] } },
{ "type": "Feature", "properties": { "y": 13485727.044268934, "x": -4917542.1511177896, "time": "2024-12-04T18:56:59.024", "id": "S2B_MSIL2A_20241204T185659_R113_T10SFH_20241204T204216", "s2:product_type": "S2MSI2A", "s2:unclassified_percentage": 0.011178, "s2:medium_proba_clouds_percentage": 0.000269, "s2:processing_baseline": "05.11", "s2:snow_ice_percentage": 0.000163, "s2:degraded_msi_data_percentage": 0.0027, "instruments": "msi", "s2:vegetation_percentage": 19.817396, "s2:product_uri": "S2B_MSIL2A_20241204T185659_N0511_R113_T10SFH_20241204T204216.SAFE", "s2:water_percentage": 4.010833, "s2:cloud_shadow_percentage": 0.0, "s2:high_proba_clouds_percentage": 0.0, "s2:datatake_id": "GS2B_20241204T185659_040465_N05.11", "s2:thin_cirrus_percentage": 0.00074, "s2:mean_solar_zenith": 61.909361329797797, "s2:granule_id": "S2B_OPER_MSI_L2A_TL_2BPS_20241204T204216_A040465_T10SFH_N05.11", "platform": "Sentinel-2B", "sat:relative_orbit": 113, "eo:cloud_cover": 0.001009, "s2:reflectance_conversion_factor": 1.02871767058948, "s2:datastrip_id": "S2B_OPER_MSI_L2A_DS_2BPS_20241204T204216_S20241204T185656_N05.11", "constellation": "Sentinel 2", "s2:datatake_type": "INS-NOBS", "s2:nodata_pixel_percentage": 0.0, "proj:code": "EPSG:32610", "s2:mgrs_tile": "10SFH", "s2:mean_solar_azimuth": 166.48490653242499, "s2:not_vegetated_percentage": 74.881774, "s2:generation_time": "2024-12-04T20:42:16.000000Z", "s2:saturated_defective_pixel_percentage": 0.0, "sat:orbit_state": "descending", "proj:bbox": "{600000.0, 4190220.0, 4300020.0, 709800.0}", "epsg": 32630, "spatial_ref": 0, "is_debris": 1.0, "nir_val": 0.076472696857450118, "re2_val": 0.078639152258784178, "swir1_val": 0.02966413336602107, "red_val": 0.036878216123499147, "FDI_val": 0.089564532366063487, "FDI": 0.089564532366063487, "longitude": -121.59176749082066, "latitude": 38.155997107351929, "location": "<a href=\"https://www.google.com/maps?q=38.15599710735193,-121.59176749082066\" target=\"_blank\">click me</a>" }, "geometry": { "type": "Point", "coordinates": [ -121.591767490820658, 38.155997107351929 ] } },
{ "type": "Feature", "properties": { "y": 13485727.044268934, "x": -4917283.7891657511, "time": "2024-12-04T18:56:59.024", "id": "S2B_MSIL2A_20241204T185659_R113_T10SFH_20241204T204216", "s2:product_type": "S2MSI2A", "s2:unclassified_percentage": 0.011178, "s2:medium_proba_clouds_percentage": 0.000269, "s2:processing_baseline": "05.11", "s2:snow_ice_percentage": 0.000163, "s2:degraded_msi_data_percentage": 0.0027, "instruments": "msi", "s2:vegetation_percentage": 19.817396, "s2:product_uri": "S2B_MSIL2A_20241204T185659_N0511_R113_T10SFH_20241204T204216.SAFE", "s2:water_percentage": 4.010833, "s2:cloud_shadow_percentage": 0.0, "s2:high_proba_clouds_percentage": 0.0, "s2:datatake_id": "GS2B_20241204T185659_040465_N05.11", "s2:thin_cirrus_percentage": 0.00074, "s2:mean_solar_zenith": 61.909361329797797, "s2:granule_id": "S2B_OPER_MSI_L2A_TL_2BPS_20241204T204216_A040465_T10SFH_N05.11", "platform": "Sentinel-2B", "sat:relative_orbit": 113, "eo:cloud_cover": 0.001009, "s2:reflectance_conversion_factor": 1.02871767058948, "s2:datastrip_id": "S2B_OPER_MSI_L2A_DS_2BPS_20241204T204216_S20241204T185656_N05.11", "constellation": "Sentinel 2", "s2:datatake_type": "INS-NOBS", "s2:nodata_pixel_percentage": 0.0, "proj:code": "EPSG:32610", "s2:mgrs_tile": "10SFH", "s2:mean_solar_azimuth": 166.48490653242499, "s2:not_vegetated_percentage": 74.881774, "s2:generation_time": "2024-12-04T20:42:16.000000Z", "s2:saturated_defective_pixel_percentage": 0.0, "sat:orbit_state": "descending", "proj:bbox": "{600000.0, 4190220.0, 4300020.0, 709800.0}", "epsg": 32630, "spatial_ref": 0, "is_debris": 1.0, "nir_val": 0.05185804755645837, "re2_val": 0.11029001673173452, "swir1_val": 0.025128708016670734, "red_val": 0.052744425385934823, "FDI_val": 0.10107651381484331, "FDI": 0.10107651381484331, "longitude": -121.59317615450199, "latitude": 38.157262660078629, "location": "<a href=\"https://www.google.com/maps?q=38.15726266007863,-121.59317615450199\" target=\"_blank\">click me</a>" }, "geometry": { "type": "Point", "coordinates": [ -121.59317615450199, 38.157262660078629 ] } },
{ "type": "Feature", "properties": { "y": 13485687.303280033, "x": -4917283.7891657511, "time": "2024-12-04T18:56:59.024", "id": "S2B_MSIL2A_20241204T185659_R113_T10SFH_20241204T204216", "s2:product_type": "S2MSI2A", "s2:unclassified_percentage": 0.011178, "s2:medium_proba_clouds_percentage": 0.000269, "s2:processing_baseline": "05.11", "s2:snow_ice_percentage": 0.000163, "s2:degraded_msi_data_percentage": 0.0027, "instruments": "msi", "s2:vegetation_percentage": 19.817396, "s2:product_uri": "S2B_MSIL2A_20241204T185659_N0511_R113_T10SFH_20241204T204216.SAFE", "s2:water_percentage": 4.010833, "s2:cloud_shadow_percentage": 0.0, "s2:high_proba_clouds_percentage": 0.0, "s2:datatake_id": "GS2B_20241204T185659_040465_N05.11", "s2:thin_cirrus_percentage": 0.00074, "s2:mean_solar_zenith": 61.909361329797797, "s2:granule_id": "S2B_OPER_MSI_L2A_TL_2BPS_20241204T204216_A040465_T10SFH_N05.11", "platform": "Sentinel-2B", "sat:relative_orbit": 113, "eo:cloud_cover": 0.001009, "s2:reflectance_conversion_factor": 1.02871767058948, "s2:datastrip_id": "S2B_OPER_MSI_L2A_DS_2BPS_20241204T204216_S20241204T185656_N05.11", "constellation": "Sentinel 2", "s2:datatake_type": "INS-NOBS", "s2:nodata_pixel_percentage": 0.0, "proj:code": "EPSG:32610", "s2:mgrs_tile": "10SFH", "s2:mean_solar_azimuth": 166.48490653242499, "s2:not_vegetated_percentage": 74.881774, "s2:generation_time": "2024-12-04T20:42:16.000000Z", "s2:saturated_defective_pixel_percentage": 0.0, "sat:orbit_state": "descending", "proj:bbox": "{600000.0, 4190220.0, 4300020.0, 709800.0}", "epsg": 32630, "spatial_ref": 0, "is_debris": 1.0, "nir_val": 0.056757079698888768, "re2_val": 0.11767986614612383, "swir1_val": 0.029541554302525128, "red_val": 0.049742710120068617, "FDI_val": 0.10416167065664819, "FDI": 0.10416167065664819, "longitude": -121.59292961237115, "latitude": 38.157433753557697, "location": "<a href=\"https://www.google.com/maps?q=38.1574337535577,-121.59292961237115\" target=\"_blank\">click me</a>" }, "geometry": { "type": "Point", "coordinates": [ -121.592929612371151, 38.157433753557697 ] } },
{ "type": "Feature", "properties": { "y": 13485687.303280033, "x": -4917263.9151694411, "time": "2024-12-04T18:56:59.024", "id": "S2B_MSIL2A_20241204T185659_R113_T10SFH_20241204T204216", "s2:product_type": "S2MSI2A", "s2:unclassified_percentage": 0.011178, "s2:medium_proba_clouds_percentage": 0.000269, "s2:processing_baseline": "05.11", "s2:snow_ice_percentage": 0.000163, "s2:degraded_msi_data_percentage": 0.0027, "instruments": "msi", "s2:vegetation_percentage": 19.817396, "s2:product_uri": "S2B_MSIL2A_20241204T185659_N0511_R113_T10SFH_20241204T204216.SAFE", "s2:water_percentage": 4.010833, "s2:cloud_shadow_percentage": 0.0, "s2:high_proba_clouds_percentage": 0.0, "s2:datatake_id": "GS2B_20241204T185659_040465_N05.11", "s2:thin_cirrus_percentage": 0.00074, "s2:mean_solar_zenith": 61.909361329797797, "s2:granule_id": "S2B_OPER_MSI_L2A_TL_2BPS_20241204T204216_A040465_T10SFH_N05.11", "platform": "Sentinel-2B", "sat:relative_orbit": 113, "eo:cloud_cover": 0.001009, "s2:reflectance_conversion_factor": 1.02871767058948, "s2:datastrip_id": "S2B_OPER_MSI_L2A_DS_2BPS_20241204T204216_S20241204T185656_N05.11", "constellation": "Sentinel 2", "s2:datatake_type": "INS-NOBS", "s2:nodata_pixel_percentage": 0.0, "proj:code": "EPSG:32610", "s2:mgrs_tile": "10SFH", "s2:mean_solar_azimuth": 166.48490653242499, "s2:not_vegetated_percentage": 74.881774, "s2:generation_time": "2024-12-04T20:42:16.000000Z", "s2:saturated_defective_pixel_percentage": 0.0, "sat:orbit_state": "descending", "proj:bbox": "{600000.0, 4190220.0, 4300020.0, 709800.0}", "epsg": 32630, "spatial_ref": 0, "is_debris": 1.0, "nir_val": 0.055323216632811562, "re2_val": 0.11767986614612383, "swir1_val": 0.029541554302525128, "red_val": 0.052422813036020588, "FDI_val": 0.10272780759057099, "FDI": 0.10272780759057099, "longitude": -121.59303797417155, "latitude": 38.157531105106749, "location": "<a href=\"https://www.google.com/maps?q=38.15753110510675,-121.59303797417155\" target=\"_blank\">click me</a>" }, "geometry": { "type": "Point", "coordinates": [ -121.593037974171551, 38.157531105106749 ] } },
{ "type": "Feature", "properties": { "y": 13485687.303280033, "x": -4909811.1665529534, "time": "2024-12-04T18:56:59.024", "id": "S2B_MSIL2A_20241204T185659_R113_T10SFH_20241204T204216", "s2:product_type": "S2MSI2A", "s2:unclassified_percentage": 0.011178, "s2:medium_proba_clouds_percentage": 0.000269, "s2:processing_baseline": "05.11", "s2:snow_ice_percentage": 0.000163, "s2:degraded_msi_data_percentage": 0.0027, "instruments": "msi", "s2:vegetation_percentage": 19.817396, "s2:product_uri": "S2B_MSIL2A_20241204T185659_N0511_R113_T10SFH_20241204T204216.SAFE", "s2:water_percentage": 4.010833, "s2:cloud_shadow_percentage": 0.0, "s2:high_proba_clouds_percentage": 0.0, "s2:datatake_id": "GS2B_20241204T185659_040465_N05.11", "s2:thin_cirrus_percentage": 0.00074, "s2:mean_solar_zenith": 61.909361329797797, "s2:granule_id": "S2B_OPER_MSI_L2A_TL_2BPS_20241204T204216_A040465_T10SFH_N05.11", "platform": "Sentinel-2B", "sat:relative_orbit": 113, "eo:cloud_cover": 0.001009, "s2:reflectance_conversion_factor": 1.02871767058948, "s2:datastrip_id": "S2B_OPER_MSI_L2A_DS_2BPS_20241204T204216_S20241204T185656_N05.11", "constellation": "Sentinel 2", "s2:datatake_type": "INS-NOBS", "s2:nodata_pixel_percentage": 0.0, "proj:code": "EPSG:32610", "s2:mgrs_tile": "10SFH", "s2:mean_solar_azimuth": 166.48490653242499, "s2:not_vegetated_percentage": 74.881774, "s2:generation_time": "2024-12-04T20:42:16.000000Z", "s2:saturated_defective_pixel_percentage": 0.0, "sat:orbit_state": "descending", "proj:bbox": "{600000.0, 4190220.0, 4300020.0, 709800.0}", "epsg": 32630, "spatial_ref": 0, "is_debris": 1.0, "nir_val": 0.098817062970486313, "re2_val": 0.11614612381483549, "swir1_val": 0.052341260112772722, "red_val": 0.055531732418524882, "FDI_val": 0.10217846164522869, "FDI": 0.10217846164522869, "longitude": -121.63371051035544, "latitude": 38.194045424707831, "location": "<a href=\"https://www.google.com/maps?q=38.19404542470783,-121.63371051035544\" target=\"_blank\">click me</a>" }, "geometry": { "type": "Point", "coordinates": [ -121.633710510355442, 38.194045424707831 ] } },
{ "type": "Feature", "properties": { "y": 13485687.303280033, "x": -4901146.1041615177, "time": "2024-12-04T18:56:59.024", "id": "S2B_MSIL2A_20241204T185659_R113_T10SFH_20241204T204216", "s2:product_type": "S2MSI2A", "s2:unclassified_percentage": 0.011178, "s2:medium_proba_clouds_percentage": 0.000269, "s2:processing_baseline": "05.11", "s2:snow_ice_percentage": 0.000163, "s2:degraded_msi_data_percentage": 0.0027, "instruments": "msi", "s2:vegetation_percentage": 19.817396, "s2:product_uri": "S2B_MSIL2A_20241204T185659_N0511_R113_T10SFH_20241204T204216.SAFE", "s2:water_percentage": 4.010833, "s2:cloud_shadow_percentage": 0.0, "s2:high_proba_clouds_percentage": 0.0, "s2:datatake_id": "GS2B_20241204T185659_040465_N05.11", "s2:thin_cirrus_percentage": 0.00074, "s2:mean_solar_zenith": 61.909361329797797, "s2:granule_id": "S2B_OPER_MSI_L2A_TL_2BPS_20241204T204216_A040465_T10SFH_N05.11", "platform": "Sentinel-2B", "sat:relative_orbit": 113, "eo:cloud_cover": 0.001009, "s2:reflectance_conversion_factor": 1.02871767058948, "s2:datastrip_id": "S2B_OPER_MSI_L2A_DS_2BPS_20241204T204216_S20241204T185656_N05.11", "constellation": "Sentinel 2", "s2:datatake_type": "INS-NOBS", "s2:nodata_pixel_percentage": 0.0, "proj:code": "EPSG:32610", "s2:mgrs_tile": "10SFH", "s2:mean_solar_azimuth": 166.48490653242499, "s2:not_vegetated_percentage": 74.881774, "s2:generation_time": "2024-12-04T20:42:16.000000Z", "s2:saturated_defective_pixel_percentage": 0.0, "sat:orbit_state": "descending", "proj:bbox": "{600000.0, 4190220.0, 4300020.0, 709800.0}", "epsg": 32630, "spatial_ref": 0, "is_debris": 1.0, "nir_val": 0.1743338511172183, "re2_val": 0.11391522587841607, "swir1_val": 0.044373620985535669, "red_val": 0.047813036020583205, "FDI_val": 0.19067115503816551, "FDI": 0.19067115503816551, "longitude": -121.68109170888638, "latitude": 38.236518124026055, "location": "<a href=\"https://www.google.com/maps?q=38.236518124026055,-121.68109170888638\" target=\"_blank\">click me</a>" }, "geometry": { "type": "Point", "coordinates": [ -121.681091708886385, 38.236518124026055 ] } },
{ "type": "Feature", "properties": { "y": 13485667.432785582, "x": -4917442.7811362362, "time": "2024-12-04T18:56:59.024", "id": "S2B_MSIL2A_20241204T185659_R113_T10SFH_20241204T204216", "s2:product_type": "S2MSI2A", "s2:unclassified_percentage": 0.011178, "s2:medium_proba_clouds_percentage": 0.000269, "s2:processing_baseline": "05.11", "s2:snow_ice_percentage": 0.000163, "s2:degraded_msi_data_percentage": 0.0027, "instruments": "msi", "s2:vegetation_percentage": 19.817396, "s2:product_uri": "S2B_MSIL2A_20241204T185659_N0511_R113_T10SFH_20241204T204216.SAFE", "s2:water_percentage": 4.010833, "s2:cloud_shadow_percentage": 0.0, "s2:high_proba_clouds_percentage": 0.0, "s2:datatake_id": "GS2B_20241204T185659_040465_N05.11", "s2:thin_cirrus_percentage": 0.00074, "s2:mean_solar_zenith": 61.909361329797797, "s2:granule_id": "S2B_OPER_MSI_L2A_TL_2BPS_20241204T204216_A040465_T10SFH_N05.11", "platform": "Sentinel-2B", "sat:relative_orbit": 113, "eo:cloud_cover": 0.001009, "s2:reflectance_conversion_factor": 1.02871767058948, "s2:datastrip_id": "S2B_OPER_MSI_L2A_DS_2BPS_20241204T204216_S20241204T185656_N05.11", "constellation": "Sentinel 2", "s2:datatake_type": "INS-NOBS", "s2:nodata_pixel_percentage": 0.0, "proj:code": "EPSG:32610", "s2:mgrs_tile": "10SFH", "s2:mean_solar_azimuth": 166.48490653242499, "s2:not_vegetated_percentage": 74.881774, "s2:generation_time": "2024-12-04T20:42:16.000000Z", "s2:saturated_defective_pixel_percentage": 0.0, "sat:orbit_state": "descending", "proj:bbox": "{600000.0, 4190220.0, 4300020.0, 709800.0}", "epsg": 32630, "spatial_ref": 0, "is_debris": 1.0, "nir_val": 0.068466961405185822, "re2_val": 0.11098717233686561, "swir1_val": 0.045231674430007349, "red_val": 0.0482418524871355, "FDI_val": 0.080640880385927732, "FDI": 0.080640880385927732, "longitude": -121.59193946733185, "latitude": 38.156740488848776, "location": "<a href=\"https://www.google.com/maps?q=38.156740488848776,-121.59193946733185\" target=\"_blank\">click me</a>" }, "geometry": { "type": "Point", "coordinates": [ -121.591939467331855, 38.156740488848776 ] } },
{ "type": "Feature", "properties": { "y": 13485667.432785582, "x": -4917263.9151694411, "time": "2024-12-04T18:56:59.024", "id": "S2B_MSIL2A_20241204T185659_R113_T10SFH_20241204T204216", "s2:product_type": "S2MSI2A", "s2:unclassified_percentage": 0.011178, "s2:medium_proba_clouds_percentage": 0.000269, "s2:processing_baseline": "05.11", "s2:snow_ice_percentage": 0.000163, "s2:degraded_msi_data_percentage": 0.0027, "instruments": "msi", "s2:vegetation_percentage": 19.817396, "s2:product_uri": "S2B_MSIL2A_20241204T185659_N0511_R113_T10SFH_20241204T204216.SAFE", "s2:water_percentage": 4.010833, "s2:cloud_shadow_percentage": 0.0, "s2:high_proba_clouds_percentage": 0.0, "s2:datatake_id": "GS2B_20241204T185659_040465_N05.11", "s2:thin_cirrus_percentage": 0.00074, "s2:mean_solar_zenith": 61.909361329797797, "s2:granule_id": "S2B_OPER_MSI_L2A_TL_2BPS_20241204T204216_A040465_T10SFH_N05.11", "platform": "Sentinel-2B", "sat:relative_orbit": 113, "eo:cloud_cover": 0.001009, "s2:reflectance_conversion_factor": 1.02871767058948, "s2:datastrip_id": "S2B_OPER_MSI_L2A_DS_2BPS_20241204T204216_S20241204T185656_N05.11", "constellation": "Sentinel 2", "s2:datatake_type": "INS-NOBS", "s2:nodata_pixel_percentage": 0.0, "proj:code": "EPSG:32610", "s2:mgrs_tile": "10SFH", "s2:mean_solar_azimuth": 166.48490653242499, "s2:not_vegetated_percentage": 74.881774, "s2:generation_time": "2024-12-04T20:42:16.000000Z", "s2:saturated_defective_pixel_percentage": 0.0, "sat:orbit_state": "descending", "proj:bbox": "{600000.0, 4190220.0, 4300020.0, 709800.0}", "epsg": 32630, "spatial_ref": 0, "is_debris": 1.0, "nir_val": 0.054128330744413922, "re2_val": 0.13608477412158396, "swir1_val": 0.040696249080657013, "red_val": 0.05424528301886794, "FDI_val": 0.096707778128058197, "FDI": 0.096707778128058197, "longitude": -121.59291470202207, "latitude": 38.157616651635777, "location": "<a href=\"https://www.google.com/maps?q=38.15761665163578,-121.59291470202207\" target=\"_blank\">click me</a>" }, "geometry": { "type": "Point", "coordinates": [ -121.592914702022071, 38.157616651635777 ] } },
{ "type": "Feature", "properties": { "y": 13485667.432785582, "x": -4917244.0411731303, "time": "2024-12-04T18:56:59.024", "id": "S2B_MSIL2A_20241204T185659_R113_T10SFH_20241204T204216", "s2:product_type": "S2MSI2A", "s2:unclassified_percentage": 0.011178, "s2:medium_proba_clouds_percentage": 0.000269, "s2:processing_baseline": "05.11", "s2:snow_ice_percentage": 0.000163, "s2:degraded_msi_data_percentage": 0.0027, "instruments": "msi", "s2:vegetation_percentage": 19.817396, "s2:product_uri": "S2B_MSIL2A_20241204T185659_N0511_R113_T10SFH_20241204T204216.SAFE", "s2:water_percentage": 4.010833, "s2:cloud_shadow_percentage": 0.0, "s2:high_proba_clouds_percentage": 0.0, "s2:datatake_id": "GS2B_20241204T185659_040465_N05.11", "s2:thin_cirrus_percentage": 0.00074, "s2:mean_solar_zenith": 61.909361329797797, "s2:granule_id": "S2B_OPER_MSI_L2A_TL_2BPS_20241204T204216_A040465_T10SFH_N05.11", "platform": "Sentinel-2B", "sat:relative_orbit": 113, "eo:cloud_cover": 0.001009, "s2:reflectance_conversion_factor": 1.02871767058948, "s2:datastrip_id": "S2B_OPER_MSI_L2A_DS_2BPS_20241204T204216_S20241204T185656_N05.11", "constellation": "Sentinel 2", "s2:datatake_type": "INS-NOBS", "s2:nodata_pixel_percentage": 0.0, "proj:code": "EPSG:32610", "s2:mgrs_tile": "10SFH", "s2:mean_solar_azimuth": 166.48490653242499, "s2:not_vegetated_percentage": 74.881774, "s2:generation_time": "2024-12-04T20:42:16.000000Z", "s2:saturated_defective_pixel_percentage": 0.0, "sat:orbit_state": "descending", "proj:bbox": "{600000.0, 4190220.0, 4300020.0, 709800.0}", "epsg": 32630, "spatial_ref": 0, "is_debris": 1.0, "nir_val": 0.07850400286772613, "re2_val": 0.13608477412158396, "swir1_val": 0.040696249080657013, "red_val": 0.052744425385934823, "FDI_val": 0.12108345025137041, "FDI": 0.12108345025137041, "longitude": -121.59302306404425, "latitude": 38.157714003588517, "location": "<a href=\"https://www.google.com/maps?q=38.15771400358852,-121.59302306404425\" target=\"_blank\">click me</a>" }, "geometry": { "type": "Point", "coordinates": [ -121.593023064044246, 38.157714003588517 ] } },
{ "type": "Feature", "properties": { "y": 13485667.432785582, "x": -4900669.1282500625, "time": "2024-12-04T18:56:59.024", "id": "S2B_MSIL2A_20241204T185659_R113_T10SFH_20241204T204216", "s2:product_type": "S2MSI2A", "s2:unclassified_percentage": 0.011178, "s2:medium_proba_clouds_percentage": 0.000269, "s2:processing_baseline": "05.11", "s2:snow_ice_percentage": 0.000163, "s2:degraded_msi_data_percentage": 0.0027, "instruments": "msi", "s2:vegetation_percentage": 19.817396, "s2:product_uri": "S2B_MSIL2A_20241204T185659_N0511_R113_T10SFH_20241204T204216.SAFE", "s2:water_percentage": 4.010833, "s2:cloud_shadow_percentage": 0.0, "s2:high_proba_clouds_percentage": 0.0, "s2:datatake_id": "GS2B_20241204T185659_040465_N05.11", "s2:thin_cirrus_percentage": 0.00074, "s2:mean_solar_zenith": 61.909361329797797, "s2:granule_id": "S2B_OPER_MSI_L2A_TL_2BPS_20241204T204216_A040465_T10SFH_N05.11", "platform": "Sentinel-2B", "sat:relative_orbit": 113, "eo:cloud_cover": 0.001009, "s2:reflectance_conversion_factor": 1.02871767058948, "s2:datastrip_id": "S2B_OPER_MSI_L2A_DS_2BPS_20241204T204216_S20241204T185656_N05.11", "constellation": "Sentinel 2", "s2:datatake_type": "INS-NOBS", "s2:nodata_pixel_percentage": 0.0, "proj:code": "EPSG:32610", "s2:mgrs_tile": "10SFH", "s2:mean_solar_azimuth": 166.48490653242499, "s2:not_vegetated_percentage": 74.881774, "s2:generation_time": "2024-12-04T20:42:16.000000Z", "s2:saturated_defective_pixel_percentage": 0.0, "sat:orbit_state": "descending", "proj:bbox": "{600000.0, 4190220.0, 4300020.0, 709800.0}", "epsg": 32630, "spatial_ref": 0, "is_debris": 1.0, "nir_val": 0.085673318198112081, "re2_val": 0.086168432794199668, "swir1_val": 0.0239029173817112, "red_val": 0.03945111492281303, "FDI_val": 0.11612918411301779, "FDI": 0.11612918411301779, "longitude": -121.68357922128673, "latitude": 38.238942448289173, "location": "<a href=\"https://www.google.com/maps?q=38.23894244828917,-121.68357922128673\" target=\"_blank\">click me</a>" }, "geometry": { "type": "Point", "coordinates": [ -121.683579221286735, 38.238942448289173 ] } },
{ "type": "Feature", "properties": { "y": 13485647.562291132, "x": -4901225.6001467602, "time": "2024-12-04T18:56:59.024", "id": "S2B_MSIL2A_20241204T185659_R113_T10SFH_20241204T204216", "s2:product_type": "S2MSI2A", "s2:unclassified_percentage": 0.011178, "s2:medium_proba_clouds_percentage": 0.000269, "s2:processing_baseline": "05.11", "s2:snow_ice_percentage": 0.000163, "s2:degraded_msi_data_percentage": 0.0027, "instruments": "msi", "s2:vegetation_percentage": 19.817396, "s2:product_uri": "S2B_MSIL2A_20241204T185659_N0511_R113_T10SFH_20241204T204216.SAFE", "s2:water_percentage": 4.010833, "s2:cloud_shadow_percentage": 0.0, "s2:high_proba_clouds_percentage": 0.0, "s2:datatake_id": "GS2B_20241204T185659_040465_N05.11", "s2:thin_cirrus_percentage": 0.00074, "s2:mean_solar_zenith": 61.909361329797797, "s2:granule_id": "S2B_OPER_MSI_L2A_TL_2BPS_20241204T204216_A040465_T10SFH_N05.11", "platform": "Sentinel-2B", "sat:relative_orbit": 113, "eo:cloud_cover": 0.001009, "s2:reflectance_conversion_factor": 1.02871767058948, "s2:datastrip_id": "S2B_OPER_MSI_L2A_DS_2BPS_20241204T204216_S20241204T185656_N05.11", "constellation": "Sentinel 2", "s2:datatake_type": "INS-NOBS", "s2:nodata_pixel_percentage": 0.0, "proj:code": "EPSG:32610", "s2:mgrs_tile": "10SFH", "s2:mean_solar_azimuth": 166.48490653242499, "s2:not_vegetated_percentage": 74.881774, "s2:generation_time": "2024-12-04T20:42:16.000000Z", "s2:saturated_defective_pixel_percentage": 0.0, "sat:orbit_state": "descending", "proj:bbox": "{600000.0, 4190220.0, 4300020.0, 709800.0}", "epsg": 32630, "spatial_ref": 0, "is_debris": 1.0, "nir_val": 0.04002867726132156, "re2_val": 0.11279977691020637, "swir1_val": 0.030889924000980631, "red_val": 0.032268439108061764, "FDI_val": 0.080647355006490368, "FDI": 0.080647355006490368, "longitude": -121.68040953584767, "latitude": 38.236299948336423, "location": "<a href=\"https://www.google.com/maps?q=38.23629994833642,-121.68040953584767\" target=\"_blank\">click me</a>" }, "geometry": { "type": "Point", "coordinates": [ -121.680409535847673, 38.236299948336423 ] } },
{ "type": "Feature", "properties": { "y": 13485627.691796681, "x": -4917263.9151694411, "time": "2024-12-04T18:56:59.024", "id": "S2B_MSIL2A_20241204T185659_R113_T10SFH_20241204T204216", "s2:product_type": "S2MSI2A", "s2:unclassified_percentage": 0.011178, "s2:medium_proba_clouds_percentage": 0.000269, "s2:processing_baseline": "05.11", "s2:snow_ice_percentage": 0.000163, "s2:degraded_msi_data_percentage": 0.0027, "instruments": "msi", "s2:vegetation_percentage": 19.817396, "s2:product_uri": "S2B_MSIL2A_20241204T185659_N0511_R113_T10SFH_20241204T204216.SAFE", "s2:water_percentage": 4.010833, "s2:cloud_shadow_percentage": 0.0, "s2:high_proba_clouds_percentage": 0.0, "s2:datatake_id": "GS2B_20241204T185659_040465_N05.11", "s2:thin_cirrus_percentage": 0.00074, "s2:mean_solar_zenith": 61.909361329797797, "s2:granule_id": "S2B_OPER_MSI_L2A_TL_2BPS_20241204T204216_A040465_T10SFH_N05.11", "platform": "Sentinel-2B", "sat:relative_orbit": 113, "eo:cloud_cover": 0.001009, "s2:reflectance_conversion_factor": 1.02871767058948, "s2:datastrip_id": "S2B_OPER_MSI_L2A_DS_2BPS_20241204T204216_S20241204T185656_N05.11", "constellation": "Sentinel 2", "s2:datatake_type": "INS-NOBS", "s2:nodata_pixel_percentage": 0.0, "proj:code": "EPSG:32610", "s2:mgrs_tile": "10SFH", "s2:mean_solar_azimuth": 166.48490653242499, "s2:not_vegetated_percentage": 74.881774, "s2:generation_time": "2024-12-04T20:42:16.000000Z", "s2:saturated_defective_pixel_percentage": 0.0, "sat:orbit_state": "descending", "proj:bbox": "{600000.0, 4190220.0, 4300020.0, 709800.0}", "epsg": 32630, "spatial_ref": 0, "is_debris": 1.0, "nir_val": 0.056876568287728524, "re2_val": 0.12660345789180147, "swir1_val": 0.042167197842608486, "red_val": 0.050385934819897088, "FDI_val": 0.088423565726161502, "FDI": 0.088423565726161502, "longitude": -121.59266815615636, "latitude": 38.157787743678185, "location": "<a href=\"https://www.google.com/maps?q=38.157787743678185,-121.59266815615636\" target=\"_blank\">click me</a>" }, "geometry": { "type": "Point", "coordinates": [ -121.592668156156364, 38.157787743678185 ] } },
{ "type": "Feature", "properties": { "y": 13485627.691796681, "x": -4917244.0411731303, "time": "2024-12-04T18:56:59.024", "id": "S2B_MSIL2A_20241204T185659_R113_T10SFH_20241204T204216", "s2:product_type": "S2MSI2A", "s2:unclassified_percentage": 0.011178, "s2:medium_proba_clouds_percentage": 0.000269, "s2:processing_baseline": "05.11", "s2:snow_ice_percentage": 0.000163, "s2:degraded_msi_data_percentage": 0.0027, "instruments": "msi", "s2:vegetation_percentage": 19.817396, "s2:product_uri": "S2B_MSIL2A_20241204T185659_N0511_R113_T10SFH_20241204T204216.SAFE", "s2:water_percentage": 4.010833, "s2:cloud_shadow_percentage": 0.0, "s2:high_proba_clouds_percentage": 0.0, "s2:datatake_id": "GS2B_20241204T185659_040465_N05.11", "s2:thin_cirrus_percentage": 0.00074, "s2:mean_solar_zenith": 61.909361329797797, "s2:granule_id": "S2B_OPER_MSI_L2A_TL_2BPS_20241204T204216_A040465_T10SFH_N05.11", "platform": "Sentinel-2B", "sat:relative_orbit": 113, "eo:cloud_cover": 0.001009, "s2:reflectance_conversion_factor": 1.02871767058948, "s2:datastrip_id": "S2B_OPER_MSI_L2A_DS_2BPS_20241204T204216_S20241204T185656_N05.11", "constellation": "Sentinel 2", "s2:datatake_type": "INS-NOBS", "s2:nodata_pixel_percentage": 0.0, "proj:code": "EPSG:32610", "s2:mgrs_tile": "10SFH", "s2:mean_solar_azimuth": 166.48490653242499, "s2:not_vegetated_percentage": 74.881774, "s2:generation_time": "2024-12-04T20:42:16.000000Z", "s2:saturated_defective_pixel_percentage": 0.0, "sat:orbit_state": "descending", "proj:bbox": "{600000.0, 4190220.0, 4300020.0, 709800.0}", "epsg": 32630, "spatial_ref": 0, "is_debris": 1.0, "nir_val": 0.062253554785518, "re2_val": 0.12660345789180147, "swir1_val": 0.042167197842608486, "red_val": 0.052958833619210971, "FDI_val": 0.093800552223950978, "FDI": 0.093800552223950978, "longitude": -121.59277651757724, "latitude": 38.157885096225506, "location": "<a href=\"https://www.google.com/maps?q=38.157885096225506,-121.59277651757724\" target=\"_blank\">click me</a>" }, "geometry": { "type": "Point", "coordinates": [ -121.592776517577235, 38.157885096225506 ] } },
{ "type": "Feature", "properties": { "y": 13485627.691796681, "x": -4901225.6001467602, "time": "2024-12-04T18:56:59.024", "id": "S2B_MSIL2A_20241204T185659_R113_T10SFH_20241204T204216", "s2:product_type": "S2MSI2A", "s2:unclassified_percentage": 0.011178, "s2:medium_proba_clouds_percentage": 0.000269, "s2:processing_baseline": "05.11", "s2:snow_ice_percentage": 0.000163, "s2:degraded_msi_data_percentage": 0.0027, "instruments": "msi", "s2:vegetation_percentage": 19.817396, "s2:product_uri": "S2B_MSIL2A_20241204T185659_N0511_R113_T10SFH_20241204T204216.SAFE", "s2:water_percentage": 4.010833, "s2:cloud_shadow_percentage": 0.0, "s2:high_proba_clouds_percentage": 0.0, "s2:datatake_id": "GS2B_20241204T185659_040465_N05.11", "s2:thin_cirrus_percentage": 0.00074, "s2:mean_solar_zenith": 61.909361329797797, "s2:granule_id": "S2B_OPER_MSI_L2A_TL_2BPS_20241204T204216_A040465_T10SFH_N05.11", "platform": "Sentinel-2B", "sat:relative_orbit": 113, "eo:cloud_cover": 0.001009, "s2:reflectance_conversion_factor": 1.02871767058948, "s2:datastrip_id": "S2B_OPER_MSI_L2A_DS_2BPS_20241204T204216_S20241204T185656_N05.11", "constellation": "Sentinel 2", "s2:datatake_type": "INS-NOBS", "s2:nodata_pixel_percentage": 0.0, "proj:code": "EPSG:32610", "s2:mgrs_tile": "10SFH", "s2:mean_solar_azimuth": 166.48490653242499, "s2:not_vegetated_percentage": 74.881774, "s2:generation_time": "2024-12-04T20:42:16.000000Z", "s2:saturated_defective_pixel_percentage": 0.0, "sat:orbit_state": "descending", "proj:bbox": "{600000.0, 4190220.0, 4300020.0, 709800.0}", "epsg": 32630, "spatial_ref": 0, "is_debris": 1.0, "nir_val": 0.10240172063567929, "re2_val": 0.11279977691020637, "swir1_val": 0.030889924000980631, "red_val": 0.027658662092624353, "FDI_val": 0.1430203983808481, "FDI": 0.1430203983808481, "longitude": -121.68028602012731, "latitude": 38.236385734460519, "location": "<a href=\"https://www.google.com/maps?q=38.23638573446052,-121.68028602012731\" target=\"_blank\">click me</a>" }, "geometry": { "type": "Point", "coordinates": [ -121.680286020127312, 38.236385734460519 ] } },
{ "type": "Feature", "properties": { "y": 13485627.691796681, "x": -4900490.2622832665, "time": "2024-12-04T18:56:59.024", "id": "S2B_MSIL2A_20241204T185659_R113_T10SFH_20241204T204216", "s2:product_type": "S2MSI2A", "s2:unclassified_percentage": 0.011178, "s2:medium_proba_clouds_percentage": 0.000269, "s2:processing_baseline": "05.11", "s2:snow_ice_percentage": 0.000163, "s2:degraded_msi_data_percentage": 0.0027, "instruments": "msi", "s2:vegetation_percentage": 19.817396, "s2:product_uri": "S2B_MSIL2A_20241204T185659_N0511_R113_T10SFH_20241204T204216.SAFE", "s2:water_percentage": 4.010833, "s2:cloud_shadow_percentage": 0.0, "s2:high_proba_clouds_percentage": 0.0, "s2:datatake_id": "GS2B_20241204T185659_040465_N05.11", "s2:thin_cirrus_percentage": 0.00074, "s2:mean_solar_zenith": 61.909361329797797, "s2:granule_id": "S2B_OPER_MSI_L2A_TL_2BPS_20241204T204216_A040465_T10SFH_N05.11", "platform": "Sentinel-2B", "sat:relative_orbit": 113, "eo:cloud_cover": 0.001009, "s2:reflectance_conversion_factor": 1.02871767058948, "s2:datastrip_id": "S2B_OPER_MSI_L2A_DS_2BPS_20241204T204216_S20241204T185656_N05.11", "constellation": "Sentinel 2", "s2:datatake_type": "INS-NOBS", "s2:nodata_pixel_percentage": 0.0, "proj:code": "EPSG:32610", "s2:mgrs_tile": "10SFH", "s2:mean_solar_azimuth": 166.48490653242499, "s2:not_vegetated_percentage": 74.881774, "s2:generation_time": "2024-12-04T20:42:16.000000Z", "s2:saturated_defective_pixel_percentage": 0.0, "sat:orbit_state": "descending", "proj:bbox": "{600000.0, 4190220.0, 4300020.0, 709800.0}", "epsg": 32630, "spatial_ref": 0, "is_debris": 1.0, "nir_val": 0.065718723861871192, "re2_val": 0.08505298382598997, "swir1_val": 0.029541554302525128, "red_val": 0.033126072041166382, "FDI_val": 0.084639528667132813, "FDI": 0.084639528667132813, "longitude": -121.68431138173268, "latitude": 38.239991009680274, "location": "<a href=\"https://www.google.com/maps?q=38.239991009680274,-121.68431138173268\" target=\"_blank\">click me</a>" }, "geometry": { "type": "Point", "coordinates": [ -121.684311381732684, 38.239991009680274 ] } },
{ "type": "Feature", "properties": { "y": 13485607.82130223, "x": -4901046.7341799643, "time": "2024-12-04T18:56:59.024", "id": "S2B_MSIL2A_20241204T185659_R113_T10SFH_20241204T204216", "s2:product_type": "S2MSI2A", "s2:unclassified_percentage": 0.011178, "s2:medium_proba_clouds_percentage": 0.000269, "s2:processing_baseline": "05.11", "s2:snow_ice_percentage": 0.000163, "s2:degraded_msi_data_percentage": 0.0027, "instruments": "msi", "s2:vegetation_percentage": 19.817396, "s2:product_uri": "S2B_MSIL2A_20241204T185659_N0511_R113_T10SFH_20241204T204216.SAFE", "s2:water_percentage": 4.010833, "s2:cloud_shadow_percentage": 0.0, "s2:high_proba_clouds_percentage": 0.0, "s2:datatake_id": "GS2B_20241204T185659_040465_N05.11", "s2:thin_cirrus_percentage": 0.00074, "s2:mean_solar_zenith": 61.909361329797797, "s2:granule_id": "S2B_OPER_MSI_L2A_TL_2BPS_20241204T204216_A040465_T10SFH_N05.11", "platform": "Sentinel-2B", "sat:relative_orbit": 113, "eo:cloud_cover": 0.001009, "s2:reflectance_conversion_factor": 1.02871767058948, "s2:datastrip_id": "S2B_OPER_MSI_L2A_DS_2BPS_20241204T204216_S20241204T185656_N05.11", "constellation": "Sentinel 2", "s2:datatake_type": "INS-NOBS", "s2:nodata_pixel_percentage": 0.0, "proj:code": "EPSG:32610", "s2:mgrs_tile": "10SFH", "s2:mean_solar_azimuth": 166.48490653242499, "s2:not_vegetated_percentage": 74.881774, "s2:generation_time": "2024-12-04T20:42:16.000000Z", "s2:saturated_defective_pixel_percentage": 0.0, "sat:orbit_state": "descending", "proj:bbox": "{600000.0, 4190220.0, 4300020.0, 709800.0}", "epsg": 32630, "spatial_ref": 0, "is_debris": 1.0, "nir_val": 0.091528259051260608, "re2_val": 0.09913552704963749, "swir1_val": 0.03750919342976218, "red_val": 0.046204974271012, "FDI_val": 0.10781983306742129, "FDI": 0.10781983306742129, "longitude": -121.68114157702178, "latitude": 38.237348468497935, "location": "<a href=\"https://www.google.com/maps?q=38.237348468497935,-121.68114157702178\" target=\"_blank\">click me</a>" }, "geometry": { "type": "Point", "coordinates": [ -121.681141577021776, 38.237348468497935 ] } },
{ "type": "Feature", "properties": { "y": 13485607.82130223, "x": -4900847.9942168575, "time": "2024-12-04T18:56:59.024", "id": "S2B_MSIL2A_20241204T185659_R113_T10SFH_20241204T204216", "s2:product_type": "S2MSI2A", "s2:unclassified_percentage": 0.011178, "s2:medium_proba_clouds_percentage": 0.000269, "s2:processing_baseline": "05.11", "s2:snow_ice_percentage": 0.000163, "s2:degraded_msi_data_percentage": 0.0027, "instruments": "msi", "s2:vegetation_percentage": 19.817396, "s2:product_uri": "S2B_MSIL2A_20241204T185659_N0511_R113_T10SFH_20241204T204216.SAFE", "s2:water_percentage": 4.010833, "s2:cloud_shadow_percentage": 0.0, "s2:high_proba_clouds_percentage": 0.0, "s2:datatake_id": "GS2B_20241204T185659_040465_N05.11", "s2:thin_cirrus_percentage": 0.00074, "s2:mean_solar_zenith": 61.909361329797797, "s2:granule_id": "S2B_OPER_MSI_L2A_TL_2BPS_20241204T204216_A040465_T10SFH_N05.11", "platform": "Sentinel-2B", "sat:relative_orbit": 113, "eo:cloud_cover": 0.001009, "s2:reflectance_conversion_factor": 1.02871767058948, "s2:datastrip_id": "S2B_OPER_MSI_L2A_DS_2BPS_20241204T204216_S20241204T185656_N05.11", "constellation": "Sentinel 2", "s2:datatake_type": "INS-NOBS", "s2:nodata_pixel_percentage": 0.0, "proj:code": "EPSG:32610", "s2:mgrs_tile": "10SFH", "s2:mean_solar_azimuth": 166.48490653242499, "s2:not_vegetated_percentage": 74.881774, "s2:generation_time": "2024-12-04T20:42:16.000000Z", "s2:saturated_defective_pixel_percentage": 0.0, "sat:orbit_state": "descending", "proj:bbox": "{600000.0, 4190220.0, 4300020.0, 709800.0}", "epsg": 32630, "spatial_ref": 0, "is_debris": 1.0, "nir_val": 0.034173736408173033, "re2_val": 0.12994980479643056, "swir1_val": 0.035057612159843085, "red_val": 0.029266723842195558, "FDI_val": 0.081958514645350727, "FDI": 0.081958514645350727, "longitude": -121.68222948595323, "latitude": 38.238322865449916, "location": "<a href=\"https://www.google.com/maps?q=38.238322865449916,-121.68222948595323\" target=\"_blank\">click me</a>" }, "geometry": { "type": "Point", "coordinates": [ -121.682229485953229, 38.238322865449916 ] } },
{ "type": "Feature", "properties": { "y": 13485587.95080778, "x": -4917263.9151694411, "time": "2024-12-04T18:56:59.024", "id": "S2B_MSIL2A_20241204T185659_R113_T10SFH_20241204T204216", "s2:product_type": "S2MSI2A", "s2:unclassified_percentage": 0.011178, "s2:medium_proba_clouds_percentage": 0.000269, "s2:processing_baseline": "05.11", "s2:snow_ice_percentage": 0.000163, "s2:degraded_msi_data_percentage": 0.0027, "instruments": "msi", "s2:vegetation_percentage": 19.817396, "s2:product_uri": "S2B_MSIL2A_20241204T185659_N0511_R113_T10SFH_20241204T204216.SAFE", "s2:water_percentage": 4.010833, "s2:cloud_shadow_percentage": 0.0, "s2:high_proba_clouds_percentage": 0.0, "s2:datatake_id": "GS2B_20241204T185659_040465_N05.11", "s2:thin_cirrus_percentage": 0.00074, "s2:mean_solar_zenith": 61.909361329797797, "s2:granule_id": "S2B_OPER_MSI_L2A_TL_2BPS_20241204T204216_A040465_T10SFH_N05.11", "platform": "Sentinel-2B", "sat:relative_orbit": 113, "eo:cloud_cover": 0.001009, "s2:reflectance_conversion_factor": 1.02871767058948, "s2:datastrip_id": "S2B_OPER_MSI_L2A_DS_2BPS_20241204T204216_S20241204T185656_N05.11", "constellation": "Sentinel 2", "s2:datatake_type": "INS-NOBS", "s2:nodata_pixel_percentage": 0.0, "proj:code": "EPSG:32610", "s2:mgrs_tile": "10SFH", "s2:mean_solar_azimuth": 166.48490653242499, "s2:not_vegetated_percentage": 74.881774, "s2:generation_time": "2024-12-04T20:42:16.000000Z", "s2:saturated_defective_pixel_percentage": 0.0, "sat:orbit_state": "descending", "proj:bbox": "{600000.0, 4190220.0, 4300020.0, 709800.0}", "epsg": 32630, "spatial_ref": 0, "is_debris": 1.0, "nir_val": 0.051738558967618586, "re2_val": 0.10764082543223649, "swir1_val": 0.031747977445452311, "red_val": 0.05156518010291597, "FDI_val": 0.086246242463009604, "FDI": 0.086246242463009604, "longitude": -121.59242160820162, "latitude": 38.157958834366426, "location": "<a href=\"https://www.google.com/maps?q=38.157958834366426,-121.59242160820162\" target=\"_blank\">click me</a>" }, "geometry": { "type": "Point", "coordinates": [ -121.592421608201619, 38.157958834366426 ] } },
{ "type": "Feature", "properties": { "y": 13485587.95080778, "x": -4917244.0411731303, "time": "2024-12-04T18:56:59.024", "id": "S2B_MSIL2A_20241204T185659_R113_T10SFH_20241204T204216", "s2:product_type": "S2MSI2A", "s2:unclassified_percentage": 0.011178, "s2:medium_proba_clouds_percentage": 0.000269, "s2:processing_baseline": "05.11", "s2:snow_ice_percentage": 0.000163, "s2:degraded_msi_data_percentage": 0.0027, "instruments": "msi", "s2:vegetation_percentage": 19.817396, "s2:product_uri": "S2B_MSIL2A_20241204T185659_N0511_R113_T10SFH_20241204T204216.SAFE", "s2:water_percentage": 4.010833, "s2:cloud_shadow_percentage": 0.0, "s2:high_proba_clouds_percentage": 0.0, "s2:datatake_id": "GS2B_20241204T185659_040465_N05.11", "s2:thin_cirrus_percentage": 0.00074, "s2:mean_solar_zenith": 61.909361329797797, "s2:granule_id": "S2B_OPER_MSI_L2A_TL_2BPS_20241204T204216_A040465_T10SFH_N05.11", "platform": "Sentinel-2B", "sat:relative_orbit": 113, "eo:cloud_cover": 0.001009, "s2:reflectance_conversion_factor": 1.02871767058948, "s2:datastrip_id": "S2B_OPER_MSI_L2A_DS_2BPS_20241204T204216_S20241204T185656_N05.11", "constellation": "Sentinel 2", "s2:datatake_type": "INS-NOBS", "s2:nodata_pixel_percentage": 0.0, "proj:code": "EPSG:32610", "s2:mgrs_tile": "10SFH", "s2:mean_solar_azimuth": 166.48490653242499, "s2:not_vegetated_percentage": 74.881774, "s2:generation_time": "2024-12-04T20:42:16.000000Z", "s2:saturated_defective_pixel_percentage": 0.0, "sat:orbit_state": "descending", "proj:bbox": "{600000.0, 4190220.0, 4300020.0, 709800.0}", "epsg": 32630, "spatial_ref": 0, "is_debris": 1.0, "nir_val": 0.057474011231927358, "re2_val": 0.10764082543223649, "swir1_val": 0.031747977445452311, "red_val": 0.053173241852487146, "FDI_val": 0.091981694727318375, "FDI": 0.091981694727318375, "longitude": -121.59252996902119, "latitude": 38.158056187508308, "location": "<a href=\"https://www.google.com/maps?q=38.15805618750831,-121.59252996902119\" target=\"_blank\">click me</a>" }, "geometry": { "type": "Point", "coordinates": [ -121.592529969021186, 38.158056187508308 ] } },
{ "type": "Feature", "properties": { "y": 13485587.95080778, "x": -4901305.0961320028, "time": "2024-12-04T18:56:59.024", "id": "S2B_MSIL2A_20241204T185659_R113_T10SFH_20241204T204216", "s2:product_type": "S2MSI2A", "s2:unclassified_percentage": 0.011178, "s2:medium_proba_clouds_percentage": 0.000269, "s2:processing_baseline": "05.11", "s2:snow_ice_percentage": 0.000163, "s2:degraded_msi_data_percentage": 0.0027, "instruments": "msi", "s2:vegetation_percentage": 19.817396, "s2:product_uri": "S2B_MSIL2A_20241204T185659_N0511_R113_T10SFH_20241204T204216.SAFE", "s2:water_percentage": 4.010833, "s2:cloud_shadow_percentage": 0.0, "s2:high_proba_clouds_percentage": 0.0, "s2:datatake_id": "GS2B_20241204T185659_040465_N05.11", "s2:thin_cirrus_percentage": 0.00074, "s2:mean_solar_zenith": 61.909361329797797, "s2:granule_id": "S2B_OPER_MSI_L2A_TL_2BPS_20241204T204216_A040465_T10SFH_N05.11", "platform": "Sentinel-2B", "sat:relative_orbit": 113, "eo:cloud_cover": 0.001009, "s2:reflectance_conversion_factor": 1.02871767058948, "s2:datastrip_id": "S2B_OPER_MSI_L2A_DS_2BPS_20241204T204216_S20241204T185656_N05.11", "constellation": "Sentinel 2", "s2:datatake_type": "INS-NOBS", "s2:nodata_pixel_percentage": 0.0, "proj:code": "EPSG:32610", "s2:mgrs_tile": "10SFH", "s2:mean_solar_azimuth": 166.48490653242499, "s2:not_vegetated_percentage": 74.881774, "s2:generation_time": "2024-12-04T20:42:16.000000Z", "s2:saturated_defective_pixel_percentage": 0.0, "sat:orbit_state": "descending", "proj:bbox": "{600000.0, 4190220.0, 4300020.0, 709800.0}", "epsg": 32630, "spatial_ref": 0, "is_debris": 1.0, "nir_val": 0.17744055442705223, "re2_val": 0.13580591187953153, "swir1_val": 0.035425349350330967, "red_val": 0.032161234991423676, "FDI_val": 0.22964902950697569, "FDI": 0.22964902950697569, "longitude": -121.67960385834863, "latitude": 38.236167552458845, "location": "<a href=\"https://www.google.com/maps?q=38.236167552458845,-121.67960385834863\" target=\"_blank\">click me</a>" }, "geometry": { "type": "Point", "coordinates": [ -121.679603858348628, 38.236167552458845 ] } },
{ "type": "Feature", "properties": { "y": 13485568.080313329, "x": -4901364.7181209344, "time": "2024-12-04T18:56:59.024", "id": "S2B_MSIL2A_20241204T185659_R113_T10SFH_20241204T204216", "s2:product_type": "S2MSI2A", "s2:unclassified_percentage": 0.011178, "s2:medium_proba_clouds_percentage": 0.000269, "s2:processing_baseline": "05.11", "s2:snow_ice_percentage": 0.000163, "s2:degraded_msi_data_percentage": 0.0027, "instruments": "msi", "s2:vegetation_percentage": 19.817396, "s2:product_uri": "S2B_MSIL2A_20241204T185659_N0511_R113_T10SFH_20241204T204216.SAFE", "s2:water_percentage": 4.010833, "s2:cloud_shadow_percentage": 0.0, "s2:high_proba_clouds_percentage": 0.0, "s2:datatake_id": "GS2B_20241204T185659_040465_N05.11", "s2:thin_cirrus_percentage": 0.00074, "s2:mean_solar_zenith": 61.909361329797797, "s2:granule_id": "S2B_OPER_MSI_L2A_TL_2BPS_20241204T204216_A040465_T10SFH_N05.11", "platform": "Sentinel-2B", "sat:relative_orbit": 113, "eo:cloud_cover": 0.001009, "s2:reflectance_conversion_factor": 1.02871767058948, "s2:datastrip_id": "S2B_OPER_MSI_L2A_DS_2BPS_20241204T204216_S20241204T185656_N05.11", "constellation": "Sentinel 2", "s2:datatake_type": "INS-NOBS", "s2:nodata_pixel_percentage": 0.0, "proj:code": "EPSG:32610", "s2:mgrs_tile": "10SFH", "s2:mean_solar_azimuth": 166.48490653242499, "s2:not_vegetated_percentage": 74.881774, "s2:generation_time": "2024-12-04T20:42:16.000000Z", "s2:saturated_defective_pixel_percentage": 0.0, "sat:orbit_state": "descending", "proj:bbox": "{600000.0, 4190220.0, 4300020.0, 709800.0}", "epsg": 32630, "spatial_ref": 0, "is_debris": 1.0, "nir_val": 0.034293224997012789, "re2_val": 0.1034578918014501, "swir1_val": 0.021941652365775929, "red_val": 0.021976843910806176, "FDI_val": 0.083516543567142859, "FDI": 0.083516543567142859, "longitude": -121.67915400209736, "latitude": 38.23596102166011, "location": "<a href=\"https://www.google.com/maps?q=38.23596102166011,-121.67915400209736\" target=\"_blank\">click me</a>" }, "geometry": { "type": "Point", "coordinates": [ -121.679154002097363, 38.23596102166011 ] } },
{ "type": "Feature", "properties": { "y": 13485568.080313329, "x": -4901225.6001467602, "time": "2024-12-04T18:56:59.024", "id": "S2B_MSIL2A_20241204T185659_R113_T10SFH_20241204T204216", "s2:product_type": "S2MSI2A", "s2:unclassified_percentage": 0.011178, "s2:medium_proba_clouds_percentage": 0.000269, "s2:processing_baseline": "05.11", "s2:snow_ice_percentage": 0.000163, "s2:degraded_msi_data_percentage": 0.0027, "instruments": "msi", "s2:vegetation_percentage": 19.817396, "s2:product_uri": "S2B_MSIL2A_20241204T185659_N0511_R113_T10SFH_20241204T204216.SAFE", "s2:water_percentage": 4.010833, "s2:cloud_shadow_percentage": 0.0, "s2:high_proba_clouds_percentage": 0.0, "s2:datatake_id": "GS2B_20241204T185659_040465_N05.11", "s2:thin_cirrus_percentage": 0.00074, "s2:mean_solar_zenith": 61.909361329797797, "s2:granule_id": "S2B_OPER_MSI_L2A_TL_2BPS_20241204T204216_A040465_T10SFH_N05.11", "platform": "Sentinel-2B", "sat:relative_orbit": 113, "eo:cloud_cover": 0.001009, "s2:reflectance_conversion_factor": 1.02871767058948, "s2:datastrip_id": "S2B_OPER_MSI_L2A_DS_2BPS_20241204T204216_S20241204T185656_N05.11", "constellation": "Sentinel 2", "s2:datatake_type": "INS-NOBS", "s2:nodata_pixel_percentage": 0.0, "proj:code": "EPSG:32610", "s2:mgrs_tile": "10SFH", "s2:mean_solar_azimuth": 166.48490653242499, "s2:not_vegetated_percentage": 74.881774, "s2:generation_time": "2024-12-04T20:42:16.000000Z", "s2:saturated_defective_pixel_percentage": 0.0, "sat:orbit_state": "descending", "proj:bbox": "{600000.0, 4190220.0, 4300020.0, 709800.0}", "epsg": 32630, "spatial_ref": 0, "is_debris": 1.0, "nir_val": 0.092842633528498031, "re2_val": 0.099972113775794763, "swir1_val": 0.034935033096347143, "red_val": 0.032590051457975999, "FDI_val": 0.1146860041999226, "FDI": 0.1146860041999226, "longitude": -121.67991546981686, "latitude": 38.236643090799149, "location": "<a href=\"https://www.google.com/maps?q=38.23664309079915,-121.67991546981686\" target=\"_blank\">click me</a>" }, "geometry": { "type": "Point", "coordinates": [ -121.679915469816862, 38.236643090799149 ] } },
{ "type": "Feature", "properties": { "y": 13485568.080313329, "x": -4900053.0343644321, "time": "2024-12-04T18:56:59.024", "id": "S2B_MSIL2A_20241204T185659_R113_T10SFH_20241204T204216", "s2:product_type": "S2MSI2A", "s2:unclassified_percentage": 0.011178, "s2:medium_proba_clouds_percentage": 0.000269, "s2:processing_baseline": "05.11", "s2:snow_ice_percentage": 0.000163, "s2:degraded_msi_data_percentage": 0.0027, "instruments": "msi", "s2:vegetation_percentage": 19.817396, "s2:product_uri": "S2B_MSIL2A_20241204T185659_N0511_R113_T10SFH_20241204T204216.SAFE", "s2:water_percentage": 4.010833, "s2:cloud_shadow_percentage": 0.0, "s2:high_proba_clouds_percentage": 0.0, "s2:datatake_id": "GS2B_20241204T185659_040465_N05.11", "s2:thin_cirrus_percentage": 0.00074, "s2:mean_solar_zenith": 61.909361329797797, "s2:granule_id": "S2B_OPER_MSI_L2A_TL_2BPS_20241204T204216_A040465_T10SFH_N05.11", "platform": "Sentinel-2B", "sat:relative_orbit": 113, "eo:cloud_cover": 0.001009, "s2:reflectance_conversion_factor": 1.02871767058948, "s2:datastrip_id": "S2B_OPER_MSI_L2A_DS_2BPS_20241204T204216_S20241204T185656_N05.11", "constellation": "Sentinel 2", "s2:datatake_type": "INS-NOBS", "s2:nodata_pixel_percentage": 0.0, "proj:code": "EPSG:32610", "s2:mgrs_tile": "10SFH", "s2:mean_solar_azimuth": 166.48490653242499, "s2:not_vegetated_percentage": 74.881774, "s2:generation_time": "2024-12-04T20:42:16.000000Z", "s2:saturated_defective_pixel_percentage": 0.0, "sat:orbit_state": "descending", "proj:bbox": "{600000.0, 4190220.0, 4300020.0, 709800.0}", "epsg": 32630, "spatial_ref": 0, "is_debris": 1.0, "nir_val": 0.084956386665073491, "re2_val": 0.10540992749581707, "swir1_val": 0.04339298847756802, "red_val": 0.04609777015437394, "FDI_val": 0.095705170346294305, "FDI": 0.095705170346294305, "longitude": -121.68633457736202, "latitude": 38.242392164290486, "location": "<a href=\"https://www.google.com/maps?q=38.242392164290486,-121.68633457736202\" target=\"_blank\">click me</a>" }, "geometry": { "type": "Point", "coordinates": [ -121.686334577362018, 38.242392164290486 ] } },
{ "type": "Feature", "properties": { "y": 13485548.209818877, "x": -4900669.1282500625, "time": "2024-12-04T18:56:59.024", "id": "S2B_MSIL2A_20241204T185659_R113_T10SFH_20241204T204216", "s2:product_type": "S2MSI2A", "s2:unclassified_percentage": 0.011178, "s2:medium_proba_clouds_percentage": 0.000269, "s2:processing_baseline": "05.11", "s2:snow_ice_percentage": 0.000163, "s2:degraded_msi_data_percentage": 0.0027, "instruments": "msi", "s2:vegetation_percentage": 19.817396, "s2:product_uri": "S2B_MSIL2A_20241204T185659_N0511_R113_T10SFH_20241204T204216.SAFE", "s2:water_percentage": 4.010833, "s2:cloud_shadow_percentage": 0.0, "s2:high_proba_clouds_percentage": 0.0, "s2:datatake_id": "GS2B_20241204T185659_040465_N05.11", "s2:thin_cirrus_percentage": 0.00074, "s2:mean_solar_zenith": 61.909361329797797, "s2:granule_id": "S2B_OPER_MSI_L2A_TL_2BPS_20241204T204216_A040465_T10SFH_N05.11", "platform": "Sentinel-2B", "sat:relative_orbit": 113, "eo:cloud_cover": 0.001009, "s2:reflectance_conversion_factor": 1.02871767058948, "s2:datastrip_id": "S2B_OPER_MSI_L2A_DS_2BPS_20241204T204216_S20241204T185656_N05.11", "constellation": "Sentinel 2", "s2:datatake_type": "INS-NOBS", "s2:nodata_pixel_percentage": 0.0, "proj:code": "EPSG:32610", "s2:mgrs_tile": "10SFH", "s2:mean_solar_azimuth": 166.48490653242499, "s2:not_vegetated_percentage": 74.881774, "s2:generation_time": "2024-12-04T20:42:16.000000Z", "s2:saturated_defective_pixel_percentage": 0.0, "sat:orbit_state": "descending", "proj:bbox": "{600000.0, 4190220.0, 4300020.0, 709800.0}", "epsg": 32630, "spatial_ref": 0, "is_debris": 1.0, "nir_val": 0.19225713944318315, "re2_val": 0.12046848856664807, "swir1_val": 0.03848982593772983, "red_val": 0.048563464837049736, "FDI_val": 0.22533598722911208, "FDI": 0.22533598722911208, "longitude": -121.68283807177379, "latitude": 38.239457212080517, "location": "<a href=\"https://www.google.com/maps?q=38.23945721208052,-121.68283807177379\" target=\"_blank\">click me</a>" }, "geometry": { "type": "Point", "coordinates": [ -121.682838071773787, 38.239457212080517 ] } },
{ "type": "Feature", "properties": { "y": 13485528.339324428, "x": -4901583.3320803512, "time": "2024-12-04T18:56:59.024", "id": "S2B_MSIL2A_20241204T185659_R113_T10SFH_20241204T204216", "s2:product_type": "S2MSI2A", "s2:unclassified_percentage": 0.011178, "s2:medium_proba_clouds_percentage": 0.000269, "s2:processing_baseline": "05.11", "s2:snow_ice_percentage": 0.000163, "s2:degraded_msi_data_percentage": 0.0027, "instruments": "msi", "s2:vegetation_percentage": 19.817396, "s2:product_uri": "S2B_MSIL2A_20241204T185659_N0511_R113_T10SFH_20241204T204216.SAFE", "s2:water_percentage": 4.010833, "s2:cloud_shadow_percentage": 0.0, "s2:high_proba_clouds_percentage": 0.0, "s2:datatake_id": "GS2B_20241204T185659_040465_N05.11", "s2:thin_cirrus_percentage": 0.00074, "s2:mean_solar_zenith": 61.909361329797797, "s2:granule_id": "S2B_OPER_MSI_L2A_TL_2BPS_20241204T204216_A040465_T10SFH_N05.11", "platform": "Sentinel-2B", "sat:relative_orbit": 113, "eo:cloud_cover": 0.001009, "s2:reflectance_conversion_factor": 1.02871767058948, "s2:datastrip_id": "S2B_OPER_MSI_L2A_DS_2BPS_20241204T204216_S20241204T185656_N05.11", "constellation": "Sentinel 2", "s2:datatake_type": "INS-NOBS", "s2:nodata_pixel_percentage": 0.0, "proj:code": "EPSG:32610", "s2:mgrs_tile": "10SFH", "s2:mean_solar_azimuth": 166.48490653242499, "s2:not_vegetated_percentage": 74.881774, "s2:generation_time": "2024-12-04T20:42:16.000000Z", "s2:saturated_defective_pixel_percentage": 0.0, "sat:orbit_state": "descending", "proj:bbox": "{600000.0, 4190220.0, 4300020.0, 709800.0}", "epsg": 32630, "spatial_ref": 0, "is_debris": 1.0, "nir_val": 0.066555143983749565, "re2_val": 0.11168432794199668, "swir1_val": 0.044005883795047787, "red_val": 0.036449399656946824, "FDI_val": 0.081633616190006336, "FDI": 0.081633616190006336, "longitude": -121.6777104365989, "latitude": 38.2350607676197, "location": "<a href=\"https://www.google.com/maps?q=38.2350607676197,-121.6777104365989\" target=\"_blank\">click me</a>" }, "geometry": { "type": "Point", "coordinates": [ -121.6777104365989, 38.2350607676197 ] } },
{ "type": "Feature", "properties": { "y": 13485508.468829976, "x": -4917442.7811362362, "time": "2024-12-04T18:56:59.024", "id": "S2B_MSIL2A_20241204T185659_R113_T10SFH_20241204T204216", "s2:product_type": "S2MSI2A", "s2:unclassified_percentage": 0.011178, "s2:medium_proba_clouds_percentage": 0.000269, "s2:processing_baseline": "05.11", "s2:snow_ice_percentage": 0.000163, "s2:degraded_msi_data_percentage": 0.0027, "instruments": "msi", "s2:vegetation_percentage": 19.817396, "s2:product_uri": "S2B_MSIL2A_20241204T185659_N0511_R113_T10SFH_20241204T204216.SAFE", "s2:water_percentage": 4.010833, "s2:cloud_shadow_percentage": 0.0, "s2:high_proba_clouds_percentage": 0.0, "s2:datatake_id": "GS2B_20241204T185659_040465_N05.11", "s2:thin_cirrus_percentage": 0.00074, "s2:mean_solar_zenith": 61.909361329797797, "s2:granule_id": "S2B_OPER_MSI_L2A_TL_2BPS_20241204T204216_A040465_T10SFH_N05.11", "platform": "Sentinel-2B", "sat:relative_orbit": 113, "eo:cloud_cover": 0.001009, "s2:reflectance_conversion_factor": 1.02871767058948, "s2:datastrip_id": "S2B_OPER_MSI_L2A_DS_2BPS_20241204T204216_S20241204T185656_N05.11", "constellation": "Sentinel 2", "s2:datatake_type": "INS-NOBS", "s2:nodata_pixel_percentage": 0.0, "proj:code": "EPSG:32610", "s2:mgrs_tile": "10SFH", "s2:mean_solar_azimuth": 166.48490653242499, "s2:not_vegetated_percentage": 74.881774, "s2:generation_time": "2024-12-04T20:42:16.000000Z", "s2:saturated_defective_pixel_percentage": 0.0, "sat:orbit_state": "descending", "proj:bbox": "{600000.0, 4190220.0, 4300020.0, 709800.0}", "epsg": 32630, "spatial_ref": 0, "is_debris": 1.0, "nir_val": 0.18460986975743818, "re2_val": 0.15100390407138875, "swir1_val": 0.070728119637165951, "red_val": 0.069361063464837058, "FDI_val": 0.18396378415014925, "FDI": 0.18396378415014925, "longitude": -121.59095329298282, "latitude": 38.157424827489066, "location": "<a href=\"https://www.google.com/maps?q=38.157424827489066,-121.59095329298282\" target=\"_blank\">click me</a>" }, "geometry": { "type": "Point", "coordinates": [ -121.590953292982817, 38.157424827489066 ] } },
{ "type": "Feature", "properties": { "y": 13485508.468829976, "x": -4901642.9540692829, "time": "2024-12-04T18:56:59.024", "id": "S2B_MSIL2A_20241204T185659_R113_T10SFH_20241204T204216", "s2:product_type": "S2MSI2A", "s2:unclassified_percentage": 0.011178, "s2:medium_proba_clouds_percentage": 0.000269, "s2:processing_baseline": "05.11", "s2:snow_ice_percentage": 0.000163, "s2:degraded_msi_data_percentage": 0.0027, "instruments": "msi", "s2:vegetation_percentage": 19.817396, "s2:product_uri": "S2B_MSIL2A_20241204T185659_N0511_R113_T10SFH_20241204T204216.SAFE", "s2:water_percentage": 4.010833, "s2:cloud_shadow_percentage": 0.0, "s2:high_proba_clouds_percentage": 0.0, "s2:datatake_id": "GS2B_20241204T185659_040465_N05.11", "s2:thin_cirrus_percentage": 0.00074, "s2:mean_solar_zenith": 61.909361329797797, "s2:granule_id": "S2B_OPER_MSI_L2A_TL_2BPS_20241204T204216_A040465_T10SFH_N05.11", "platform": "Sentinel-2B", "sat:relative_orbit": 113, "eo:cloud_cover": 0.001009, "s2:reflectance_conversion_factor": 1.02871767058948, "s2:datastrip_id": "S2B_OPER_MSI_L2A_DS_2BPS_20241204T204216_S20241204T185656_N05.11", "constellation": "Sentinel 2", "s2:datatake_type": "INS-NOBS", "s2:nodata_pixel_percentage": 0.0, "proj:code": "EPSG:32610", "s2:mgrs_tile": "10SFH", "s2:mean_solar_azimuth": 166.48490653242499, "s2:not_vegetated_percentage": 74.881774, "s2:generation_time": "2024-12-04T20:42:16.000000Z", "s2:saturated_defective_pixel_percentage": 0.0, "sat:orbit_state": "descending", "proj:bbox": "{600000.0, 4190220.0, 4300020.0, 709800.0}", "epsg": 32630, "spatial_ref": 0, "is_debris": 1.0, "nir_val": 0.034293224997012789, "re2_val": 0.13190184049079756, "swir1_val": 0.035425349350330967, "red_val": 0.039022298456260734, "FDI_val": 0.083093383785184355, "FDI": 0.083093383785184355, "longitude": -121.67726060773504, "latitude": 38.234854233370925, "location": "<a href=\"https://www.google.com/maps?q=38.234854233370925,-121.67726060773504\" target=\"_blank\">click me</a>" }, "geometry": { "type": "Point", "coordinates": [ -121.677260607735036, 38.234854233370925 ] } },
{ "type": "Feature", "properties": { "y": 13485488.598335527, "x": -4902497.5359106408, "time": "2024-12-04T18:56:59.024", "id": "S2B_MSIL2A_20241204T185659_R113_T10SFH_20241204T204216", "s2:product_type": "S2MSI2A", "s2:unclassified_percentage": 0.011178, "s2:medium_proba_clouds_percentage": 0.000269, "s2:processing_baseline": "05.11", "s2:snow_ice_percentage": 0.000163, "s2:degraded_msi_data_percentage": 0.0027, "instruments": "msi", "s2:vegetation_percentage": 19.817396, "s2:product_uri": "S2B_MSIL2A_20241204T185659_N0511_R113_T10SFH_20241204T204216.SAFE", "s2:water_percentage": 4.010833, "s2:cloud_shadow_percentage": 0.0, "s2:high_proba_clouds_percentage": 0.0, "s2:datatake_id": "GS2B_20241204T185659_040465_N05.11", "s2:thin_cirrus_percentage": 0.00074, "s2:mean_solar_zenith": 61.909361329797797, "s2:granule_id": "S2B_OPER_MSI_L2A_TL_2BPS_20241204T204216_A040465_T10SFH_N05.11", "platform": "Sentinel-2B", "sat:relative_orbit": 113, "eo:cloud_cover": 0.001009, "s2:reflectance_conversion_factor": 1.02871767058948, "s2:datastrip_id": "S2B_OPER_MSI_L2A_DS_2BPS_20241204T204216_S20241204T185656_N05.11", "constellation": "Sentinel 2", "s2:datatake_type": "INS-NOBS", "s2:nodata_pixel_percentage": 0.0, "proj:code": "EPSG:32610", "s2:mgrs_tile": "10SFH", "s2:mean_solar_azimuth": 166.48490653242499, "s2:not_vegetated_percentage": 74.881774, "s2:generation_time": "2024-12-04T20:42:16.000000Z", "s2:saturated_defective_pixel_percentage": 0.0, "sat:orbit_state": "descending", "proj:bbox": "{600000.0, 4190220.0, 4300020.0, 709800.0}", "epsg": 32630, "spatial_ref": 0, "is_debris": 1.0, "nir_val": 0.06344844067391564, "re2_val": 0.098159509202454004, "swir1_val": 0.033464084334395669, "red_val": 0.037735849056603793, "FDI_val": 0.086464489160840721, "FDI": 0.086464489160840721, "longitude": -121.67246043935768, "latitude": 38.230750282993824, "location": "<a href=\"https://www.google.com/maps?q=38.230750282993824,-121.67246043935768\" target=\"_blank\">click me</a>" }, "geometry": { "type": "Point", "coordinates": [ -121.672460439357678, 38.230750282993824 ] } },
{ "type": "Feature", "properties": { "y": 13485488.598335527, "x": -4900152.4043459855, "time": "2024-12-04T18:56:59.024", "id": "S2B_MSIL2A_20241204T185659_R113_T10SFH_20241204T204216", "s2:product_type": "S2MSI2A", "s2:unclassified_percentage": 0.011178, "s2:medium_proba_clouds_percentage": 0.000269, "s2:processing_baseline": "05.11", "s2:snow_ice_percentage": 0.000163, "s2:degraded_msi_data_percentage": 0.0027, "instruments": "msi", "s2:vegetation_percentage": 19.817396, "s2:product_uri": "S2B_MSIL2A_20241204T185659_N0511_R113_T10SFH_20241204T204216.SAFE", "s2:water_percentage": 4.010833, "s2:cloud_shadow_percentage": 0.0, "s2:high_proba_clouds_percentage": 0.0, "s2:datatake_id": "GS2B_20241204T185659_040465_N05.11", "s2:thin_cirrus_percentage": 0.00074, "s2:mean_solar_zenith": 61.909361329797797, "s2:granule_id": "S2B_OPER_MSI_L2A_TL_2BPS_20241204T204216_A040465_T10SFH_N05.11", "platform": "Sentinel-2B", "sat:relative_orbit": 113, "eo:cloud_cover": 0.001009, "s2:reflectance_conversion_factor": 1.02871767058948, "s2:datastrip_id": "S2B_OPER_MSI_L2A_DS_2BPS_20241204T204216_S20241204T185656_N05.11", "constellation": "Sentinel 2", "s2:datatake_type": "INS-NOBS", "s2:nodata_pixel_percentage": 0.0, "proj:code": "EPSG:32610", "s2:mgrs_tile": "10SFH", "s2:mean_solar_azimuth": 166.48490653242499, "s2:not_vegetated_percentage": 74.881774, "s2:generation_time": "2024-12-04T20:42:16.000000Z", "s2:saturated_defective_pixel_percentage": 0.0, "sat:orbit_state": "descending", "proj:bbox": "{600000.0, 4190220.0, 4300020.0, 709800.0}", "epsg": 32630, "spatial_ref": 0, "is_debris": 1.0, "nir_val": 0.10096785756960211, "re2_val": 0.094813162297824882, "swir1_val": 0.033954400588379494, "red_val": 0.038164665523156088, "FDI_val": 0.12014412196565905, "FDI": 0.12014412196565905, "longitude": -121.68529637497471, "latitude": 38.242248141912832, "location": "<a href=\"https://www.google.com/maps?q=38.24224814191283,-121.68529637497471\" target=\"_blank\">click me</a>" }, "geometry": { "type": "Point", "coordinates": [ -121.685296374974712, 38.242248141912832 ] } },
{ "type": "Feature", "properties": { "y": 13485488.598335527, "x": -4900033.1603681222, "time": "2024-12-04T18:56:59.024", "id": "S2B_MSIL2A_20241204T185659_R113_T10SFH_20241204T204216", "s2:product_type": "S2MSI2A", "s2:unclassified_percentage": 0.011178, "s2:medium_proba_clouds_percentage": 0.000269, "s2:processing_baseline": "05.11", "s2:snow_ice_percentage": 0.000163, "s2:degraded_msi_data_percentage": 0.0027, "instruments": "msi", "s2:vegetation_percentage": 19.817396, "s2:product_uri": "S2B_MSIL2A_20241204T185659_N0511_R113_T10SFH_20241204T204216.SAFE", "s2:water_percentage": 4.010833, "s2:cloud_shadow_percentage": 0.0, "s2:high_proba_clouds_percentage": 0.0, "s2:datatake_id": "GS2B_20241204T185659_040465_N05.11", "s2:thin_cirrus_percentage": 0.00074, "s2:mean_solar_zenith": 61.909361329797797, "s2:granule_id": "S2B_OPER_MSI_L2A_TL_2BPS_20241204T204216_A040465_T10SFH_N05.11", "platform": "Sentinel-2B", "sat:relative_orbit": 113, "eo:cloud_cover": 0.001009, "s2:reflectance_conversion_factor": 1.02871767058948, "s2:datastrip_id": "S2B_OPER_MSI_L2A_DS_2BPS_20241204T204216_S20241204T185656_N05.11", "constellation": "Sentinel 2", "s2:datatake_type": "INS-NOBS", "s2:nodata_pixel_percentage": 0.0, "proj:code": "EPSG:32610", "s2:mgrs_tile": "10SFH", "s2:mean_solar_azimuth": 166.48490653242499, "s2:not_vegetated_percentage": 74.881774, "s2:generation_time": "2024-12-04T20:42:16.000000Z", "s2:saturated_defective_pixel_percentage": 0.0, "sat:orbit_state": "descending", "proj:bbox": "{600000.0, 4190220.0, 4300020.0, 709800.0}", "epsg": 32630, "spatial_ref": 0, "is_debris": 1.0, "nir_val": 0.05508423945513205, "re2_val": 0.085331846068042394, "swir1_val": 0.024883549889678822, "red_val": 0.038807890222984559, "FDI_val": 0.082973011625929349, "FDI": 0.082973011625929349, "longitude": -121.68594924502517, "latitude": 38.242832817983398, "location": "<a href=\"https://www.google.com/maps?q=38.2428328179834,-121.68594924502517\" target=\"_blank\">click me</a>" }, "geometry": { "type": "Point", "coordinates": [ -121.685949245025171, 38.242832817983398 ] } },
{ "type": "Feature", "properties": { "y": 13485468.727841076, "x": -4901960.938010253, "time": "2024-12-04T18:56:59.024", "id": "S2B_MSIL2A_20241204T185659_R113_T10SFH_20241204T204216", "s2:product_type": "S2MSI2A", "s2:unclassified_percentage": 0.011178, "s2:medium_proba_clouds_percentage": 0.000269, "s2:processing_baseline": "05.11", "s2:snow_ice_percentage": 0.000163, "s2:degraded_msi_data_percentage": 0.0027, "instruments": "msi", "s2:vegetation_percentage": 19.817396, "s2:product_uri": "S2B_MSIL2A_20241204T185659_N0511_R113_T10SFH_20241204T204216.SAFE", "s2:water_percentage": 4.010833, "s2:cloud_shadow_percentage": 0.0, "s2:high_proba_clouds_percentage": 0.0, "s2:datatake_id": "GS2B_20241204T185659_040465_N05.11", "s2:thin_cirrus_percentage": 0.00074, "s2:mean_solar_zenith": 61.909361329797797, "s2:granule_id": "S2B_OPER_MSI_L2A_TL_2BPS_20241204T204216_A040465_T10SFH_N05.11", "platform": "Sentinel-2B", "sat:relative_orbit": 113, "eo:cloud_cover": 0.001009, "s2:reflectance_conversion_factor": 1.02871767058948, "s2:datastrip_id": "S2B_OPER_MSI_L2A_DS_2BPS_20241204T204216_S20241204T185656_N05.11", "constellation": "Sentinel 2", "s2:datatake_type": "INS-NOBS", "s2:nodata_pixel_percentage": 0.0, "proj:code": "EPSG:32610", "s2:mgrs_tile": "10SFH", "s2:mean_solar_azimuth": 166.48490653242499, "s2:not_vegetated_percentage": 74.881774, "s2:generation_time": "2024-12-04T20:42:16.000000Z", "s2:saturated_defective_pixel_percentage": 0.0, "sat:orbit_state": "descending", "proj:bbox": "{600000.0, 4190220.0, 4300020.0, 709800.0}", "epsg": 32630, "spatial_ref": 0, "is_debris": 1.0, "nir_val": 0.15306488230374002, "re2_val": 0.1185164528722811, "swir1_val": 0.050502574160333394, "red_val": 0.055960548885077205, "FDI_val": 0.16193950384431333, "FDI": 0.16193950384431333, "longitude": -121.67527332164647, "latitude": 38.233466791968894, "location": "<a href=\"https://www.google.com/maps?q=38.233466791968894,-121.67527332164647\" target=\"_blank\">click me</a>" }, "geometry": { "type": "Point", "coordinates": [ -121.675273321646472, 38.233466791968894 ] } },
{ "type": "Feature", "properties": { "y": 13485468.727841076, "x": -4901742.3240508363, "time": "2024-12-04T18:56:59.024", "id": "S2B_MSIL2A_20241204T185659_R113_T10SFH_20241204T204216", "s2:product_type": "S2MSI2A", "s2:unclassified_percentage": 0.011178, "s2:medium_proba_clouds_percentage": 0.000269, "s2:processing_baseline": "05.11", "s2:snow_ice_percentage": 0.000163, "s2:degraded_msi_data_percentage": 0.0027, "instruments": "msi", "s2:vegetation_percentage": 19.817396, "s2:product_uri": "S2B_MSIL2A_20241204T185659_N0511_R113_T10SFH_20241204T204216.SAFE", "s2:water_percentage": 4.010833, "s2:cloud_shadow_percentage": 0.0, "s2:high_proba_clouds_percentage": 0.0, "s2:datatake_id": "GS2B_20241204T185659_040465_N05.11", "s2:thin_cirrus_percentage": 0.00074, "s2:mean_solar_zenith": 61.909361329797797, "s2:granule_id": "S2B_OPER_MSI_L2A_TL_2BPS_20241204T204216_A040465_T10SFH_N05.11", "platform": "Sentinel-2B", "sat:relative_orbit": 113, "eo:cloud_cover": 0.001009, "s2:reflectance_conversion_factor": 1.02871767058948, "s2:datastrip_id": "S2B_OPER_MSI_L2A_DS_2BPS_20241204T204216_S20241204T185656_N05.11", "constellation": "Sentinel 2", "s2:datatake_type": "INS-NOBS", "s2:nodata_pixel_percentage": 0.0, "proj:code": "EPSG:32610", "s2:mgrs_tile": "10SFH", "s2:mean_solar_azimuth": 166.48490653242499, "s2:not_vegetated_percentage": 74.881774, "s2:generation_time": "2024-12-04T20:42:16.000000Z", "s2:saturated_defective_pixel_percentage": 0.0, "sat:orbit_state": "descending", "proj:bbox": "{600000.0, 4190220.0, 4300020.0, 709800.0}", "epsg": 32630, "spatial_ref": 0, "is_debris": 1.0, "nir_val": 0.082805592065957695, "re2_val": 0.12242052426101507, "swir1_val": 0.040083353763177246, "red_val": 0.038807890222984559, "FDI_val": 0.11460389508660709, "FDI": 0.11460389508660709, "longitude": -121.67646973554078, "latitude": 38.234538598850698, "location": "<a href=\"https://www.google.com/maps?q=38.2345385988507,-121.67646973554078\" target=\"_blank\">click me</a>" }, "geometry": { "type": "Point", "coordinates": [ -121.676469735540778, 38.234538598850698 ] } },
{ "type": "Feature", "properties": { "y": 13485468.727841076, "x": -4901702.5760582155, "time": "2024-12-04T18:56:59.024", "id": "S2B_MSIL2A_20241204T185659_R113_T10SFH_20241204T204216", "s2:product_type": "S2MSI2A", "s2:unclassified_percentage": 0.011178, "s2:medium_proba_clouds_percentage": 0.000269, "s2:processing_baseline": "05.11", "s2:snow_ice_percentage": 0.000163, "s2:degraded_msi_data_percentage": 0.0027, "instruments": "msi", "s2:vegetation_percentage": 19.817396, "s2:product_uri": "S2B_MSIL2A_20241204T185659_N0511_R113_T10SFH_20241204T204216.SAFE", "s2:water_percentage": 4.010833, "s2:cloud_shadow_percentage": 0.0, "s2:high_proba_clouds_percentage": 0.0, "s2:datatake_id": "GS2B_20241204T185659_040465_N05.11", "s2:thin_cirrus_percentage": 0.00074, "s2:mean_solar_zenith": 61.909361329797797, "s2:granule_id": "S2B_OPER_MSI_L2A_TL_2BPS_20241204T204216_A040465_T10SFH_N05.11", "platform": "Sentinel-2B", "sat:relative_orbit": 113, "eo:cloud_cover": 0.001009, "s2:reflectance_conversion_factor": 1.02871767058948, "s2:datastrip_id": "S2B_OPER_MSI_L2A_DS_2BPS_20241204T204216_S20241204T185656_N05.11", "constellation": "Sentinel 2", "s2:datatake_type": "INS-NOBS", "s2:nodata_pixel_percentage": 0.0, "proj:code": "EPSG:32610", "s2:mgrs_tile": "10SFH", "s2:mean_solar_azimuth": 166.48490653242499, "s2:not_vegetated_percentage": 74.881774, "s2:generation_time": "2024-12-04T20:42:16.000000Z", "s2:saturated_defective_pixel_percentage": 0.0, "sat:orbit_state": "descending", "proj:bbox": "{600000.0, 4190220.0, 4300020.0, 709800.0}", "epsg": 32630, "spatial_ref": 0, "is_debris": 1.0, "nir_val": 0.27088063089974912, "re2_val": 0.18056330172894591, "swir1_val": 0.071463594018141688, "red_val": 0.058104631217838765, "FDI_val": 0.29466281345453171, "FDI": 0.29466281345453171, "longitude": -121.67668727216481, "latitude": 38.234733474199068, "location": "<a href=\"https://www.google.com/maps?q=38.23473347419907,-121.67668727216481\" target=\"_blank\">click me</a>" }, "geometry": { "type": "Point", "coordinates": [ -121.676687272164813, 38.234733474199068 ] } },
{ "type": "Feature", "properties": { "y": 13485428.986852175, "x": -4902437.9139217082, "time": "2024-12-04T18:56:59.024", "id": "S2B_MSIL2A_20241204T185659_R113_T10SFH_20241204T204216", "s2:product_type": "S2MSI2A", "s2:unclassified_percentage": 0.011178, "s2:medium_proba_clouds_percentage": 0.000269, "s2:processing_baseline": "05.11", "s2:snow_ice_percentage": 0.000163, "s2:degraded_msi_data_percentage": 0.0027, "instruments": "msi", "s2:vegetation_percentage": 19.817396, "s2:product_uri": "S2B_MSIL2A_20241204T185659_N0511_R113_T10SFH_20241204T204216.SAFE", "s2:water_percentage": 4.010833, "s2:cloud_shadow_percentage": 0.0, "s2:high_proba_clouds_percentage": 0.0, "s2:datatake_id": "GS2B_20241204T185659_040465_N05.11", "s2:thin_cirrus_percentage": 0.00074, "s2:mean_solar_zenith": 61.909361329797797, "s2:granule_id": "S2B_OPER_MSI_L2A_TL_2BPS_20241204T204216_A040465_T10SFH_N05.11", "platform": "Sentinel-2B", "sat:relative_orbit": 113, "eo:cloud_cover": 0.001009, "s2:reflectance_conversion_factor": 1.02871767058948, "s2:datastrip_id": "S2B_OPER_MSI_L2A_DS_2BPS_20241204T204216_S20241204T185656_N05.11", "constellation": "Sentinel 2", "s2:datatake_type": "INS-NOBS", "s2:nodata_pixel_percentage": 0.0, "proj:code": "EPSG:32610", "s2:mgrs_tile": "10SFH", "s2:mean_solar_azimuth": 166.48490653242499, "s2:not_vegetated_percentage": 74.881774, "s2:generation_time": "2024-12-04T20:42:16.000000Z", "s2:saturated_defective_pixel_percentage": 0.0, "sat:orbit_state": "descending", "proj:bbox": "{600000.0, 4190220.0, 4300020.0, 709800.0}", "epsg": 32630, "spatial_ref": 0, "is_debris": 1.0, "nir_val": 0.0747998566136934, "re2_val": 0.11670384829894034, "swir1_val": 0.039593037509193421, "red_val": 0.039879931389365353, "FDI_val": 0.10252578090507267, "FDI": 0.10252578090507267, "longitude": -121.67241617978365, "latitude": 38.231299877925473, "location": "<a href=\"https://www.google.com/maps?q=38.23129987792547,-121.67241617978365\" target=\"_blank\">click me</a>" }, "geometry": { "type": "Point", "coordinates": [ -121.672416179783653, 38.231299877925473 ] } },
{ "type": "Feature", "properties": { "y": 13485428.986852175, "x": -4901324.9701283127, "time": "2024-12-04T18:56:59.024", "id": "S2B_MSIL2A_20241204T185659_R113_T10SFH_20241204T204216", "s2:product_type": "S2MSI2A", "s2:unclassified_percentage": 0.011178, "s2:medium_proba_clouds_percentage": 0.000269, "s2:processing_baseline": "05.11", "s2:snow_ice_percentage": 0.000163, "s2:degraded_msi_data_percentage": 0.0027, "instruments": "msi", "s2:vegetation_percentage": 19.817396, "s2:product_uri": "S2B_MSIL2A_20241204T185659_N0511_R113_T10SFH_20241204T204216.SAFE", "s2:water_percentage": 4.010833, "s2:cloud_shadow_percentage": 0.0, "s2:high_proba_clouds_percentage": 0.0, "s2:datatake_id": "GS2B_20241204T185659_040465_N05.11", "s2:thin_cirrus_percentage": 0.00074, "s2:mean_solar_zenith": 61.909361329797797, "s2:granule_id": "S2B_OPER_MSI_L2A_TL_2BPS_20241204T204216_A040465_T10SFH_N05.11", "platform": "Sentinel-2B", "sat:relative_orbit": 113, "eo:cloud_cover": 0.001009, "s2:reflectance_conversion_factor": 1.02871767058948, "s2:datastrip_id": "S2B_OPER_MSI_L2A_DS_2BPS_20241204T204216_S20241204T185656_N05.11", "constellation": "Sentinel 2", "s2:datatake_type": "INS-NOBS", "s2:nodata_pixel_percentage": 0.0, "proj:code": "EPSG:32610", "s2:mgrs_tile": "10SFH", "s2:mean_solar_azimuth": 166.48490653242499, "s2:not_vegetated_percentage": 74.881774, "s2:generation_time": "2024-12-04T20:42:16.000000Z", "s2:saturated_defective_pixel_percentage": 0.0, "sat:orbit_state": "descending", "proj:bbox": "{600000.0, 4190220.0, 4300020.0, 709800.0}", "epsg": 32630, "spatial_ref": 0, "is_debris": 1.0, "nir_val": 0.059863783008722665, "re2_val": 0.12632459564974904, "swir1_val": 0.014832066683010528, "red_val": 0.020904802744425383, "FDI_val": 0.14236646383635684, "FDI": 0.14236646383635684, "longitude": -121.67850693642912, "latitude": 38.23675637385449, "location": "<a href=\"https://www.google.com/maps?q=38.23675637385449,-121.67850693642912\" target=\"_blank\">click me</a>" }, "geometry": { "type": "Point", "coordinates": [ -121.678506936429116, 38.23675637385449 ] } },
{ "type": "Feature", "properties": { "y": 13485428.986852175, "x": -4901305.0961320028, "time": "2024-12-04T18:56:59.024", "id": "S2B_MSIL2A_20241204T185659_R113_T10SFH_20241204T204216", "s2:product_type": "S2MSI2A", "s2:unclassified_percentage": 0.011178, "s2:medium_proba_clouds_percentage": 0.000269, "s2:processing_baseline": "05.11", "s2:snow_ice_percentage": 0.000163, "s2:degraded_msi_data_percentage": 0.0027, "instruments": "msi", "s2:vegetation_percentage": 19.817396, "s2:product_uri": "S2B_MSIL2A_20241204T185659_N0511_R113_T10SFH_20241204T204216.SAFE", "s2:water_percentage": 4.010833, "s2:cloud_shadow_percentage": 0.0, "s2:high_proba_clouds_percentage": 0.0, "s2:datatake_id": "GS2B_20241204T185659_040465_N05.11", "s2:thin_cirrus_percentage": 0.00074, "s2:mean_solar_zenith": 61.909361329797797, "s2:granule_id": "S2B_OPER_MSI_L2A_TL_2BPS_20241204T204216_A040465_T10SFH_N05.11", "platform": "Sentinel-2B", "sat:relative_orbit": 113, "eo:cloud_cover": 0.001009, "s2:reflectance_conversion_factor": 1.02871767058948, "s2:datastrip_id": "S2B_OPER_MSI_L2A_DS_2BPS_20241204T204216_S20241204T185656_N05.11", "constellation": "Sentinel 2", "s2:datatake_type": "INS-NOBS", "s2:nodata_pixel_percentage": 0.0, "proj:code": "EPSG:32610", "s2:mgrs_tile": "10SFH", "s2:mean_solar_azimuth": 166.48490653242499, "s2:not_vegetated_percentage": 74.881774, "s2:generation_time": "2024-12-04T20:42:16.000000Z", "s2:saturated_defective_pixel_percentage": 0.0, "sat:orbit_state": "descending", "proj:bbox": "{600000.0, 4190220.0, 4300020.0, 709800.0}", "epsg": 32630, "spatial_ref": 0, "is_debris": 1.0, "nir_val": 0.022105388935356685, "re2_val": 0.12632459564974904, "swir1_val": 0.014832066683010528, "red_val": 0.026372212692967412, "FDI_val": 0.10460806976299086, "FDI": 0.10460806976299086, "longitude": -121.67861571490384, "latitude": 38.236853814284821, "location": "<a href=\"https://www.google.com/maps?q=38.23685381428482,-121.67861571490384\" target=\"_blank\">click me</a>" }, "geometry": { "type": "Point", "coordinates": [ -121.678615714903842, 38.236853814284821 ] } },
{ "type": "Feature", "properties": { "y": 13485428.986852175, "x": -4900808.2462242367, "time": "2024-12-04T18:56:59.024", "id": "S2B_MSIL2A_20241204T185659_R113_T10SFH_20241204T204216", "s2:product_type": "S2MSI2A", "s2:unclassified_percentage": 0.011178, "s2:medium_proba_clouds_percentage": 0.000269, "s2:processing_baseline": "05.11", "s2:snow_ice_percentage": 0.000163, "s2:degraded_msi_data_percentage": 0.0027, "instruments": "msi", "s2:vegetation_percentage": 19.817396, "s2:product_uri": "S2B_MSIL2A_20241204T185659_N0511_R113_T10SFH_20241204T204216.SAFE", "s2:water_percentage": 4.010833, "s2:cloud_shadow_percentage": 0.0, "s2:high_proba_clouds_percentage": 0.0, "s2:datatake_id": "GS2B_20241204T185659_040465_N05.11", "s2:thin_cirrus_percentage": 0.00074, "s2:mean_solar_zenith": 61.909361329797797, "s2:granule_id": "S2B_OPER_MSI_L2A_TL_2BPS_20241204T204216_A040465_T10SFH_N05.11", "platform": "Sentinel-2B", "sat:relative_orbit": 113, "eo:cloud_cover": 0.001009, "s2:reflectance_conversion_factor": 1.02871767058948, "s2:datastrip_id": "S2B_OPER_MSI_L2A_DS_2BPS_20241204T204216_S20241204T185656_N05.11", "constellation": "Sentinel 2", "s2:datatake_type": "INS-NOBS", "s2:nodata_pixel_percentage": 0.0, "proj:code": "EPSG:32610", "s2:mgrs_tile": "10SFH", "s2:mean_solar_azimuth": 166.48490653242499, "s2:not_vegetated_percentage": 74.881774, "s2:generation_time": "2024-12-04T20:42:16.000000Z", "s2:saturated_defective_pixel_percentage": 0.0, "sat:orbit_state": "descending", "proj:bbox": "{600000.0, 4190220.0, 4300020.0, 709800.0}", "epsg": 32630, "spatial_ref": 0, "is_debris": 1.0, "nir_val": 0.10789819572230852, "re2_val": 0.10833798103736755, "swir1_val": 0.04057367001716107, "red_val": 0.030445969125214412, "FDI_val": 0.12648384484977213, "FDI": 0.12648384484977213, "longitude": -121.68133534743488, "latitude": 38.239289859276148, "location": "<a href=\"https://www.google.com/maps?q=38.23928985927615,-121.68133534743488\" target=\"_blank\">click me</a>" }, "geometry": { "type": "Point", "coordinates": [ -121.681335347434882, 38.239289859276148 ] } },
{ "type": "Feature", "properties": { "y": 13485369.375368822, "x": -4900788.3722279258, "time": "2024-12-04T18:56:59.024", "id": "S2B_MSIL2A_20241204T185659_R113_T10SFH_20241204T204216", "s2:product_type": "S2MSI2A", "s2:unclassified_percentage": 0.011178, "s2:medium_proba_clouds_percentage": 0.000269, "s2:processing_baseline": "05.11", "s2:snow_ice_percentage": 0.000163, "s2:degraded_msi_data_percentage": 0.0027, "instruments": "msi", "s2:vegetation_percentage": 19.817396, "s2:product_uri": "S2B_MSIL2A_20241204T185659_N0511_R113_T10SFH_20241204T204216.SAFE", "s2:water_percentage": 4.010833, "s2:cloud_shadow_percentage": 0.0, "s2:high_proba_clouds_percentage": 0.0, "s2:datatake_id": "GS2B_20241204T185659_040465_N05.11", "s2:thin_cirrus_percentage": 0.00074, "s2:mean_solar_zenith": 61.909361329797797, "s2:granule_id": "S2B_OPER_MSI_L2A_TL_2BPS_20241204T204216_A040465_T10SFH_N05.11", "platform": "Sentinel-2B", "sat:relative_orbit": 113, "eo:cloud_cover": 0.001009, "s2:reflectance_conversion_factor": 1.02871767058948, "s2:datastrip_id": "S2B_OPER_MSI_L2A_DS_2BPS_20241204T204216_S20241204T185656_N05.11", "constellation": "Sentinel 2", "s2:datatake_type": "INS-NOBS", "s2:nodata_pixel_percentage": 0.0, "proj:code": "EPSG:32610", "s2:mgrs_tile": "10SFH", "s2:mean_solar_azimuth": 166.48490653242499, "s2:not_vegetated_percentage": 74.881774, "s2:generation_time": "2024-12-04T20:42:16.000000Z", "s2:saturated_defective_pixel_percentage": 0.0, "sat:orbit_state": "descending", "proj:bbox": "{600000.0, 4190220.0, 4300020.0, 709800.0}", "epsg": 32630, "spatial_ref": 0, "is_debris": 1.0, "nir_val": 0.15808340303501014, "re2_val": 0.12716118237590632, "swir1_val": 0.035425349350330967, "red_val": 0.033876500857632941, "FDI_val": 0.20274489204034019, "FDI": 0.20274489204034019, "longitude": -121.68107355367648, "latitude": 38.239644668295654, "location": "<a href=\"https://www.google.com/maps?q=38.239644668295654,-121.68107355367648\" target=\"_blank\">click me</a>" }, "geometry": { "type": "Point", "coordinates": [ -121.681073553676484, 38.239644668295654 ] } },
{ "type": "Feature", "properties": { "y": 13485369.375368822, "x": -4900053.0343644321, "time": "2024-12-04T18:56:59.024", "id": "S2B_MSIL2A_20241204T185659_R113_T10SFH_20241204T204216", "s2:product_type": "S2MSI2A", "s2:unclassified_percentage": 0.011178, "s2:medium_proba_clouds_percentage": 0.000269, "s2:processing_baseline": "05.11", "s2:snow_ice_percentage": 0.000163, "s2:degraded_msi_data_percentage": 0.0027, "instruments": "msi", "s2:vegetation_percentage": 19.817396, "s2:product_uri": "S2B_MSIL2A_20241204T185659_N0511_R113_T10SFH_20241204T204216.SAFE", "s2:water_percentage": 4.010833, "s2:cloud_shadow_percentage": 0.0, "s2:high_proba_clouds_percentage": 0.0, "s2:datatake_id": "GS2B_20241204T185659_040465_N05.11", "s2:thin_cirrus_percentage": 0.00074, "s2:mean_solar_zenith": 61.909361329797797, "s2:granule_id": "S2B_OPER_MSI_L2A_TL_2BPS_20241204T204216_A040465_T10SFH_N05.11", "platform": "Sentinel-2B", "sat:relative_orbit": 113, "eo:cloud_cover": 0.001009, "s2:reflectance_conversion_factor": 1.02871767058948, "s2:datastrip_id": "S2B_OPER_MSI_L2A_DS_2BPS_20241204T204216_S20241204T185656_N05.11", "constellation": "Sentinel 2", "s2:datatake_type": "INS-NOBS", "s2:nodata_pixel_percentage": 0.0, "proj:code": "EPSG:32610", "s2:mgrs_tile": "10SFH", "s2:mean_solar_azimuth": 166.48490653242499, "s2:not_vegetated_percentage": 74.881774, "s2:generation_time": "2024-12-04T20:42:16.000000Z", "s2:saturated_defective_pixel_percentage": 0.0, "sat:orbit_state": "descending", "proj:bbox": "{600000.0, 4190220.0, 4300020.0, 709800.0}", "epsg": 32630, "spatial_ref": 0, "is_debris": 1.0, "nir_val": 0.1447006810849564, "re2_val": 0.11795872838817625, "swir1_val": 0.039470458445697479, "red_val": 0.042345626072041176, "FDI_val": 0.17375172814459749, "FDI": 0.17375172814459749, "longitude": -121.6850991982959, "latitude": 38.243250172666123, "location": "<a href=\"https://www.google.com/maps?q=38.24325017266612,-121.6850991982959\" target=\"_blank\">click me</a>" }, "geometry": { "type": "Point", "coordinates": [ -121.685099198295902, 38.243250172666123 ] } },
{ "type": "Feature", "properties": { "y": 13485329.634379921, "x": -4917601.7731067212, "time": "2024-12-04T18:56:59.024", "id": "S2B_MSIL2A_20241204T185659_R113_T10SFH_20241204T204216", "s2:product_type": "S2MSI2A", "s2:unclassified_percentage": 0.011178, "s2:medium_proba_clouds_percentage": 0.000269, "s2:processing_baseline": "05.11", "s2:snow_ice_percentage": 0.000163, "s2:degraded_msi_data_percentage": 0.0027, "instruments": "msi", "s2:vegetation_percentage": 19.817396, "s2:product_uri": "S2B_MSIL2A_20241204T185659_N0511_R113_T10SFH_20241204T204216.SAFE", "s2:water_percentage": 4.010833, "s2:cloud_shadow_percentage": 0.0, "s2:high_proba_clouds_percentage": 0.0, "s2:datatake_id": "GS2B_20241204T185659_040465_N05.11", "s2:thin_cirrus_percentage": 0.00074, "s2:mean_solar_zenith": 61.909361329797797, "s2:granule_id": "S2B_OPER_MSI_L2A_TL_2BPS_20241204T204216_A040465_T10SFH_N05.11", "platform": "Sentinel-2B", "sat:relative_orbit": 113, "eo:cloud_cover": 0.001009, "s2:reflectance_conversion_factor": 1.02871767058948, "s2:datastrip_id": "S2B_OPER_MSI_L2A_DS_2BPS_20241204T204216_S20241204T185656_N05.11", "constellation": "Sentinel 2", "s2:datatake_type": "INS-NOBS", "s2:nodata_pixel_percentage": 0.0, "proj:code": "EPSG:32610", "s2:mgrs_tile": "10SFH", "s2:mean_solar_azimuth": 166.48490653242499, "s2:not_vegetated_percentage": 74.881774, "s2:generation_time": "2024-12-04T20:42:16.000000Z", "s2:saturated_defective_pixel_percentage": 0.0, "sat:orbit_state": "descending", "proj:bbox": "{600000.0, 4190220.0, 4300020.0, 709800.0}", "epsg": 32630, "spatial_ref": 0, "is_debris": 1.0, "nir_val": 0.1142310909308161, "re2_val": 0.15295593976575572, "swir1_val": 0.061044373620985512, "red_val": 0.057032590051457971, "FDI_val": 0.13342697346796326, "FDI": 0.13342697346796326, "longitude": -121.58897700802652, "latitude": 38.157415838000432, "location": "<a href=\"https://www.google.com/maps?q=38.15741583800043,-121.58897700802652\" target=\"_blank\">click me</a>" }, "geometry": { "type": "Point", "coordinates": [ -121.588977008026518, 38.157415838000432 ] } },
{ "type": "Feature", "properties": { "y": 13485329.634379921, "x": -4900371.0183054022, "time": "2024-12-04T18:56:59.024", "id": "S2B_MSIL2A_20241204T185659_R113_T10SFH_20241204T204216", "s2:product_type": "S2MSI2A", "s2:unclassified_percentage": 0.011178, "s2:medium_proba_clouds_percentage": 0.000269, "s2:processing_baseline": "05.11", "s2:snow_ice_percentage": 0.000163, "s2:degraded_msi_data_percentage": 0.0027, "instruments": "msi", "s2:vegetation_percentage": 19.817396, "s2:product_uri": "S2B_MSIL2A_20241204T185659_N0511_R113_T10SFH_20241204T204216.SAFE", "s2:water_percentage": 4.010833, "s2:cloud_shadow_percentage": 0.0, "s2:high_proba_clouds_percentage": 0.0, "s2:datatake_id": "GS2B_20241204T185659_040465_N05.11", "s2:thin_cirrus_percentage": 0.00074, "s2:mean_solar_zenith": 61.909361329797797, "s2:granule_id": "S2B_OPER_MSI_L2A_TL_2BPS_20241204T204216_A040465_T10SFH_N05.11", "platform": "Sentinel-2B", "sat:relative_orbit": 113, "eo:cloud_cover": 0.001009, "s2:reflectance_conversion_factor": 1.02871767058948, "s2:datastrip_id": "S2B_OPER_MSI_L2A_DS_2BPS_20241204T204216_S20241204T185656_N05.11", "constellation": "Sentinel 2", "s2:datatake_type": "INS-NOBS", "s2:nodata_pixel_percentage": 0.0, "proj:code": "EPSG:32610", "s2:mgrs_tile": "10SFH", "s2:mean_solar_azimuth": 166.48490653242499, "s2:not_vegetated_percentage": 74.881774, "s2:generation_time": "2024-12-04T20:42:16.000000Z", "s2:saturated_defective_pixel_percentage": 0.0, "sat:orbit_state": "descending", "proj:bbox": "{600000.0, 4190220.0, 4300020.0, 709800.0}", "epsg": 32630, "spatial_ref": 0, "is_debris": 1.0, "nir_val": 0.047078504002867727, "re2_val": 0.087562744004461818, "swir1_val": 0.017283647952929623, "red_val": 0.028409090909090912, "FDI_val": 0.091149622444132855, "FDI": 0.091149622444132855, "longitude": -121.68311121825991, "latitude": 38.241862606016731, "location": "<a href=\"https://www.google.com/maps?q=38.24186260601673,-121.68311121825991\" target=\"_blank\">click me</a>" }, "geometry": { "type": "Point", "coordinates": [ -121.68311121825991, 38.241862606016731 ] } },
{ "type": "Feature", "properties": { "y": 13485309.76388547, "x": -4900808.2462242367, "time": "2024-12-04T18:56:59.024", "id": "S2B_MSIL2A_20241204T185659_R113_T10SFH_20241204T204216", "s2:product_type": "S2MSI2A", "s2:unclassified_percentage": 0.011178, "s2:medium_proba_clouds_percentage": 0.000269, "s2:processing_baseline": "05.11", "s2:snow_ice_percentage": 0.000163, "s2:degraded_msi_data_percentage": 0.0027, "instruments": "msi", "s2:vegetation_percentage": 19.817396, "s2:product_uri": "S2B_MSIL2A_20241204T185659_N0511_R113_T10SFH_20241204T204216.SAFE", "s2:water_percentage": 4.010833, "s2:cloud_shadow_percentage": 0.0, "s2:high_proba_clouds_percentage": 0.0, "s2:datatake_id": "GS2B_20241204T185659_040465_N05.11", "s2:thin_cirrus_percentage": 0.00074, "s2:mean_solar_zenith": 61.909361329797797, "s2:granule_id": "S2B_OPER_MSI_L2A_TL_2BPS_20241204T204216_A040465_T10SFH_N05.11", "platform": "Sentinel-2B", "sat:relative_orbit": 113, "eo:cloud_cover": 0.001009, "s2:reflectance_conversion_factor": 1.02871767058948, "s2:datastrip_id": "S2B_OPER_MSI_L2A_DS_2BPS_20241204T204216_S20241204T185656_N05.11", "constellation": "Sentinel 2", "s2:datatake_type": "INS-NOBS", "s2:nodata_pixel_percentage": 0.0, "proj:code": "EPSG:32610", "s2:mgrs_tile": "10SFH", "s2:mean_solar_azimuth": 166.48490653242499, "s2:not_vegetated_percentage": 74.881774, "s2:generation_time": "2024-12-04T20:42:16.000000Z", "s2:saturated_defective_pixel_percentage": 0.0, "sat:orbit_state": "descending", "proj:bbox": "{600000.0, 4190220.0, 4300020.0, 709800.0}", "epsg": 32630, "spatial_ref": 0, "is_debris": 1.0, "nir_val": 0.035488110885410457, "re2_val": 0.099553820412716126, "swir1_val": 0.014219171365530761, "red_val": 0.025943396226415089, "FDI_val": 0.095767442656311347, "FDI": 0.095767442656311347, "longitude": -121.68059417273953, "latitude": 38.239804586137595, "location": "<a href=\"https://www.google.com/maps?q=38.239804586137595,-121.68059417273953\" target=\"_blank\">click me</a>" }, "geometry": { "type": "Point", "coordinates": [ -121.680594172739532, 38.239804586137595 ] } },
{ "type": "Feature", "properties": { "y": 13485309.76388547, "x": -4900410.766298024, "time": "2024-12-04T18:56:59.024", "id": "S2B_MSIL2A_20241204T185659_R113_T10SFH_20241204T204216", "s2:product_type": "S2MSI2A", "s2:unclassified_percentage": 0.011178, "s2:medium_proba_clouds_percentage": 0.000269, "s2:processing_baseline": "05.11", "s2:snow_ice_percentage": 0.000163, "s2:degraded_msi_data_percentage": 0.0027, "instruments": "msi", "s2:vegetation_percentage": 19.817396, "s2:product_uri": "S2B_MSIL2A_20241204T185659_N0511_R113_T10SFH_20241204T204216.SAFE", "s2:water_percentage": 4.010833, "s2:cloud_shadow_percentage": 0.0, "s2:high_proba_clouds_percentage": 0.0, "s2:datatake_id": "GS2B_20241204T185659_040465_N05.11", "s2:thin_cirrus_percentage": 0.00074, "s2:mean_solar_zenith": 61.909361329797797, "s2:granule_id": "S2B_OPER_MSI_L2A_TL_2BPS_20241204T204216_A040465_T10SFH_N05.11", "platform": "Sentinel-2B", "sat:relative_orbit": 113, "eo:cloud_cover": 0.001009, "s2:reflectance_conversion_factor": 1.02871767058948, "s2:datastrip_id": "S2B_OPER_MSI_L2A_DS_2BPS_20241204T204216_S20241204T185656_N05.11", "constellation": "Sentinel 2", "s2:datatake_type": "INS-NOBS", "s2:nodata_pixel_percentage": 0.0, "proj:code": "EPSG:32610", "s2:mgrs_tile": "10SFH", "s2:mean_solar_azimuth": 166.48490653242499, "s2:not_vegetated_percentage": 74.881774, "s2:generation_time": "2024-12-04T20:42:16.000000Z", "s2:saturated_defective_pixel_percentage": 0.0, "sat:orbit_state": "descending", "proj:bbox": "{600000.0, 4190220.0, 4300020.0, 709800.0}", "epsg": 32630, "spatial_ref": 0, "is_debris": 1.0, "nir_val": 0.071812641892699258, "re2_val": 0.088538761851645303, "swir1_val": 0.022922284873743551, "red_val": 0.029588336192109793, "FDI_val": 0.10617458295204452, "FDI": 0.10617458295204452, "longitude": -121.68277007903727, "latitude": 38.241753505306704, "location": "<a href=\"https://www.google.com/maps?q=38.241753505306704,-121.68277007903727\" target=\"_blank\">click me</a>" }, "geometry": { "type": "Point", "coordinates": [ -121.682770079037269, 38.241753505306704 ] } },
{ "type": "Feature", "properties": { "y": 13485289.893391019, "x": -4900808.2462242367, "time": "2024-12-04T18:56:59.024", "id": "S2B_MSIL2A_20241204T185659_R113_T10SFH_20241204T204216", "s2:product_type": "S2MSI2A", "s2:unclassified_percentage": 0.011178, "s2:medium_proba_clouds_percentage": 0.000269, "s2:processing_baseline": "05.11", "s2:snow_ice_percentage": 0.000163, "s2:degraded_msi_data_percentage": 0.0027, "instruments": "msi", "s2:vegetation_percentage": 19.817396, "s2:product_uri": "S2B_MSIL2A_20241204T185659_N0511_R113_T10SFH_20241204T204216.SAFE", "s2:water_percentage": 4.010833, "s2:cloud_shadow_percentage": 0.0, "s2:high_proba_clouds_percentage": 0.0, "s2:datatake_id": "GS2B_20241204T185659_040465_N05.11", "s2:thin_cirrus_percentage": 0.00074, "s2:mean_solar_zenith": 61.909361329797797, "s2:granule_id": "S2B_OPER_MSI_L2A_TL_2BPS_20241204T204216_A040465_T10SFH_N05.11", "platform": "Sentinel-2B", "sat:relative_orbit": 113, "eo:cloud_cover": 0.001009, "s2:reflectance_conversion_factor": 1.02871767058948, "s2:datastrip_id": "S2B_OPER_MSI_L2A_DS_2BPS_20241204T204216_S20241204T185656_N05.11", "constellation": "Sentinel 2", "s2:datatake_type": "INS-NOBS", "s2:nodata_pixel_percentage": 0.0, "proj:code": "EPSG:32610", "s2:mgrs_tile": "10SFH", "s2:mean_solar_azimuth": 166.48490653242499, "s2:not_vegetated_percentage": 74.881774, "s2:generation_time": "2024-12-04T20:42:16.000000Z", "s2:saturated_defective_pixel_percentage": 0.0, "sat:orbit_state": "descending", "proj:bbox": "{600000.0, 4190220.0, 4300020.0, 709800.0}", "epsg": 32630, "spatial_ref": 0, "is_debris": 1.0, "nir_val": 0.035010156530051378, "re2_val": 0.13496932515337426, "swir1_val": 0.028193184604069624, "red_val": 0.028087478559176676, "FDI_val": 0.10003423748489848, "FDI": 0.10003423748489848, "longitude": -121.68047064178616, "latitude": 38.239890372761437, "location": "<a href=\"https://www.google.com/maps?q=38.23989037276144,-121.68047064178616\" target=\"_blank\">click me</a>" }, "geometry": { "type": "Point", "coordinates": [ -121.680470641786158, 38.239890372761437 ] } },
{ "type": "Feature", "properties": { "y": 13485289.893391019, "x": -4900788.3722279258, "time": "2024-12-04T18:56:59.024", "id": "S2B_MSIL2A_20241204T185659_R113_T10SFH_20241204T204216", "s2:product_type": "S2MSI2A", "s2:unclassified_percentage": 0.011178, "s2:medium_proba_clouds_percentage": 0.000269, "s2:processing_baseline": "05.11", "s2:snow_ice_percentage": 0.000163, "s2:degraded_msi_data_percentage": 0.0027, "instruments": "msi", "s2:vegetation_percentage": 19.817396, "s2:product_uri": "S2B_MSIL2A_20241204T185659_N0511_R113_T10SFH_20241204T204216.SAFE", "s2:water_percentage": 4.010833, "s2:cloud_shadow_percentage": 0.0, "s2:high_proba_clouds_percentage": 0.0, "s2:datatake_id": "GS2B_20241204T185659_040465_N05.11", "s2:thin_cirrus_percentage": 0.00074, "s2:mean_solar_zenith": 61.909361329797797, "s2:granule_id": "S2B_OPER_MSI_L2A_TL_2BPS_20241204T204216_A040465_T10SFH_N05.11", "platform": "Sentinel-2B", "sat:relative_orbit": 113, "eo:cloud_cover": 0.001009, "s2:reflectance_conversion_factor": 1.02871767058948, "s2:datastrip_id": "S2B_OPER_MSI_L2A_DS_2BPS_20241204T204216_S20241204T185656_N05.11", "constellation": "Sentinel 2", "s2:datatake_type": "INS-NOBS", "s2:nodata_pixel_percentage": 0.0, "proj:code": "EPSG:32610", "s2:mgrs_tile": "10SFH", "s2:mean_solar_azimuth": 166.48490653242499, "s2:not_vegetated_percentage": 74.881774, "s2:generation_time": "2024-12-04T20:42:16.000000Z", "s2:saturated_defective_pixel_percentage": 0.0, "sat:orbit_state": "descending", "proj:bbox": "{600000.0, 4190220.0, 4300020.0, 709800.0}", "epsg": 32630, "spatial_ref": 0, "is_debris": 1.0, "nir_val": 0.10909308161070619, "re2_val": 0.13496932515337426, "swir1_val": 0.028193184604069624, "red_val": 0.030874785591766735, "FDI_val": 0.17411716256555329, "FDI": 0.17411716256555329, "longitude": -121.68057943181125, "latitude": 38.239987818017674, "location": "<a href=\"https://www.google.com/maps?q=38.239987818017674,-121.68057943181125\" target=\"_blank\">click me</a>" }, "geometry": { "type": "Point", "coordinates": [ -121.680579431811253, 38.239987818017674 ] } },
{ "type": "Feature", "properties": { "y": 13485270.022896569, "x": -4900510.1362795774, "time": "2024-12-04T18:56:59.024", "id": "S2B_MSIL2A_20241204T185659_R113_T10SFH_20241204T204216", "s2:product_type": "S2MSI2A", "s2:unclassified_percentage": 0.011178, "s2:medium_proba_clouds_percentage": 0.000269, "s2:processing_baseline": "05.11", "s2:snow_ice_percentage": 0.000163, "s2:degraded_msi_data_percentage": 0.0027, "instruments": "msi", "s2:vegetation_percentage": 19.817396, "s2:product_uri": "S2B_MSIL2A_20241204T185659_N0511_R113_T10SFH_20241204T204216.SAFE", "s2:water_percentage": 4.010833, "s2:cloud_shadow_percentage": 0.0, "s2:high_proba_clouds_percentage": 0.0, "s2:datatake_id": "GS2B_20241204T185659_040465_N05.11", "s2:thin_cirrus_percentage": 0.00074, "s2:mean_solar_zenith": 61.909361329797797, "s2:granule_id": "S2B_OPER_MSI_L2A_TL_2BPS_20241204T204216_A040465_T10SFH_N05.11", "platform": "Sentinel-2B", "sat:relative_orbit": 113, "eo:cloud_cover": 0.001009, "s2:reflectance_conversion_factor": 1.02871767058948, "s2:datastrip_id": "S2B_OPER_MSI_L2A_DS_2BPS_20241204T204216_S20241204T185656_N05.11", "constellation": "Sentinel 2", "s2:datatake_type": "INS-NOBS", "s2:nodata_pixel_percentage": 0.0, "proj:code": "EPSG:32610", "s2:mgrs_tile": "10SFH", "s2:mean_solar_azimuth": 166.48490653242499, "s2:not_vegetated_percentage": 74.881774, "s2:generation_time": "2024-12-04T20:42:16.000000Z", "s2:saturated_defective_pixel_percentage": 0.0, "sat:orbit_state": "descending", "proj:bbox": "{600000.0, 4190220.0, 4300020.0, 709800.0}", "epsg": 32630, "spatial_ref": 0, "is_debris": 1.0, "nir_val": 0.056518102521209229, "re2_val": 0.09913552704963749, "swir1_val": 0.029051238048541303, "red_val": 0.041916809605488853, "FDI_val": 0.088651561219656644, "FDI": 0.088651561219656644, "longitude": -121.68197901132231, "latitude": 38.241437853420493, "location": "<a href=\"https://www.google.com/maps?q=38.24143785342049,-121.68197901132231\" target=\"_blank\">click me</a>" }, "geometry": { "type": "Point", "coordinates": [ -121.681979011322312, 38.241437853420493 ] } },
{ "type": "Feature", "properties": { "y": 13485250.152402118, "x": -4901762.1980471471, "time": "2024-12-04T18:56:59.024", "id": "S2B_MSIL2A_20241204T185659_R113_T10SFH_20241204T204216", "s2:product_type": "S2MSI2A", "s2:unclassified_percentage": 0.011178, "s2:medium_proba_clouds_percentage": 0.000269, "s2:processing_baseline": "05.11", "s2:snow_ice_percentage": 0.000163, "s2:degraded_msi_data_percentage": 0.0027, "instruments": "msi", "s2:vegetation_percentage": 19.817396, "s2:product_uri": "S2B_MSIL2A_20241204T185659_N0511_R113_T10SFH_20241204T204216.SAFE", "s2:water_percentage": 4.010833, "s2:cloud_shadow_percentage": 0.0, "s2:high_proba_clouds_percentage": 0.0, "s2:datatake_id": "GS2B_20241204T185659_040465_N05.11", "s2:thin_cirrus_percentage": 0.00074, "s2:mean_solar_zenith": 61.909361329797797, "s2:granule_id": "S2B_OPER_MSI_L2A_TL_2BPS_20241204T204216_A040465_T10SFH_N05.11", "platform": "Sentinel-2B", "sat:relative_orbit": 113, "eo:cloud_cover": 0.001009, "s2:reflectance_conversion_factor": 1.02871767058948, "s2:datastrip_id": "S2B_OPER_MSI_L2A_DS_2BPS_20241204T204216_S20241204T185656_N05.11", "constellation": "Sentinel 2", "s2:datatake_type": "INS-NOBS", "s2:nodata_pixel_percentage": 0.0, "proj:code": "EPSG:32610", "s2:mgrs_tile": "10SFH", "s2:mean_solar_azimuth": 166.48490653242499, "s2:not_vegetated_percentage": 74.881774, "s2:generation_time": "2024-12-04T20:42:16.000000Z", "s2:saturated_defective_pixel_percentage": 0.0, "sat:orbit_state": "descending", "proj:bbox": "{600000.0, 4190220.0, 4300020.0, 709800.0}", "epsg": 32630, "spatial_ref": 0, "is_debris": 1.0, "nir_val": 0.067272075516788155, "re2_val": 0.098577802565532641, "swir1_val": 0.033464084334395669, "red_val": 0.036556603773584911, "FDI_val": 0.090653300749258092, "FDI": 0.090653300749258092, "longitude": -121.67500230348857, "latitude": 38.235384667947372, "location": "<a href=\"https://www.google.com/maps?q=38.23538466794737,-121.67500230348857\" target=\"_blank\">click me</a>" }, "geometry": { "type": "Point", "coordinates": [ -121.675002303488569, 38.235384667947372 ] } },
{ "type": "Feature", "properties": { "y": 13485250.152402118, "x": -4901185.8521541385, "time": "2024-12-04T18:56:59.024", "id": "S2B_MSIL2A_20241204T185659_R113_T10SFH_20241204T204216", "s2:product_type": "S2MSI2A", "s2:unclassified_percentage": 0.011178, "s2:medium_proba_clouds_percentage": 0.000269, "s2:processing_baseline": "05.11", "s2:snow_ice_percentage": 0.000163, "s2:degraded_msi_data_percentage": 0.0027, "instruments": "msi", "s2:vegetation_percentage": 19.817396, "s2:product_uri": "S2B_MSIL2A_20241204T185659_N0511_R113_T10SFH_20241204T204216.SAFE", "s2:water_percentage": 4.010833, "s2:cloud_shadow_percentage": 0.0, "s2:high_proba_clouds_percentage": 0.0, "s2:datatake_id": "GS2B_20241204T185659_040465_N05.11", "s2:thin_cirrus_percentage": 0.00074, "s2:mean_solar_zenith": 61.909361329797797, "s2:granule_id": "S2B_OPER_MSI_L2A_TL_2BPS_20241204T204216_A040465_T10SFH_N05.11", "platform": "Sentinel-2B", "sat:relative_orbit": 113, "eo:cloud_cover": 0.001009, "s2:reflectance_conversion_factor": 1.02871767058948, "s2:datastrip_id": "S2B_OPER_MSI_L2A_DS_2BPS_20241204T204216_S20241204T185656_N05.11", "constellation": "Sentinel 2", "s2:datatake_type": "INS-NOBS", "s2:nodata_pixel_percentage": 0.0, "proj:code": "EPSG:32610", "s2:mgrs_tile": "10SFH", "s2:mean_solar_azimuth": 166.48490653242499, "s2:not_vegetated_percentage": 74.881774, "s2:generation_time": "2024-12-04T20:42:16.000000Z", "s2:saturated_defective_pixel_percentage": 0.0, "sat:orbit_state": "descending", "proj:bbox": "{600000.0, 4190220.0, 4300020.0, 709800.0}", "epsg": 32630, "spatial_ref": 0, "is_debris": 1.0, "nir_val": 0.060700203130601038, "re2_val": 0.12939208031232571, "swir1_val": 0.034322137778867348, "red_val": 0.037092624356775294, "FDI_val": 0.10937563423014968, "FDI": 0.10937563423014968, "longitude": -121.67815667902464, "latitude": 38.238210493804658, "location": "<a href=\"https://www.google.com/maps?q=38.23821049380466,-121.67815667902464\" target=\"_blank\">click me</a>" }, "geometry": { "type": "Point", "coordinates": [ -121.678156679024639, 38.238210493804658 ] } },
{ "type": "Feature", "properties": { "y": 13485170.670424316, "x": -4900430.6402943349, "time": "2024-12-04T18:56:59.024", "id": "S2B_MSIL2A_20241204T185659_R113_T10SFH_20241204T204216", "s2:product_type": "S2MSI2A", "s2:unclassified_percentage": 0.011178, "s2:medium_proba_clouds_percentage": 0.000269, "s2:processing_baseline": "05.11", "s2:snow_ice_percentage": 0.000163, "s2:degraded_msi_data_percentage": 0.0027, "instruments": "msi", "s2:vegetation_percentage": 19.817396, "s2:product_uri": "S2B_MSIL2A_20241204T185659_N0511_R113_T10SFH_20241204T204216.SAFE", "s2:water_percentage": 4.010833, "s2:cloud_shadow_percentage": 0.0, "s2:high_proba_clouds_percentage": 0.0, "s2:datatake_id": "GS2B_20241204T185659_040465_N05.11", "s2:thin_cirrus_percentage": 0.00074, "s2:mean_solar_zenith": 61.909361329797797, "s2:granule_id": "S2B_OPER_MSI_L2A_TL_2BPS_20241204T204216_A040465_T10SFH_N05.11", "platform": "Sentinel-2B", "sat:relative_orbit": 113, "eo:cloud_cover": 0.001009, "s2:reflectance_conversion_factor": 1.02871767058948, "s2:datastrip_id": "S2B_OPER_MSI_L2A_DS_2BPS_20241204T204216_S20241204T185656_N05.11", "constellation": "Sentinel 2", "s2:datatake_type": "INS-NOBS", "s2:nodata_pixel_percentage": 0.0, "proj:code": "EPSG:32610", "s2:mgrs_tile": "10SFH", "s2:mean_solar_azimuth": 166.48490653242499, "s2:not_vegetated_percentage": 74.881774, "s2:generation_time": "2024-12-04T20:42:16.000000Z", "s2:saturated_defective_pixel_percentage": 0.0, "sat:orbit_state": "descending", "proj:bbox": "{600000.0, 4190220.0, 4300020.0, 709800.0}", "epsg": 32630, "spatial_ref": 0, "is_debris": 1.0, "nir_val": 0.064523837973473552, "re2_val": 0.084216397099832696, "swir1_val": 0.021328757048296135, "red_val": 0.023156089193825058, "FDI_val": 0.098096988906677562, "FDI": 0.098096988906677562, "longitude": -121.68179651107437, "latitude": 38.242256597257757, "location": "<a href=\"https://www.google.com/maps?q=38.24225659725776,-121.68179651107437\" target=\"_blank\">click me</a>" }, "geometry": { "type": "Point", "coordinates": [ -121.681796511074367, 38.242256597257757 ] } },
{ "type": "Feature", "properties": { "y": 13485130.929435413, "x": -4902119.9299807381, "time": "2024-12-04T18:56:59.024", "id": "S2B_MSIL2A_20241204T185659_R113_T10SFH_20241204T204216", "s2:product_type": "S2MSI2A", "s2:unclassified_percentage": 0.011178, "s2:medium_proba_clouds_percentage": 0.000269, "s2:processing_baseline": "05.11", "s2:snow_ice_percentage": 0.000163, "s2:degraded_msi_data_percentage": 0.0027, "instruments": "msi", "s2:vegetation_percentage": 19.817396, "s2:product_uri": "S2B_MSIL2A_20241204T185659_N0511_R113_T10SFH_20241204T204216.SAFE", "s2:water_percentage": 4.010833, "s2:cloud_shadow_percentage": 0.0, "s2:high_proba_clouds_percentage": 0.0, "s2:datatake_id": "GS2B_20241204T185659_040465_N05.11", "s2:thin_cirrus_percentage": 0.00074, "s2:mean_solar_zenith": 61.909361329797797, "s2:granule_id": "S2B_OPER_MSI_L2A_TL_2BPS_20241204T204216_A040465_T10SFH_N05.11", "platform": "Sentinel-2B", "sat:relative_orbit": 113, "eo:cloud_cover": 0.001009, "s2:reflectance_conversion_factor": 1.02871767058948, "s2:datastrip_id": "S2B_OPER_MSI_L2A_DS_2BPS_20241204T204216_S20241204T185656_N05.11", "constellation": "Sentinel 2", "s2:datatake_type": "INS-NOBS", "s2:nodata_pixel_percentage": 0.0, "proj:code": "EPSG:32610", "s2:mgrs_tile": "10SFH", "s2:mean_solar_azimuth": 166.48490653242499, "s2:not_vegetated_percentage": 74.881774, "s2:generation_time": "2024-12-04T20:42:16.000000Z", "s2:saturated_defective_pixel_percentage": 0.0, "sat:orbit_state": "descending", "proj:bbox": "{600000.0, 4190220.0, 4300020.0, 709800.0}", "epsg": 32630, "spatial_ref": 0, "is_debris": 1.0, "nir_val": 0.12749432429203014, "re2_val": 0.09592861126603458, "swir1_val": 0.027335131159597945, "red_val": 0.02508576329331047, "FDI_val": 0.16004239005074988, "FDI": 0.16004239005074988, "longitude": -121.67230355325513, "latitude": 38.23414534213142, "location": "<a href=\"https://www.google.com/maps?q=38.23414534213142,-121.67230355325513\" target=\"_blank\">click me</a>" }, "geometry": { "type": "Point", "coordinates": [ -121.672303553255134, 38.23414534213142 ] } },
{ "type": "Feature", "properties": { "y": 13485111.058940964, "x": -4901702.5760582155, "time": "2024-12-04T18:56:59.024", "id": "S2B_MSIL2A_20241204T185659_R113_T10SFH_20241204T204216", "s2:product_type": "S2MSI2A", "s2:unclassified_percentage": 0.011178, "s2:medium_proba_clouds_percentage": 0.000269, "s2:processing_baseline": "05.11", "s2:snow_ice_percentage": 0.000163, "s2:degraded_msi_data_percentage": 0.0027, "instruments": "msi", "s2:vegetation_percentage": 19.817396, "s2:product_uri": "S2B_MSIL2A_20241204T185659_N0511_R113_T10SFH_20241204T204216.SAFE", "s2:water_percentage": 4.010833, "s2:cloud_shadow_percentage": 0.0, "s2:high_proba_clouds_percentage": 0.0, "s2:datatake_id": "GS2B_20241204T185659_040465_N05.11", "s2:thin_cirrus_percentage": 0.00074, "s2:mean_solar_zenith": 61.909361329797797, "s2:granule_id": "S2B_OPER_MSI_L2A_TL_2BPS_20241204T204216_A040465_T10SFH_N05.11", "platform": "Sentinel-2B", "sat:relative_orbit": 113, "eo:cloud_cover": 0.001009, "s2:reflectance_conversion_factor": 1.02871767058948, "s2:datastrip_id": "S2B_OPER_MSI_L2A_DS_2BPS_20241204T204216_S20241204T185656_N05.11", "constellation": "Sentinel 2", "s2:datatake_type": "INS-NOBS", "s2:nodata_pixel_percentage": 0.0, "proj:code": "EPSG:32610", "s2:mgrs_tile": "10SFH", "s2:mean_solar_azimuth": 166.48490653242499, "s2:not_vegetated_percentage": 74.881774, "s2:generation_time": "2024-12-04T20:42:16.000000Z", "s2:saturated_defective_pixel_percentage": 0.0, "sat:orbit_state": "descending", "proj:bbox": "{600000.0, 4190220.0, 4300020.0, 709800.0}", "epsg": 32630, "spatial_ref": 0, "is_debris": 1.0, "nir_val": 0.19034532202174695, "re2_val": 0.13594534300055774, "swir1_val": 0.053444471684236314, "red_val": 0.056603773584905676, "FDI_val": 0.20892542053429916, "FDI": 0.20892542053429916, "longitude": -121.67446395364833, "latitude": 38.236277388856621, "location": "<a href=\"https://www.google.com/maps?q=38.23627738885662,-121.67446395364833\" target=\"_blank\">click me</a>" }, "geometry": { "type": "Point", "coordinates": [ -121.674463953648328, 38.236277388856621 ] } },
{ "type": "Feature", "properties": { "y": 13485091.188446512, "x": -4900430.6402943349, "time": "2024-12-04T18:56:59.024", "id": "S2B_MSIL2A_20241204T185659_R113_T10SFH_20241204T204216", "s2:product_type": "S2MSI2A", "s2:unclassified_percentage": 0.011178, "s2:medium_proba_clouds_percentage": 0.000269, "s2:processing_baseline": "05.11", "s2:snow_ice_percentage": 0.000163, "s2:degraded_msi_data_percentage": 0.0027, "instruments": "msi", "s2:vegetation_percentage": 19.817396, "s2:product_uri": "S2B_MSIL2A_20241204T185659_N0511_R113_T10SFH_20241204T204216.SAFE", "s2:water_percentage": 4.010833, "s2:cloud_shadow_percentage": 0.0, "s2:high_proba_clouds_percentage": 0.0, "s2:datatake_id": "GS2B_20241204T185659_040465_N05.11", "s2:thin_cirrus_percentage": 0.00074, "s2:mean_solar_zenith": 61.909361329797797, "s2:granule_id": "S2B_OPER_MSI_L2A_TL_2BPS_20241204T204216_A040465_T10SFH_N05.11", "platform": "Sentinel-2B", "sat:relative_orbit": 113, "eo:cloud_cover": 0.001009, "s2:reflectance_conversion_factor": 1.02871767058948, "s2:datastrip_id": "S2B_OPER_MSI_L2A_DS_2BPS_20241204T204216_S20241204T185656_N05.11", "constellation": "Sentinel 2", "s2:datatake_type": "INS-NOBS", "s2:nodata_pixel_percentage": 0.0, "proj:code": "EPSG:32610", "s2:mgrs_tile": "10SFH", "s2:mean_solar_azimuth": 166.48490653242499, "s2:not_vegetated_percentage": 74.881774, "s2:generation_time": "2024-12-04T20:42:16.000000Z", "s2:saturated_defective_pixel_percentage": 0.0, "sat:orbit_state": "descending", "proj:bbox": "{600000.0, 4190220.0, 4300020.0, 709800.0}", "epsg": 32630, "spatial_ref": 0, "is_debris": 1.0, "nir_val": 0.052933444856016254, "re2_val": 0.081288343558282211, "swir1_val": 0.020225545476832543, "red_val": 0.024013722126929676, "FDI_val": 0.086016691355052452, "FDI": 0.086016691355052452, "longitude": -121.68130234657549, "latitude": 38.242599754891188, "location": "<a href=\"https://www.google.com/maps?q=38.24259975489119,-121.68130234657549\" target=\"_blank\">click me</a>" }, "geometry": { "type": "Point", "coordinates": [ -121.681302346575492, 38.242599754891188 ] } },
{ "type": "Feature", "properties": { "y": 13485071.317952063, "x": -4902358.4179364657, "time": "2024-12-04T18:56:59.024", "id": "S2B_MSIL2A_20241204T185659_R113_T10SFH_20241204T204216", "s2:product_type": "S2MSI2A", "s2:unclassified_percentage": 0.011178, "s2:medium_proba_clouds_percentage": 0.000269, "s2:processing_baseline": "05.11", "s2:snow_ice_percentage": 0.000163, "s2:degraded_msi_data_percentage": 0.0027, "instruments": "msi", "s2:vegetation_percentage": 19.817396, "s2:product_uri": "S2B_MSIL2A_20241204T185659_N0511_R113_T10SFH_20241204T204216.SAFE", "s2:water_percentage": 4.010833, "s2:cloud_shadow_percentage": 0.0, "s2:high_proba_clouds_percentage": 0.0, "s2:datatake_id": "GS2B_20241204T185659_040465_N05.11", "s2:thin_cirrus_percentage": 0.00074, "s2:mean_solar_zenith": 61.909361329797797, "s2:granule_id": "S2B_OPER_MSI_L2A_TL_2BPS_20241204T204216_A040465_T10SFH_N05.11", "platform": "Sentinel-2B", "sat:relative_orbit": 113, "eo:cloud_cover": 0.001009, "s2:reflectance_conversion_factor": 1.02871767058948, "s2:datastrip_id": "S2B_OPER_MSI_L2A_DS_2BPS_20241204T204216_S20241204T185656_N05.11", "constellation": "Sentinel 2", "s2:datatake_type": "INS-NOBS", "s2:nodata_pixel_percentage": 0.0, "proj:code": "EPSG:32610", "s2:mgrs_tile": "10SFH", "s2:mean_solar_azimuth": 166.48490653242499, "s2:not_vegetated_percentage": 74.881774, "s2:generation_time": "2024-12-04T20:42:16.000000Z", "s2:saturated_defective_pixel_percentage": 0.0, "sat:orbit_state": "descending", "proj:bbox": "{600000.0, 4190220.0, 4300020.0, 709800.0}", "epsg": 32630, "spatial_ref": 0, "is_debris": 1.0, "nir_val": 0.11076592185446291, "re2_val": 0.1238148354712772, "swir1_val": 0.049767099779357685, "red_val": 0.046848198970840499, "FDI_val": 0.12564367069503493, "FDI": 0.12564367069503493, "longitude": -121.67062802030449, "latitude": 38.233233342040393, "location": "<a href=\"https://www.google.com/maps?q=38.23323334204039,-121.67062802030449\" target=\"_blank\">click me</a>" }, "geometry": { "type": "Point", "coordinates": [ -121.670628020304491, 38.233233342040393 ] } },
{ "type": "Feature", "properties": { "y": 13485031.57696316, "x": -4902358.4179364657, "time": "2024-12-04T18:56:59.024", "id": "S2B_MSIL2A_20241204T185659_R113_T10SFH_20241204T204216", "s2:product_type": "S2MSI2A", "s2:unclassified_percentage": 0.011178, "s2:medium_proba_clouds_percentage": 0.000269, "s2:processing_baseline": "05.11", "s2:snow_ice_percentage": 0.000163, "s2:degraded_msi_data_percentage": 0.0027, "instruments": "msi", "s2:vegetation_percentage": 19.817396, "s2:product_uri": "S2B_MSIL2A_20241204T185659_N0511_R113_T10SFH_20241204T204216.SAFE", "s2:water_percentage": 4.010833, "s2:cloud_shadow_percentage": 0.0, "s2:high_proba_clouds_percentage": 0.0, "s2:datatake_id": "GS2B_20241204T185659_040465_N05.11", "s2:thin_cirrus_percentage": 0.00074, "s2:mean_solar_zenith": 61.909361329797797, "s2:granule_id": "S2B_OPER_MSI_L2A_TL_2BPS_20241204T204216_A040465_T10SFH_N05.11", "platform": "Sentinel-2B", "sat:relative_orbit": 113, "eo:cloud_cover": 0.001009, "s2:reflectance_conversion_factor": 1.02871767058948, "s2:datastrip_id": "S2B_OPER_MSI_L2A_DS_2BPS_20241204T204216_S20241204T185656_N05.11", "constellation": "Sentinel 2", "s2:datatake_type": "INS-NOBS", "s2:nodata_pixel_percentage": 0.0, "proj:code": "EPSG:32610", "s2:mgrs_tile": "10SFH", "s2:mean_solar_azimuth": 166.48490653242499, "s2:not_vegetated_percentage": 74.881774, "s2:generation_time": "2024-12-04T20:42:16.000000Z", "s2:saturated_defective_pixel_percentage": 0.0, "sat:orbit_state": "descending", "proj:bbox": "{600000.0, 4190220.0, 4300020.0, 709800.0}", "epsg": 32630, "spatial_ref": 0, "is_debris": 1.0, "nir_val": 0.13944318317600671, "re2_val": 0.10540992749581707, "swir1_val": 0.044496200049031612, "red_val": 0.044918524871355059, "FDI_val": 0.14812563407258145, "FDI": 0.14812563407258145, "longitude": -121.67038099215105, "latitude": 38.23340486030213, "location": "<a href=\"https://www.google.com/maps?q=38.23340486030213,-121.67038099215105\" target=\"_blank\">click me</a>" }, "geometry": { "type": "Point", "coordinates": [ -121.670380992151053, 38.23340486030213 ] } },
{ "type": "Feature", "properties": { "y": 13484991.835974259, "x": -4910765.1183758639, "time": "2024-12-04T18:56:59.024", "id": "S2B_MSIL2A_20241204T185659_R113_T10SFH_20241204T204216", "s2:product_type": "S2MSI2A", "s2:unclassified_percentage": 0.011178, "s2:medium_proba_clouds_percentage": 0.000269, "s2:processing_baseline": "05.11", "s2:snow_ice_percentage": 0.000163, "s2:degraded_msi_data_percentage": 0.0027, "instruments": "msi", "s2:vegetation_percentage": 19.817396, "s2:product_uri": "S2B_MSIL2A_20241204T185659_N0511_R113_T10SFH_20241204T204216.SAFE", "s2:water_percentage": 4.010833, "s2:cloud_shadow_percentage": 0.0, "s2:high_proba_clouds_percentage": 0.0, "s2:datatake_id": "GS2B_20241204T185659_040465_N05.11", "s2:thin_cirrus_percentage": 0.00074, "s2:mean_solar_zenith": 61.909361329797797, "s2:granule_id": "S2B_OPER_MSI_L2A_TL_2BPS_20241204T204216_A040465_T10SFH_N05.11", "platform": "Sentinel-2B", "sat:relative_orbit": 113, "eo:cloud_cover": 0.001009, "s2:reflectance_conversion_factor": 1.02871767058948, "s2:datastrip_id": "S2B_OPER_MSI_L2A_DS_2BPS_20241204T204216_S20241204T185656_N05.11", "constellation": "Sentinel 2", "s2:datatake_type": "INS-NOBS", "s2:nodata_pixel_percentage": 0.0, "proj:code": "EPSG:32610", "s2:mgrs_tile": "10SFH", "s2:mean_solar_azimuth": 166.48490653242499, "s2:not_vegetated_percentage": 74.881774, "s2:generation_time": "2024-12-04T20:42:16.000000Z", "s2:saturated_defective_pixel_percentage": 0.0, "sat:orbit_state": "descending", "proj:bbox": "{600000.0, 4190220.0, 4300020.0, 709800.0}", "epsg": 32630, "spatial_ref": 0, "is_debris": 1.0, "nir_val": 0.10144581192496116, "re2_val": 0.092721695482431699, "swir1_val": 0.040941407207648925, "red_val": 0.048456260720411676, "FDI_val": 0.10570941829053528, "FDI": 0.10570941829053528, "longitude": -121.62418204259436, "latitude": 38.192368090804095, "location": "<a href=\"https://www.google.com/maps?q=38.192368090804095,-121.62418204259436\" target=\"_blank\">click me</a>" }, "geometry": { "type": "Point", "coordinates": [ -121.624182042594356, 38.192368090804095 ] } },
{ "type": "Feature", "properties": { "y": 13484971.96547981, "x": -4917661.3950956538, "time": "2024-12-04T18:56:59.024", "id": "S2B_MSIL2A_20241204T185659_R113_T10SFH_20241204T204216", "s2:product_type": "S2MSI2A", "s2:unclassified_percentage": 0.011178, "s2:medium_proba_clouds_percentage": 0.000269, "s2:processing_baseline": "05.11", "s2:snow_ice_percentage": 0.000163, "s2:degraded_msi_data_percentage": 0.0027, "instruments": "msi", "s2:vegetation_percentage": 19.817396, "s2:product_uri": "S2B_MSIL2A_20241204T185659_N0511_R113_T10SFH_20241204T204216.SAFE", "s2:water_percentage": 4.010833, "s2:cloud_shadow_percentage": 0.0, "s2:high_proba_clouds_percentage": 0.0, "s2:datatake_id": "GS2B_20241204T185659_040465_N05.11", "s2:thin_cirrus_percentage": 0.00074, "s2:mean_solar_zenith": 61.909361329797797, "s2:granule_id": "S2B_OPER_MSI_L2A_TL_2BPS_20241204T204216_A040465_T10SFH_N05.11", "platform": "Sentinel-2B", "sat:relative_orbit": 113, "eo:cloud_cover": 0.001009, "s2:reflectance_conversion_factor": 1.02871767058948, "s2:datastrip_id": "S2B_OPER_MSI_L2A_DS_2BPS_20241204T204216_S20241204T185656_N05.11", "constellation": "Sentinel 2", "s2:datatake_type": "INS-NOBS", "s2:nodata_pixel_percentage": 0.0, "proj:code": "EPSG:32610", "s2:mgrs_tile": "10SFH", "s2:mean_solar_azimuth": 166.48490653242499, "s2:not_vegetated_percentage": 74.881774, "s2:generation_time": "2024-12-04T20:42:16.000000Z", "s2:saturated_defective_pixel_percentage": 0.0, "sat:orbit_state": "descending", "proj:bbox": "{600000.0, 4190220.0, 4300020.0, 709800.0}", "epsg": 32630, "spatial_ref": 0, "is_debris": 1.0, "nir_val": 0.12845023300274824, "re2_val": 0.1119631901840491, "swir1_val": 0.052341260112772722, "red_val": 0.056925385934819911, "FDI_val": 0.12815986422204217, "FDI": 0.12815986422204217, "longitude": -121.58643292752954, "latitude": 38.158663342058183, "location": "<a href=\"https://www.google.com/maps?q=38.15866334205818,-121.58643292752954\" target=\"_blank\">click me</a>" }, "geometry": { "type": "Point", "coordinates": [ -121.586432927529543, 38.158663342058183 ] } },
{ "type": "Feature", "properties": { "y": 13484892.483502006, "x": -4915515.0034941053, "time": "2024-12-04T18:56:59.024", "id": "S2B_MSIL2A_20241204T185659_R113_T10SFH_20241204T204216", "s2:product_type": "S2MSI2A", "s2:unclassified_percentage": 0.011178, "s2:medium_proba_clouds_percentage": 0.000269, "s2:processing_baseline": "05.11", "s2:snow_ice_percentage": 0.000163, "s2:degraded_msi_data_percentage": 0.0027, "instruments": "msi", "s2:vegetation_percentage": 19.817396, "s2:product_uri": "S2B_MSIL2A_20241204T185659_N0511_R113_T10SFH_20241204T204216.SAFE", "s2:water_percentage": 4.010833, "s2:cloud_shadow_percentage": 0.0, "s2:high_proba_clouds_percentage": 0.0, "s2:datatake_id": "GS2B_20241204T185659_040465_N05.11", "s2:thin_cirrus_percentage": 0.00074, "s2:mean_solar_zenith": 61.909361329797797, "s2:granule_id": "S2B_OPER_MSI_L2A_TL_2BPS_20241204T204216_A040465_T10SFH_N05.11", "platform": "Sentinel-2B", "sat:relative_orbit": 113, "eo:cloud_cover": 0.001009, "s2:reflectance_conversion_factor": 1.02871767058948, "s2:datastrip_id": "S2B_OPER_MSI_L2A_DS_2BPS_20241204T204216_S20241204T185656_N05.11", "constellation": "Sentinel 2", "s2:datatake_type": "INS-NOBS", "s2:nodata_pixel_percentage": 0.0, "proj:code": "EPSG:32610", "s2:mgrs_tile": "10SFH", "s2:mean_solar_azimuth": 166.48490653242499, "s2:not_vegetated_percentage": 74.881774, "s2:generation_time": "2024-12-04T20:42:16.000000Z", "s2:saturated_defective_pixel_percentage": 0.0, "sat:orbit_state": "descending", "proj:bbox": "{600000.0, 4190220.0, 4300020.0, 709800.0}", "epsg": 32630, "spatial_ref": 0, "is_debris": 1.0, "nir_val": 0.1688373760305891, "re2_val": 0.18460680423870607, "swir1_val": 0.1219661681784751, "red_val": 0.15501715265866209, "FDI_val": 0.10155747742850611, "FDI": 0.10155747742850611, "longitude": -121.59764350705292, "latitude": 38.169521101556455, "location": "<a href=\"https://www.google.com/maps?q=38.169521101556455,-121.59764350705292\" target=\"_blank\">click me</a>" }, "geometry": { "type": "Point", "coordinates": [ -121.597643507052922, 38.169521101556455 ] } },
{ "type": "Feature", "properties": { "y": 13484654.037568599, "x": -4901165.9781578276, "time": "2024-12-04T18:56:59.024", "id": "S2B_MSIL2A_20241204T185659_R113_T10SFH_20241204T204216", "s2:product_type": "S2MSI2A", "s2:unclassified_percentage": 0.011178, "s2:medium_proba_clouds_percentage": 0.000269, "s2:processing_baseline": "05.11", "s2:snow_ice_percentage": 0.000163, "s2:degraded_msi_data_percentage": 0.0027, "instruments": "msi", "s2:vegetation_percentage": 19.817396, "s2:product_uri": "S2B_MSIL2A_20241204T185659_N0511_R113_T10SFH_20241204T204216.SAFE", "s2:water_percentage": 4.010833, "s2:cloud_shadow_percentage": 0.0, "s2:high_proba_clouds_percentage": 0.0, "s2:datatake_id": "GS2B_20241204T185659_040465_N05.11", "s2:thin_cirrus_percentage": 0.00074, "s2:mean_solar_zenith": 61.909361329797797, "s2:granule_id": "S2B_OPER_MSI_L2A_TL_2BPS_20241204T204216_A040465_T10SFH_N05.11", "platform": "Sentinel-2B", "sat:relative_orbit": 113, "eo:cloud_cover": 0.001009, "s2:reflectance_conversion_factor": 1.02871767058948, "s2:datastrip_id": "S2B_OPER_MSI_L2A_DS_2BPS_20241204T204216_S20241204T185656_N05.11", "constellation": "Sentinel 2", "s2:datatake_type": "INS-NOBS", "s2:nodata_pixel_percentage": 0.0, "proj:code": "EPSG:32610", "s2:mgrs_tile": "10SFH", "s2:mean_solar_azimuth": 166.48490653242499, "s2:not_vegetated_percentage": 74.881774, "s2:generation_time": "2024-12-04T20:42:16.000000Z", "s2:saturated_defective_pixel_percentage": 0.0, "sat:orbit_state": "descending", "proj:bbox": "{600000.0, 4190220.0, 4300020.0, 709800.0}", "epsg": 32630, "spatial_ref": 0, "is_debris": 1.0, "nir_val": 0.07013980164894254, "re2_val": 0.096765197992191881, "swir1_val": 0.030277028683500837, "red_val": 0.030338765008576324, "FDI_val": 0.097908000139695764, "FDI": 0.097908000139695764, "longitude": -121.67455941652345, "latitude": 38.240881197380602, "location": "<a href=\"https://www.google.com/maps?q=38.2408811973806,-121.67455941652345\" target=\"_blank\">click me</a>" }, "geometry": { "type": "Point", "coordinates": [ -121.674559416523451, 38.240881197380602 ] } },
{ "type": "Feature", "properties": { "y": 13484554.685096346, "x": -4901285.2221356919, "time": "2024-12-04T18:56:59.024", "id": "S2B_MSIL2A_20241204T185659_R113_T10SFH_20241204T204216", "s2:product_type": "S2MSI2A", "s2:unclassified_percentage": 0.011178, "s2:medium_proba_clouds_percentage": 0.000269, "s2:processing_baseline": "05.11", "s2:snow_ice_percentage": 0.000163, "s2:degraded_msi_data_percentage": 0.0027, "instruments": "msi", "s2:vegetation_percentage": 19.817396, "s2:product_uri": "S2B_MSIL2A_20241204T185659_N0511_R113_T10SFH_20241204T204216.SAFE", "s2:water_percentage": 4.010833, "s2:cloud_shadow_percentage": 0.0, "s2:high_proba_clouds_percentage": 0.0, "s2:datatake_id": "GS2B_20241204T185659_040465_N05.11", "s2:thin_cirrus_percentage": 0.00074, "s2:mean_solar_zenith": 61.909361329797797, "s2:granule_id": "S2B_OPER_MSI_L2A_TL_2BPS_20241204T204216_A040465_T10SFH_N05.11", "platform": "Sentinel-2B", "sat:relative_orbit": 113, "eo:cloud_cover": 0.001009, "s2:reflectance_conversion_factor": 1.02871767058948, "s2:datastrip_id": "S2B_OPER_MSI_L2A_DS_2BPS_20241204T204216_S20241204T185656_N05.11", "constellation": "Sentinel 2", "s2:datatake_type": "INS-NOBS", "s2:nodata_pixel_percentage": 0.0, "proj:code": "EPSG:32610", "s2:mgrs_tile": "10SFH", "s2:mean_solar_azimuth": 166.48490653242499, "s2:not_vegetated_percentage": 74.881774, "s2:generation_time": "2024-12-04T20:42:16.000000Z", "s2:saturated_defective_pixel_percentage": 0.0, "sat:orbit_state": "descending", "proj:bbox": "{600000.0, 4190220.0, 4300020.0, 709800.0}", "epsg": 32630, "spatial_ref": 0, "is_debris": 1.0, "nir_val": 0.1160234197634126, "re2_val": 0.12506971556051311, "swir1_val": 0.056754106398627116, "red_val": 0.050385934819897088, "FDI_val": 0.11890992453786053, "FDI": 0.11890992453786053, "longitude": -121.67328909124062, "latitude": 38.240725320195416, "location": "<a href=\"https://www.google.com/maps?q=38.240725320195416,-121.67328909124062\" target=\"_blank\">click me</a>" }, "geometry": { "type": "Point", "coordinates": [ -121.673289091240619, 38.240725320195416 ] } },
{ "type": "Feature", "properties": { "y": 13484534.814601894, "x": -4901086.4821725851, "time": "2024-12-04T18:56:59.024", "id": "S2B_MSIL2A_20241204T185659_R113_T10SFH_20241204T204216", "s2:product_type": "S2MSI2A", "s2:unclassified_percentage": 0.011178, "s2:medium_proba_clouds_percentage": 0.000269, "s2:processing_baseline": "05.11", "s2:snow_ice_percentage": 0.000163, "s2:degraded_msi_data_percentage": 0.0027, "instruments": "msi", "s2:vegetation_percentage": 19.817396, "s2:product_uri": "S2B_MSIL2A_20241204T185659_N0511_R113_T10SFH_20241204T204216.SAFE", "s2:water_percentage": 4.010833, "s2:cloud_shadow_percentage": 0.0, "s2:high_proba_clouds_percentage": 0.0, "s2:datatake_id": "GS2B_20241204T185659_040465_N05.11", "s2:thin_cirrus_percentage": 0.00074, "s2:mean_solar_zenith": 61.909361329797797, "s2:granule_id": "S2B_OPER_MSI_L2A_TL_2BPS_20241204T204216_A040465_T10SFH_N05.11", "platform": "Sentinel-2B", "sat:relative_orbit": 113, "eo:cloud_cover": 0.001009, "s2:reflectance_conversion_factor": 1.02871767058948, "s2:datastrip_id": "S2B_OPER_MSI_L2A_DS_2BPS_20241204T204216_S20241204T185656_N05.11", "constellation": "Sentinel 2", "s2:datatake_type": "INS-NOBS", "s2:nodata_pixel_percentage": 0.0, "proj:code": "EPSG:32610", "s2:mgrs_tile": "10SFH", "s2:mean_solar_azimuth": 166.48490653242499, "s2:not_vegetated_percentage": 74.881774, "s2:generation_time": "2024-12-04T20:42:16.000000Z", "s2:saturated_defective_pixel_percentage": 0.0, "sat:orbit_state": "descending", "proj:bbox": "{600000.0, 4190220.0, 4300020.0, 709800.0}", "epsg": 32630, "spatial_ref": 0, "is_debris": 1.0, "nir_val": 0.047078504002867727, "re2_val": 0.087005019520356941, "swir1_val": 0.021941652365775929, "red_val": 0.032697255574614059, "FDI_val": 0.081938203914900587, "FDI": 0.081938203914900587, "longitude": -121.67425323120283, "latitude": 38.241785632107401, "location": "<a href=\"https://www.google.com/maps?q=38.2417856321074,-121.67425323120283\" target=\"_blank\">click me</a>" }, "geometry": { "type": "Point", "coordinates": [ -121.674253231202826, 38.241785632107401 ] } },
{ "type": "Feature", "properties": { "y": 13484514.944107443, "x": -4902040.4339954956, "time": "2024-12-04T18:56:59.024", "id": "S2B_MSIL2A_20241204T185659_R113_T10SFH_20241204T204216", "s2:product_type": "S2MSI2A", "s2:unclassified_percentage": 0.011178, "s2:medium_proba_clouds_percentage": 0.000269, "s2:processing_baseline": "05.11", "s2:snow_ice_percentage": 0.000163, "s2:degraded_msi_data_percentage": 0.0027, "instruments": "msi", "s2:vegetation_percentage": 19.817396, "s2:product_uri": "S2B_MSIL2A_20241204T185659_N0511_R113_T10SFH_20241204T204216.SAFE", "s2:water_percentage": 4.010833, "s2:cloud_shadow_percentage": 0.0, "s2:high_proba_clouds_percentage": 0.0, "s2:datatake_id": "GS2B_20241204T185659_040465_N05.11", "s2:thin_cirrus_percentage": 0.00074, "s2:mean_solar_zenith": 61.909361329797797, "s2:granule_id": "S2B_OPER_MSI_L2A_TL_2BPS_20241204T204216_A040465_T10SFH_N05.11", "platform": "Sentinel-2B", "sat:relative_orbit": 113, "eo:cloud_cover": 0.001009, "s2:reflectance_conversion_factor": 1.02871767058948, "s2:datastrip_id": "S2B_OPER_MSI_L2A_DS_2BPS_20241204T204216_S20241204T185656_N05.11", "constellation": "Sentinel 2", "s2:datatake_type": "INS-NOBS", "s2:nodata_pixel_percentage": 0.0, "proj:code": "EPSG:32610", "s2:mgrs_tile": "10SFH", "s2:mean_solar_azimuth": 166.48490653242499, "s2:not_vegetated_percentage": 74.881774, "s2:generation_time": "2024-12-04T20:42:16.000000Z", "s2:saturated_defective_pixel_percentage": 0.0, "sat:orbit_state": "descending", "proj:bbox": "{600000.0, 4190220.0, 4300020.0, 709800.0}", "epsg": 32630, "spatial_ref": 0, "is_debris": 1.0, "nir_val": 0.078981957223085208, "re2_val": 0.13399330730619075, "swir1_val": 0.028806079921549391, "red_val": 0.020904802744425383, "FDI_val": 0.14200599644685763, "FDI": 0.14200599644685763, "longitude": -121.66890929575308, "latitude": 38.237193665586176, "location": "<a href=\"https://www.google.com/maps?q=38.237193665586176,-121.66890929575308\" target=\"_blank\">click me</a>" }, "geometry": { "type": "Point", "coordinates": [ -121.668909295753082, 38.237193665586176 ] } },
{ "type": "Feature", "properties": { "y": 13484475.203118542, "x": -4901205.7261504494, "time": "2024-12-04T18:56:59.024", "id": "S2B_MSIL2A_20241204T185659_R113_T10SFH_20241204T204216", "s2:product_type": "S2MSI2A", "s2:unclassified_percentage": 0.011178, "s2:medium_proba_clouds_percentage": 0.000269, "s2:processing_baseline": "05.11", "s2:snow_ice_percentage": 0.000163, "s2:degraded_msi_data_percentage": 0.0027, "instruments": "msi", "s2:vegetation_percentage": 19.817396, "s2:product_uri": "S2B_MSIL2A_20241204T185659_N0511_R113_T10SFH_20241204T204216.SAFE", "s2:water_percentage": 4.010833, "s2:cloud_shadow_percentage": 0.0, "s2:high_proba_clouds_percentage": 0.0, "s2:datatake_id": "GS2B_20241204T185659_040465_N05.11", "s2:thin_cirrus_percentage": 0.00074, "s2:mean_solar_zenith": 61.909361329797797, "s2:granule_id": "S2B_OPER_MSI_L2A_TL_2BPS_20241204T204216_A040465_T10SFH_N05.11", "platform": "Sentinel-2B", "sat:relative_orbit": 113, "eo:cloud_cover": 0.001009, "s2:reflectance_conversion_factor": 1.02871767058948, "s2:datastrip_id": "S2B_OPER_MSI_L2A_DS_2BPS_20241204T204216_S20241204T185656_N05.11", "constellation": "Sentinel 2", "s2:datatake_type": "INS-NOBS", "s2:nodata_pixel_percentage": 0.0, "proj:code": "EPSG:32610", "s2:mgrs_tile": "10SFH", "s2:mean_solar_azimuth": 166.48490653242499, "s2:not_vegetated_percentage": 74.881774, "s2:generation_time": "2024-12-04T20:42:16.000000Z", "s2:saturated_defective_pixel_percentage": 0.0, "sat:orbit_state": "descending", "proj:bbox": "{600000.0, 4190220.0, 4300020.0, 709800.0}", "epsg": 32630, "spatial_ref": 0, "is_debris": 1.0, "nir_val": 0.076592185446289873, "re2_val": 0.094534300055772458, "swir1_val": 0.039347879382201509, "red_val": 0.039879931389365353, "FDI_val": 0.085422927287047118, "FDI": 0.085422927287047118, "longitude": -121.67322997688588, "latitude": 38.241458204946632, "location": "<a href=\"https://www.google.com/maps?q=38.24145820494663,-121.67322997688588\" target=\"_blank\">click me</a>" }, "geometry": { "type": "Point", "coordinates": [ -121.673229976885878, 38.241458204946632 ] } },
{ "type": "Feature", "properties": { "y": 13484455.332624091, "x": -4901960.938010253, "time": "2024-12-04T18:56:59.024", "id": "S2B_MSIL2A_20241204T185659_R113_T10SFH_20241204T204216", "s2:product_type": "S2MSI2A", "s2:unclassified_percentage": 0.011178, "s2:medium_proba_clouds_percentage": 0.000269, "s2:processing_baseline": "05.11", "s2:snow_ice_percentage": 0.000163, "s2:degraded_msi_data_percentage": 0.0027, "instruments": "msi", "s2:vegetation_percentage": 19.817396, "s2:product_uri": "S2B_MSIL2A_20241204T185659_N0511_R113_T10SFH_20241204T204216.SAFE", "s2:water_percentage": 4.010833, "s2:cloud_shadow_percentage": 0.0, "s2:high_proba_clouds_percentage": 0.0, "s2:datatake_id": "GS2B_20241204T185659_040465_N05.11", "s2:thin_cirrus_percentage": 0.00074, "s2:mean_solar_zenith": 61.909361329797797, "s2:granule_id": "S2B_OPER_MSI_L2A_TL_2BPS_20241204T204216_A040465_T10SFH_N05.11", "platform": "Sentinel-2B", "sat:relative_orbit": 113, "eo:cloud_cover": 0.001009, "s2:reflectance_conversion_factor": 1.02871767058948, "s2:datastrip_id": "S2B_OPER_MSI_L2A_DS_2BPS_20241204T204216_S20241204T185656_N05.11", "constellation": "Sentinel 2", "s2:datatake_type": "INS-NOBS", "s2:nodata_pixel_percentage": 0.0, "proj:code": "EPSG:32610", "s2:mgrs_tile": "10SFH", "s2:mean_solar_azimuth": 166.48490653242499, "s2:not_vegetated_percentage": 74.881774, "s2:generation_time": "2024-12-04T20:42:16.000000Z", "s2:saturated_defective_pixel_percentage": 0.0, "sat:orbit_state": "descending", "proj:bbox": "{600000.0, 4190220.0, 4300020.0, 709800.0}", "epsg": 32630, "spatial_ref": 0, "is_debris": 1.0, "nir_val": 0.066316166806070026, "re2_val": 0.11809815950920247, "swir1_val": 0.019490071095856834, "red_val": 0.0082547169811320875, "FDI_val": 0.13291252210281651, "FDI": 0.13291252210281651, "longitude": -121.66897367677049, "latitude": 38.237840733916869, "location": "<a href=\"https://www.google.com/maps?q=38.23784073391687,-121.66897367677049\" target=\"_blank\">click me</a>" }, "geometry": { "type": "Point", "coordinates": [ -121.668973676770491, 38.237840733916869 ] } },
{ "type": "Feature", "properties": { "y": 13484455.332624091, "x": -4901046.7341799643, "time": "2024-12-04T18:56:59.024", "id": "S2B_MSIL2A_20241204T185659_R113_T10SFH_20241204T204216", "s2:product_type": "S2MSI2A", "s2:unclassified_percentage": 0.011178, "s2:medium_proba_clouds_percentage": 0.000269, "s2:processing_baseline": "05.11", "s2:snow_ice_percentage": 0.000163, "s2:degraded_msi_data_percentage": 0.0027, "instruments": "msi", "s2:vegetation_percentage": 19.817396, "s2:product_uri": "S2B_MSIL2A_20241204T185659_N0511_R113_T10SFH_20241204T204216.SAFE", "s2:water_percentage": 4.010833, "s2:cloud_shadow_percentage": 0.0, "s2:high_proba_clouds_percentage": 0.0, "s2:datatake_id": "GS2B_20241204T185659_040465_N05.11", "s2:thin_cirrus_percentage": 0.00074, "s2:mean_solar_zenith": 61.909361329797797, "s2:granule_id": "S2B_OPER_MSI_L2A_TL_2BPS_20241204T204216_A040465_T10SFH_N05.11", "platform": "Sentinel-2B", "sat:relative_orbit": 113, "eo:cloud_cover": 0.001009, "s2:reflectance_conversion_factor": 1.02871767058948, "s2:datastrip_id": "S2B_OPER_MSI_L2A_DS_2BPS_20241204T204216_S20241204T185656_N05.11", "constellation": "Sentinel 2", "s2:datatake_type": "INS-NOBS", "s2:nodata_pixel_percentage": 0.0, "proj:code": "EPSG:32610", "s2:mgrs_tile": "10SFH", "s2:mean_solar_azimuth": 166.48490653242499, "s2:not_vegetated_percentage": 74.881774, "s2:generation_time": "2024-12-04T20:42:16.000000Z", "s2:saturated_defective_pixel_percentage": 0.0, "sat:orbit_state": "descending", "proj:bbox": "{600000.0, 4190220.0, 4300020.0, 709800.0}", "epsg": 32630, "spatial_ref": 0, "is_debris": 1.0, "nir_val": 0.19655872864141474, "re2_val": 0.09021193530395985, "swir1_val": 0.028806079921549391, "red_val": 0.04138078902229847, "FDI_val": 0.22136093516482686, "FDI": 0.22136093516482686, "longitude": -121.67397657980001, "latitude": 38.242323619700151, "location": "<a href=\"https://www.google.com/maps?q=38.24232361970015,-121.67397657980001\" target=\"_blank\">click me</a>" }, "geometry": { "type": "Point", "coordinates": [ -121.673976579800012, 38.242323619700151 ] } },
{ "type": "Feature", "properties": { "y": 13484435.462129641, "x": -4901941.0640139431, "time": "2024-12-04T18:56:59.024", "id": "S2B_MSIL2A_20241204T185659_R113_T10SFH_20241204T204216", "s2:product_type": "S2MSI2A", "s2:unclassified_percentage": 0.011178, "s2:medium_proba_clouds_percentage": 0.000269, "s2:processing_baseline": "05.11", "s2:snow_ice_percentage": 0.000163, "s2:degraded_msi_data_percentage": 0.0027, "instruments": "msi", "s2:vegetation_percentage": 19.817396, "s2:product_uri": "S2B_MSIL2A_20241204T185659_N0511_R113_T10SFH_20241204T204216.SAFE", "s2:water_percentage": 4.010833, "s2:cloud_shadow_percentage": 0.0, "s2:high_proba_clouds_percentage": 0.0, "s2:datatake_id": "GS2B_20241204T185659_040465_N05.11", "s2:thin_cirrus_percentage": 0.00074, "s2:mean_solar_zenith": 61.909361329797797, "s2:granule_id": "S2B_OPER_MSI_L2A_TL_2BPS_20241204T204216_A040465_T10SFH_N05.11", "platform": "Sentinel-2B", "sat:relative_orbit": 113, "eo:cloud_cover": 0.001009, "s2:reflectance_conversion_factor": 1.02871767058948, "s2:datastrip_id": "S2B_OPER_MSI_L2A_DS_2BPS_20241204T204216_S20241204T185656_N05.11", "constellation": "Sentinel 2", "s2:datatake_type": "INS-NOBS", "s2:nodata_pixel_percentage": 0.0, "proj:code": "EPSG:32610", "s2:mgrs_tile": "10SFH", "s2:mean_solar_azimuth": 166.48490653242499, "s2:not_vegetated_percentage": 74.881774, "s2:generation_time": "2024-12-04T20:42:16.000000Z", "s2:saturated_defective_pixel_percentage": 0.0, "sat:orbit_state": "descending", "proj:bbox": "{600000.0, 4190220.0, 4300020.0, 709800.0}", "epsg": 32630, "spatial_ref": 0, "is_debris": 1.0, "nir_val": 0.087824112797227877, "re2_val": 0.13371444506413832, "swir1_val": 0.019367492032360864, "red_val": 0.0072898799313893675, "FDI_val": 0.16828332579260921, "FDI": 0.16828332579260921, "longitude": -121.66895888732434, "latitude": 38.238023940635479, "location": "<a href=\"https://www.google.com/maps?q=38.23802394063548,-121.66895888732434\" target=\"_blank\">click me</a>" }, "geometry": { "type": "Point", "coordinates": [ -121.668958887324337, 38.238023940635479 ] } },
{ "type": "Feature", "properties": { "y": 13484415.59163519, "x": -4917383.1591473045, "time": "2024-12-04T18:56:59.024", "id": "S2B_MSIL2A_20241204T185659_R113_T10SFH_20241204T204216", "s2:product_type": "S2MSI2A", "s2:unclassified_percentage": 0.011178, "s2:medium_proba_clouds_percentage": 0.000269, "s2:processing_baseline": "05.11", "s2:snow_ice_percentage": 0.000163, "s2:degraded_msi_data_percentage": 0.0027, "instruments": "msi", "s2:vegetation_percentage": 19.817396, "s2:product_uri": "S2B_MSIL2A_20241204T185659_N0511_R113_T10SFH_20241204T204216.SAFE", "s2:water_percentage": 4.010833, "s2:cloud_shadow_percentage": 0.0, "s2:high_proba_clouds_percentage": 0.0, "s2:datatake_id": "GS2B_20241204T185659_040465_N05.11", "s2:thin_cirrus_percentage": 0.00074, "s2:mean_solar_zenith": 61.909361329797797, "s2:granule_id": "S2B_OPER_MSI_L2A_TL_2BPS_20241204T204216_A040465_T10SFH_N05.11", "platform": "Sentinel-2B", "sat:relative_orbit": 113, "eo:cloud_cover": 0.001009, "s2:reflectance_conversion_factor": 1.02871767058948, "s2:datastrip_id": "S2B_OPER_MSI_L2A_DS_2BPS_20241204T204216_S20241204T185656_N05.11", "constellation": "Sentinel 2", "s2:datatake_type": "INS-NOBS", "s2:nodata_pixel_percentage": 0.0, "proj:code": "EPSG:32610", "s2:mgrs_tile": "10SFH", "s2:mean_solar_azimuth": 166.48490653242499, "s2:not_vegetated_percentage": 74.881774, "s2:generation_time": "2024-12-04T20:42:16.000000Z", "s2:saturated_defective_pixel_percentage": 0.0, "sat:orbit_state": "descending", "proj:bbox": "{600000.0, 4190220.0, 4300020.0, 709800.0}", "epsg": 32630, "spatial_ref": 0, "is_debris": 1.0, "nir_val": 0.070617756004301591, "re2_val": 0.10499163413273843, "swir1_val": 0.041922039715616574, "red_val": 0.049099485420240147, "FDI_val": 0.08375647331950567, "FDI": 0.08375647331950567, "longitude": -121.58449745624389, "latitude": 38.162421178539219, "location": "<a href=\"https://www.google.com/maps?q=38.16242117853922,-121.5844974562439\" target=\"_blank\">click me</a>" }, "geometry": { "type": "Point", "coordinates": [ -121.584497456243895, 38.162421178539219 ] } },
{ "type": "Feature", "properties": { "y": 13484415.59163519, "x": -4901921.1900176322, "time": "2024-12-04T18:56:59.024", "id": "S2B_MSIL2A_20241204T185659_R113_T10SFH_20241204T204216", "s2:product_type": "S2MSI2A", "s2:unclassified_percentage": 0.011178, "s2:medium_proba_clouds_percentage": 0.000269, "s2:processing_baseline": "05.11", "s2:snow_ice_percentage": 0.000163, "s2:degraded_msi_data_percentage": 0.0027, "instruments": "msi", "s2:vegetation_percentage": 19.817396, "s2:product_uri": "S2B_MSIL2A_20241204T185659_N0511_R113_T10SFH_20241204T204216.SAFE", "s2:water_percentage": 4.010833, "s2:cloud_shadow_percentage": 0.0, "s2:high_proba_clouds_percentage": 0.0, "s2:datatake_id": "GS2B_20241204T185659_040465_N05.11", "s2:thin_cirrus_percentage": 0.00074, "s2:mean_solar_zenith": 61.909361329797797, "s2:granule_id": "S2B_OPER_MSI_L2A_TL_2BPS_20241204T204216_A040465_T10SFH_N05.11", "platform": "Sentinel-2B", "sat:relative_orbit": 113, "eo:cloud_cover": 0.001009, "s2:reflectance_conversion_factor": 1.02871767058948, "s2:datastrip_id": "S2B_OPER_MSI_L2A_DS_2BPS_20241204T204216_S20241204T185656_N05.11", "constellation": "Sentinel 2", "s2:datatake_type": "INS-NOBS", "s2:nodata_pixel_percentage": 0.0, "proj:code": "EPSG:32610", "s2:mgrs_tile": "10SFH", "s2:mean_solar_azimuth": 166.48490653242499, "s2:not_vegetated_percentage": 74.881774, "s2:generation_time": "2024-12-04T20:42:16.000000Z", "s2:saturated_defective_pixel_percentage": 0.0, "sat:orbit_state": "descending", "proj:bbox": "{600000.0, 4190220.0, 4300020.0, 709800.0}", "epsg": 32630, "spatial_ref": 0, "is_debris": 1.0, "nir_val": 0.10025092603656352, "re2_val": 0.14472950362520917, "swir1_val": 0.026231919588134325, "red_val": 0.013078902229845646, "FDI_val": 0.17746927822682784, "FDI": 0.17746927822682784, "longitude": -121.66894409727711, "latitude": 38.23820714771675, "location": "<a href=\"https://www.google.com/maps?q=38.23820714771675,-121.6689440972771\" target=\"_blank\">click me</a>" }, "geometry": { "type": "Point", "coordinates": [ -121.668944097277105, 38.23820714771675 ] } }
]
}
